<?xml version="1.0" encoding="UTF-8"?>
<alto xmlns:xsi="http://www.w3.org/2001/XMLSchema-instance" xsi:noNamespaceSchemaLocation="http://www.bl.uk/schemas/alto/alto-1-4.xsd" xmlns:xlink="http://www.w3.org/1999/xlink">
	<Description>
		<MeasurementUnit>mm10</MeasurementUnit>
		<sourceImageInformation>
			<fileName>//head1/IN/2008-20/A0011615688/004635.jp2</fileName>
		</sourceImageInformation>
		<OCRProcessing ID="OCRPROCESSING_1">
			<preProcessingStep>
				<processingSoftware>
					<softwareCreator>CCS Content Conversion Specialists GmbH, Germany</softwareCreator>
					<softwareName>CCS docWORKS</softwareName>
					<softwareVersion>6.1-0.67</softwareVersion>
				</processingSoftware>
			</preProcessingStep>
			<ocrProcessingStep>
				<processingSoftware>
					<softwareCreator>ABBYY (BIT Software), Russia</softwareCreator>
					<softwareName>Finereader</softwareName>
				</processingSoftware>
			</ocrProcessingStep>
		</OCRProcessing>
	</Description>
	<Styles>
		<TextStyle ID="TXT_0" FONTSIZE="10" FONTFAMILY="Courier New"/>
		<TextStyle ID="TXT_1" FONTSIZE="9" FONTFAMILY="Courier New"/>
		<ParagraphStyle ID="PAR_CENTER" ALIGN="Center"/>
		<ParagraphStyle ID="PAR_LEFT" ALIGN="Left"/>
	</Styles>
	<Layout>
		<Page ID="P177" PHYSICAL_IMG_NR="177" HEIGHT="1823" WIDTH="1139" POSITION="Right" ACCURACY="71.74">
			<TopMargin ID="P177_TM00001" HPOS="0" VPOS="0" WIDTH="1138" HEIGHT="519"/>
			<LeftMargin ID="P177_LM00001" HPOS="0" VPOS="519" WIDTH="104" HEIGHT="1184"/>
			<RightMargin ID="P177_RM00001" HPOS="958" VPOS="519" WIDTH="180" HEIGHT="1184"/>
			<BottomMargin ID="P177_BM00001" HPOS="0" VPOS="1703" WIDTH="1138" HEIGHT="119"/>
			<PrintSpace ID="P177_PS00001" HPOS="104" VPOS="519" WIDTH="854" HEIGHT="1184">
				<TextBlock ID="P177_TB00001" HPOS="331" VPOS="519" WIDTH="400" HEIGHT="27" STYLEREFS="TXT_0 PAR_CENTER">
					<TextLine ID="P177_TL00001" HPOS="331" VPOS="519" WIDTH="400" HEIGHT="27">
						<String ID="P177_ST00001" HPOS="331" VPOS="520" WIDTH="89" HEIGHT="26" CONTENT="VI.—" WC="0.80" CC="0008"/>
						<String ID="P177_ST00002" HPOS="421" VPOS="519" WIDTH="147" HEIGHT="27" CONTENT="TUDOR" WC="0.95" CC="00002"/>
						<SP ID="P177_SP00001" HPOS="568" VPOS="546" WIDTH="38"/>
						<String ID="P177_ST00003" HPOS="606" VPOS="520" WIDTH="125" HEIGHT="25" CONTENT="KENT." WC="0.78" CC="20610"/>
					</TextLine>
				</TextBlock>
				<TextBlock ID="P177_TB00002" HPOS="220" VPOS="596" WIDTH="624" HEIGHT="23" STYLEREFS="TXT_0 PAR_CENTER">
					<TextLine ID="P177_TL00002" HPOS="221" VPOS="596" WIDTH="623" HEIGHT="23">
						<String ID="P177_ST00004" HPOS="221" VPOS="596" WIDTH="72" HEIGHT="23" CONTENT="Part" WC="0.49" CC="7660"/>
						<SP ID="P177_SP00002" HPOS="293" VPOS="619" WIDTH="20"/>
						<String ID="P177_ST00005" HPOS="313" VPOS="597" WIDTH="21" HEIGHT="22" CONTENT="I." WC="1.00" CC="00"/>
						<String ID="P177_ST00006" HPOS="338" VPOS="612" WIDTH="31" HEIGHT="2" CONTENT="—" WC="0.20" CC="8"/>
						<String ID="P177_ST00007" HPOS="372" VPOS="597" WIDTH="99" HEIGHT="22" CONTENT="Henry" WC="0.50" CC="66902"/>
						<SP ID="P177_SP00003" HPOS="471" VPOS="619" WIDTH="19"/>
						<String ID="P177_ST00008" HPOS="490" VPOS="597" WIDTH="63" HEIGHT="22" CONTENT="VII." WC="1.00" CC="0000"/>
						<SP ID="P177_SP00004" HPOS="553" VPOS="619" WIDTH="21"/>
						<String ID="P177_ST00009" HPOS="574" VPOS="603" WIDTH="54" HEIGHT="16" CONTENT="and" WC="0.38" CC="098"/>
						<SP ID="P177_SP00005" HPOS="628" VPOS="619" WIDTH="19"/>
						<String ID="P177_ST00010" HPOS="647" VPOS="597" WIDTH="98" HEIGHT="22" CONTENT="Henry" WC="0.69" CC="71006"/>
						<SP ID="P177_SP00006" HPOS="745" VPOS="619" WIDTH="19"/>
						<String ID="P177_ST00011" HPOS="764" VPOS="596" WIDTH="80" HEIGHT="23" CONTENT="VIII." WC="0.88" CC="04010"/>
					</TextLine>
				</TextBlock>
				<TextBlock ID="P177_TB00003" HPOS="348" VPOS="739" WIDTH="371" HEIGHT="24" STYLEREFS="TXT_1 PAR_CENTER">
					<TextLine ID="P177_TL00003" HPOS="348" VPOS="740" WIDTH="371" HEIGHT="23">
						<String ID="P177_ST00012" HPOS="348" VPOS="740" WIDTH="99" HEIGHT="23" CONTENT="Henry" WC="0.22" CC="66996"/>
						<SP ID="P177_SP00007" HPOS="447" VPOS="763" WIDTH="21"/>
						<String ID="P177_ST00013" HPOS="468" VPOS="740" WIDTH="63" HEIGHT="23" CONTENT="A*II." WC="0.70" CC="90130"/>
						<SP ID="P177_SP00008" HPOS="531" VPOS="763" WIDTH="40"/>
						<String ID="P177_ST00014" HPOS="571" VPOS="741" WIDTH="148" HEIGHT="22" CONTENT="1485-1509." WC="0.64" CC="0745103670"/>
					</TextLine>
				</TextBlock>
				<TextBlock ID="P177_TB00004" HPOS="115" VPOS="790" WIDTH="840" HEIGHT="116" STYLEREFS="TXT_1 PAR_LEFT">
					<TextLine ID="P177_TL00004" HPOS="115" VPOS="790" WIDTH="840" HEIGHT="96">
						<String ID="P177_ST00015" HPOS="115" VPOS="790" WIDTH="51" HEIGHT="96" CONTENT="IN" WC="0.44" CC="47"/>
						<SP ID="P177_SP00009" HPOS="166" VPOS="886" WIDTH="16"/>
						<String ID="P177_ST00016" HPOS="182" VPOS="795" WIDTH="66" HEIGHT="23" CONTENT="1495" WC="0.41" CC="0769"/>
						<SP ID="P177_SP00010" HPOS="248" VPOS="886" WIDTH="14"/>
						<String ID="P177_ST00017" HPOS="262" VPOS="795" WIDTH="97" HEIGHT="23" CONTENT="Perkin" WC="0.63" CC="700068"/>
						<SP ID="P177_SP00011" HPOS="359" VPOS="886" WIDTH="12"/>
						<String ID="P177_ST00018" HPOS="371" VPOS="795" WIDTH="137" HEIGHT="29" CONTENT="AVarbeck," WC="0.74" CC="903070200"/>
						<SP ID="P177_SP00012" HPOS="508" VPOS="886" WIDTH="28"/>
						<String ID="P177_ST00019" HPOS="536" VPOS="804" WIDTH="15" HEIGHT="14" CONTENT="a" WC="0.56" CC="4"/>
						<SP ID="P177_SP00013" HPOS="551" VPOS="886" WIDTH="22"/>
						<String ID="P177_ST00020" HPOS="573" VPOS="798" WIDTH="114" HEIGHT="21" CONTENT="creature" WC="0.85" CC="02005300"/>
						<SP ID="P177_SP00014" HPOS="687" VPOS="886" WIDTH="20"/>
						<String ID="P177_ST00021" HPOS="707" VPOS="795" WIDTH="26" HEIGHT="24" CONTENT="of" WC="1.00" CC="00"/>
						<SP ID="P177_SP00015" HPOS="733" VPOS="886" WIDTH="20"/>
						<String ID="P177_ST00022" HPOS="753" VPOS="794" WIDTH="112" HEIGHT="24" CONTENT="Edward" WC="0.80" CC="200090"/>
						<SP ID="P177_SP00016" HPOS="865" VPOS="886" WIDTH="21"/>
						<String ID="P177_ST00023" HPOS="886" VPOS="795" WIDTH="48" HEIGHT="23" CONTENT="IV." WC="0.96" CC="100"/>
						<String ID="P177_ST00024" HPOS="939" VPOS="795" WIDTH="16" HEIGHT="23" CONTENT="'s" WC="0.50" CC="09"/>
					</TextLine>
					<TextLine ID="P177_TL00005" HPOS="176" VPOS="835" WIDTH="779" HEIGHT="32">
						<String ID="P177_ST00025" HPOS="176" VPOS="835" WIDTH="82" HEIGHT="28" CONTENT="sister," WC="0.59" CC="9590030"/>
						<SP ID="P177_SP00017" HPOS="258" VPOS="863" WIDTH="25"/>
						<String ID="P177_ST00026" HPOS="283" VPOS="835" WIDTH="45" HEIGHT="23" CONTENT="the" WC="1.00" CC="000"/>
						<SP ID="P177_SP00018" HPOS="328" VPOS="863" WIDTH="25"/>
						<String ID="P177_ST00027" HPOS="353" VPOS="835" WIDTH="116" HEIGHT="23" CONTENT="Duchess" WC="0.62" CC="0407067"/>
						<SP ID="P177_SP00019" HPOS="469" VPOS="863" WIDTH="23"/>
						<String ID="P177_ST00028" HPOS="492" VPOS="835" WIDTH="27" HEIGHT="23" CONTENT="of" WC="0.75" CC="40"/>
						<SP ID="P177_SP00020" HPOS="519" VPOS="863" WIDTH="19"/>
						<String ID="P177_ST00029" HPOS="538" VPOS="835" WIDTH="148" HEIGHT="32" CONTENT="Burgundy," WC="0.84" CC="520050000"/>
						<SP ID="P177_SP00021" HPOS="686" VPOS="867" WIDTH="21"/>
						<String ID="P177_ST00030" HPOS="707" VPOS="835" WIDTH="152" HEIGHT="32" CONTENT="pretending" WC="0.79" CC="0000019450"/>
						<SP ID="P177_SP00022" HPOS="859" VPOS="867" WIDTH="19"/>
						<String ID="P177_ST00031" HPOS="878" VPOS="837" WIDTH="27" HEIGHT="21" CONTENT="to" WC="0.89" CC="02"/>
						<SP ID="P177_SP00023" HPOS="905" VPOS="867" WIDTH="21"/>
						<String ID="P177_ST00032" HPOS="926" VPOS="835" WIDTH="29" HEIGHT="23" CONTENT="be" WC="0.63" CC="70"/>
					</TextLine>
					<TextLine ID="P177_TL00006" HPOS="177" VPOS="876" WIDTH="778" HEIGHT="30">
						<String ID="P177_ST00033" HPOS="177" VPOS="876" WIDTH="91" HEIGHT="24" CONTENT="Prince" WC="0.61" CC="770800"/>
						<SP ID="P177_SP00024" HPOS="268" VPOS="900" WIDTH="14"/>
						<String ID="P177_ST00034" HPOS="282" VPOS="876" WIDTH="119" HEIGHT="30" CONTENT="Edward," WC="0.85" CC="5000500"/>
						<SP ID="P177_SP00025" HPOS="401" VPOS="906" WIDTH="14"/>
						<String ID="P177_ST00035" HPOS="415" VPOS="884" WIDTH="48" HEIGHT="16" CONTENT="one" WC="0.82" CC="050"/>
						<SP ID="P177_SP00026" HPOS="463" VPOS="906" WIDTH="12"/>
						<String ID="P177_ST00036" HPOS="475" VPOS="876" WIDTH="27" HEIGHT="24" CONTENT="of" WC="1.00" CC="00"/>
						<SP ID="P177_SP00027" HPOS="502" VPOS="906" WIDTH="12"/>
						<String ID="P177_ST00037" HPOS="514" VPOS="876" WIDTH="44" HEIGHT="24" CONTENT="the" WC="0.66" CC="262"/>
						<SP ID="P177_SP00028" HPOS="558" VPOS="906" WIDTH="12"/>
						<String ID="P177_ST00038" HPOS="570" VPOS="884" WIDTH="87" HEIGHT="22" CONTENT="young" WC="0.79" CC="00180"/>
						<SP ID="P177_SP00029" HPOS="657" VPOS="906" WIDTH="17"/>
						<String ID="P177_ST00039" HPOS="674" VPOS="877" WIDTH="99" HEIGHT="29" CONTENT="princes" WC="0.63" CC="0917007"/>
						<SP ID="P177_SP00030" HPOS="773" VPOS="906" WIDTH="13"/>
						<String ID="P177_ST00040" HPOS="786" VPOS="876" WIDTH="54" HEIGHT="24" CONTENT="said" WC="0.72" CC="6040"/>
						<SP ID="P177_SP00031" HPOS="840" VPOS="906" WIDTH="13"/>
						<String ID="P177_ST00041" HPOS="853" VPOS="879" WIDTH="27" HEIGHT="22" CONTENT="to" WC="0.44" CC="55"/>
						<SP ID="P177_SP00032" HPOS="880" VPOS="906" WIDTH="12"/>
						<String ID="P177_ST00042" HPOS="892" VPOS="877" WIDTH="63" HEIGHT="23" CONTENT="have" WC="0.82" CC="7000"/>
					</TextLine>
				</TextBlock>
				<TextBlock ID="P177_TB00005" HPOS="106" VPOS="915" WIDTH="851" HEIGHT="548" STYLEREFS="TXT_1 PAR_LEFT">
					<TextLine ID="P177_TL00007" HPOS="110" VPOS="915" WIDTH="847" HEIGHT="33">
						<String ID="P177_ST00043" HPOS="110" VPOS="916" WIDTH="71" HEIGHT="29" CONTENT="been," WC="0.69" CC="70061"/>
						<SP ID="P177_SP00033" HPOS="181" VPOS="945" WIDTH="15"/>
						<String ID="P177_ST00044" HPOS="196" VPOS="915" WIDTH="52" HEIGHT="24" CONTENT="and" WC="0.76" CC="070"/>
						<SP ID="P177_SP00034" HPOS="248" VPOS="945" WIDTH="12"/>
						<String ID="P177_ST00045" HPOS="260" VPOS="923" WIDTH="57" HEIGHT="16" CONTENT="now" WC="0.35" CC="719"/>
						<SP ID="P177_SP00035" HPOS="317" VPOS="945" WIDTH="14"/>
						<String ID="P177_ST00046" HPOS="331" VPOS="916" WIDTH="94" HEIGHT="23" CONTENT="known" WC="0.87" CC="00104"/>
						<SP ID="P177_SP00036" HPOS="425" VPOS="945" WIDTH="13"/>
						<String ID="P177_ST00047" HPOS="438" VPOS="918" WIDTH="27" HEIGHT="21" CONTENT="to" WC="0.85" CC="02"/>
						<SP ID="P177_SP00037" HPOS="465" VPOS="945" WIDTH="13"/>
						<String ID="P177_ST00048" HPOS="478" VPOS="916" WIDTH="64" HEIGHT="23" CONTENT="have" WC="0.48" CC="7930"/>
						<SP ID="P177_SP00038" HPOS="542" VPOS="945" WIDTH="13"/>
						<String ID="P177_ST00049" HPOS="555" VPOS="915" WIDTH="71" HEIGHT="30" CONTENT="been," WC="0.94" CC="10001"/>
						<SP ID="P177_SP00039" HPOS="626" VPOS="945" WIDTH="14"/>
						<String ID="P177_ST00050" HPOS="640" VPOS="916" WIDTH="136" HEIGHT="23" CONTENT="murdered" WC="0.73" CC="04700630"/>
						<SP ID="P177_SP00040" HPOS="776" VPOS="945" WIDTH="19"/>
						<String ID="P177_ST00051" HPOS="795" VPOS="916" WIDTH="33" HEIGHT="32" CONTENT="by" WC="0.64" CC="70"/>
						<SP ID="P177_SP00041" HPOS="828" VPOS="948" WIDTH="15"/>
						<String ID="P177_ST00052" HPOS="843" VPOS="916" WIDTH="114" HEIGHT="23" CONTENT="Richard" WC="0.81" CC="6006000"/>
					</TextLine>
					<TextLine ID="P177_TL00008" HPOS="109" VPOS="955" WIDTH="847" HEIGHT="32">
						<String ID="P177_ST00053" HPOS="109" VPOS="956" WIDTH="54" HEIGHT="23" CONTENT="III." WC="0.98" CC="0000"/>
						<SP ID="P177_SP00042" HPOS="163" VPOS="979" WIDTH="15"/>
						<String ID="P177_ST00054" HPOS="178" VPOS="956" WIDTH="27" HEIGHT="22" CONTENT="in" WC="0.57" CC="08"/>
						<SP ID="P177_SP00043" HPOS="205" VPOS="979" WIDTH="15"/>
						<String ID="P177_ST00055" HPOS="220" VPOS="956" WIDTH="43" HEIGHT="22" CONTENT="the" WC="0.47" CC="590"/>
						<SP ID="P177_SP00044" HPOS="263" VPOS="979" WIDTH="13"/>
						<String ID="P177_ST00056" HPOS="276" VPOS="956" WIDTH="94" HEIGHT="29" CONTENT="Tower," WC="0.74" CC="060043"/>
						<SP ID="P177_SP00045" HPOS="370" VPOS="985" WIDTH="16"/>
						<String ID="P177_ST00057" HPOS="386" VPOS="956" WIDTH="67" HEIGHT="23" CONTENT="tried" WC="0.84" CC="50200"/>
						<SP ID="P177_SP00046" HPOS="453" VPOS="985" WIDTH="13"/>
						<String ID="P177_ST00058" HPOS="466" VPOS="958" WIDTH="26" HEIGHT="21" CONTENT="to" WC="0.96" CC="00"/>
						<SP ID="P177_SP00047" HPOS="492" VPOS="985" WIDTH="13"/>
						<String ID="P177_ST00059" HPOS="505" VPOS="955" WIDTH="73" HEIGHT="24" CONTENT="effect" WC="0.88" CC="000015"/>
						<SP ID="P177_SP00048" HPOS="578" VPOS="985" WIDTH="13"/>
						<String ID="P177_ST00060" HPOS="591" VPOS="964" WIDTH="15" HEIGHT="14" CONTENT="a" WC="1.00" CC="0"/>
						<SP ID="P177_SP00049" HPOS="606" VPOS="985" WIDTH="18"/>
						<String ID="P177_ST00061" HPOS="624" VPOS="956" WIDTH="105" HEIGHT="31" CONTENT="landing" WC="0.75" CC="4700060"/>
						<SP ID="P177_SP00050" HPOS="729" VPOS="987" WIDTH="20"/>
						<String ID="P177_ST00062" HPOS="749" VPOS="956" WIDTH="27" HEIGHT="23" CONTENT="in" WC="0.57" CC="17"/>
						<SP ID="P177_SP00051" HPOS="776" VPOS="987" WIDTH="21"/>
						<String ID="P177_ST00063" HPOS="797" VPOS="956" WIDTH="79" HEIGHT="23" CONTENT="Kent." WC="0.62" CC="25540"/>
						<SP ID="P177_SP00052" HPOS="876" VPOS="987" WIDTH="38"/>
						<String ID="P177_ST00064" HPOS="914" VPOS="955" WIDTH="42" HEIGHT="23" CONTENT="He" WC="0.77" CC="30"/>
					</TextLine>
					<TextLine ID="P177_TL00009" HPOS="108" VPOS="995" WIDTH="848" HEIGHT="32">
						<String ID="P177_ST00065" HPOS="108" VPOS="995" WIDTH="103" HEIGHT="24" CONTENT="arrived" WC="0.68" CC="9052500"/>
						<SP ID="P177_SP00053" HPOS="211" VPOS="1019" WIDTH="13"/>
						<String ID="P177_ST00066" HPOS="224" VPOS="995" WIDTH="27" HEIGHT="23" CONTENT="in" WC="0.75" CC="13"/>
						<SP ID="P177_SP00054" HPOS="251" VPOS="1019" WIDTH="14"/>
						<String ID="P177_ST00067" HPOS="265" VPOS="995" WIDTH="110" HEIGHT="32" CONTENT="Pegwell" WC="0.56" CC="7099003"/>
						<SP ID="P177_SP00055" HPOS="375" VPOS="1027" WIDTH="13"/>
						<String ID="P177_ST00068" HPOS="388" VPOS="995" WIDTH="56" HEIGHT="32" CONTENT="Bay" WC="0.78" CC="600"/>
						<SP ID="P177_SP00056" HPOS="444" VPOS="1027" WIDTH="14"/>
						<String ID="P177_ST00069" HPOS="458" VPOS="995" WIDTH="50" HEIGHT="24" CONTENT="and" WC="0.77" CC="060"/>
						<SP ID="P177_SP00057" HPOS="508" VPOS="1027" WIDTH="14"/>
						<String ID="P177_ST00070" HPOS="522" VPOS="998" WIDTH="57" HEIGHT="21" CONTENT="sent" WC="0.53" CC="6155"/>
						<SP ID="P177_SP00058" HPOS="579" VPOS="1027" WIDTH="12"/>
						<String ID="P177_ST00071" HPOS="591" VPOS="1003" WIDTH="47" HEIGHT="16" CONTENT="one" WC="0.98" CC="000"/>
						<SP ID="P177_SP00059" HPOS="638" VPOS="1027" WIDTH="13"/>
						<String ID="P177_ST00072" HPOS="651" VPOS="995" WIDTH="117" HEIGHT="24" CONTENT="hundred" WC="0.82" CC="6600000"/>
						<SP ID="P177_SP00060" HPOS="768" VPOS="1027" WIDTH="18"/>
						<String ID="P177_ST00073" HPOS="786" VPOS="995" WIDTH="51" HEIGHT="24" CONTENT="and" WC="0.90" CC="020"/>
						<SP ID="P177_SP00061" HPOS="837" VPOS="1027" WIDTH="22"/>
						<String ID="P177_ST00074" HPOS="859" VPOS="998" WIDTH="97" HEIGHT="29" CONTENT="twenty" WC="0.69" CC="405700"/>
					</TextLine>
					<TextLine ID="P177_TL00010" HPOS="108" VPOS="1034" WIDTH="848" HEIGHT="32">
						<String ID="P177_ST00075" HPOS="108" VPOS="1035" WIDTH="26" HEIGHT="24" CONTENT="of" WC="0.55" CC="08"/>
						<SP ID="P177_SP00062" HPOS="134" VPOS="1059" WIDTH="25"/>
						<String ID="P177_ST00076" HPOS="159" VPOS="1034" WIDTH="39" HEIGHT="24" CONTENT="his" WC="0.76" CC="600"/>
						<SP ID="P177_SP00063" HPOS="198" VPOS="1059" WIDTH="24"/>
						<String ID="P177_ST00077" HPOS="222" VPOS="1035" WIDTH="127" HEIGHT="24" CONTENT="followers" WC="0.77" CC="070140007"/>
						<SP ID="P177_SP00064" HPOS="349" VPOS="1059" WIDTH="24"/>
						<String ID="P177_ST00078" HPOS="373" VPOS="1035" WIDTH="90" HEIGHT="24" CONTENT="ashore" WC="0.94" CC="002001"/>
						<SP ID="P177_SP00065" HPOS="463" VPOS="1059" WIDTH="24"/>
						<String ID="P177_ST00079" HPOS="487" VPOS="1039" WIDTH="27" HEIGHT="20" CONTENT="to" WC="0.98" CC="00"/>
						<SP ID="P177_SP00066" HPOS="514" VPOS="1059" WIDTH="21"/>
						<String ID="P177_ST00080" HPOS="535" VPOS="1035" WIDTH="126" HEIGHT="24" CONTENT="ascertain" WC="0.76" CC="740204002"/>
						<SP ID="P177_SP00067" HPOS="661" VPOS="1059" WIDTH="22"/>
						<String ID="P177_ST00081" HPOS="683" VPOS="1034" WIDTH="44" HEIGHT="24" CONTENT="the" WC="0.81" CC="050"/>
						<SP ID="P177_SP00068" HPOS="727" VPOS="1059" WIDTH="24"/>
						<String ID="P177_ST00082" HPOS="751" VPOS="1034" WIDTH="94" HEIGHT="32" CONTENT="feeling" WC="0.80" CC="0002280"/>
						<SP ID="P177_SP00069" HPOS="845" VPOS="1066" WIDTH="21"/>
						<String ID="P177_ST00083" HPOS="866" VPOS="1034" WIDTH="26" HEIGHT="24" CONTENT="of" WC="1.00" CC="00"/>
						<SP ID="P177_SP00070" HPOS="892" VPOS="1066" WIDTH="20"/>
						<String ID="P177_ST00084" HPOS="912" VPOS="1034" WIDTH="44" HEIGHT="24" CONTENT="the" WC="0.63" CC="550"/>
					</TextLine>
					<TextLine ID="P177_TL00011" HPOS="108" VPOS="1074" WIDTH="849" HEIGHT="32">
						<String ID="P177_ST00085" HPOS="108" VPOS="1078" WIDTH="110" HEIGHT="28" CONTENT="country" WC="0.53" CC="7947200"/>
						<SP ID="P177_SP00071" HPOS="218" VPOS="1106" WIDTH="12"/>
						<String ID="P177_ST00086" HPOS="230" VPOS="1075" WIDTH="96" HEIGHT="31" CONTENT="people." WC="0.80" CC="0060800"/>
						<SP ID="P177_SP00072" HPOS="326" VPOS="1106" WIDTH="39"/>
						<String ID="P177_ST00087" HPOS="365" VPOS="1075" WIDTH="52" HEIGHT="24" CONTENT="The" WC="0.64" CC="073"/>
						<SP ID="P177_SP00073" HPOS="417" VPOS="1106" WIDTH="14"/>
						<String ID="P177_ST00088" HPOS="431" VPOS="1075" WIDTH="73" HEIGHT="23" CONTENT="Kent" WC="0.73" CC="0082"/>
						<SP ID="P177_SP00074" HPOS="504" VPOS="1106" WIDTH="13"/>
						<String ID="P177_ST00089" HPOS="517" VPOS="1075" WIDTH="95" HEIGHT="31" CONTENT="people," WC="0.90" CC="0020102"/>
						<SP ID="P177_SP00075" HPOS="612" VPOS="1106" WIDTH="19"/>
						<String ID="P177_ST00090" HPOS="631" VPOS="1074" WIDTH="123" HEIGHT="30" CONTENT="however," WC="0.79" CC="70900000"/>
						<SP ID="P177_SP00076" HPOS="754" VPOS="1106" WIDTH="14"/>
						<String ID="P177_ST00091" HPOS="768" VPOS="1083" WIDTH="66" HEIGHT="15" CONTENT="were" WC="1.00" CC="0000"/>
						<SP ID="P177_SP00077" HPOS="834" VPOS="1106" WIDTH="12"/>
						<String ID="P177_ST00092" HPOS="846" VPOS="1077" WIDTH="43" HEIGHT="21" CONTENT="too" WC="0.80" CC="005"/>
						<SP ID="P177_SP00078" HPOS="889" VPOS="1106" WIDTH="11"/>
						<String ID="P177_ST00093" HPOS="900" VPOS="1075" WIDTH="57" HEIGHT="23" CONTENT="well" WC="0.80" CC="0007"/>
					</TextLine>
					<TextLine ID="P177_TL00012" HPOS="107" VPOS="1114" WIDTH="850" HEIGHT="32">
						<String ID="P177_ST00094" HPOS="107" VPOS="1114" WIDTH="92" HEIGHT="24" CONTENT="inured" WC="0.58" CC="284900"/>
						<SP ID="P177_SP00079" HPOS="199" VPOS="1138" WIDTH="14"/>
						<String ID="P177_ST00095" HPOS="213" VPOS="1117" WIDTH="27" HEIGHT="21" CONTENT="to" WC="0.76" CC="40"/>
						<SP ID="P177_SP00080" HPOS="240" VPOS="1138" WIDTH="13"/>
						<String ID="P177_ST00096" HPOS="253" VPOS="1115" WIDTH="93" HEIGHT="23" CONTENT="alarms" WC="0.72" CC="000069"/>
						<SP ID="P177_SP00081" HPOS="346" VPOS="1138" WIDTH="14"/>
						<String ID="P177_ST00097" HPOS="360" VPOS="1114" WIDTH="52" HEIGHT="24" CONTENT="and" WC="0.69" CC="900"/>
						<SP ID="P177_SP00082" HPOS="412" VPOS="1138" WIDTH="17"/>
						<String ID="P177_ST00098" HPOS="429" VPOS="1115" WIDTH="147" HEIGHT="23" CONTENT="excursions" WC="0.74" CC="0903060004"/>
						<SP ID="P177_SP00083" HPOS="576" VPOS="1138" WIDTH="17"/>
						<String ID="P177_ST00099" HPOS="593" VPOS="1116" WIDTH="46" HEIGHT="22" CONTENT="not" WC="0.80" CC="005"/>
						<SP ID="P177_SP00084" HPOS="639" VPOS="1138" WIDTH="17"/>
						<String ID="P177_ST00100" HPOS="656" VPOS="1116" WIDTH="26" HEIGHT="22" CONTENT="to" WC="0.72" CC="50"/>
						<SP ID="P177_SP00085" HPOS="682" VPOS="1138" WIDTH="15"/>
						<String ID="P177_ST00101" HPOS="697" VPOS="1114" WIDTH="31" HEIGHT="24" CONTENT="be" WC="1.00" CC="00"/>
						<SP ID="P177_SP00086" HPOS="728" VPOS="1138" WIDTH="16"/>
						<String ID="P177_ST00102" HPOS="744" VPOS="1122" WIDTH="34" HEIGHT="16" CONTENT="on" WC="0.63" CC="07"/>
						<SP ID="P177_SP00087" HPOS="778" VPOS="1138" WIDTH="16"/>
						<String ID="P177_ST00103" HPOS="794" VPOS="1114" WIDTH="67" HEIGHT="24" CONTENT="their" WC="0.64" CC="06055"/>
						<SP ID="P177_SP00088" HPOS="861" VPOS="1138" WIDTH="15"/>
						<String ID="P177_ST00104" HPOS="876" VPOS="1114" WIDTH="81" HEIGHT="32" CONTENT="guard" WC="0.53" CC="93900"/>
					</TextLine>
					<TextLine ID="P177_TL00013" HPOS="106" VPOS="1154" WIDTH="851" HEIGHT="32">
						<String ID="P177_ST00105" HPOS="106" VPOS="1155" WIDTH="103" HEIGHT="31" CONTENT="against" WC="0.51" CC="9035860"/>
						<SP ID="P177_SP00089" HPOS="209" VPOS="1186" WIDTH="12"/>
						<String ID="P177_ST00106" HPOS="221" VPOS="1154" WIDTH="111" HEIGHT="32" CONTENT="surprise" WC="0.72" CC="03404360"/>
						<SP ID="P177_SP00090" HPOS="332" VPOS="1186" WIDTH="13"/>
						<String ID="P177_ST00107" HPOS="345" VPOS="1154" WIDTH="52" HEIGHT="23" CONTENT="and" WC="0.88" CC="030"/>
						<SP ID="P177_SP00091" HPOS="397" VPOS="1186" WIDTH="13"/>
						<String ID="P177_ST00108" HPOS="410" VPOS="1154" WIDTH="140" HEIGHT="32" CONTENT="treachery," WC="0.91" CC="0000070200"/>
						<SP ID="P177_SP00092" HPOS="550" VPOS="1186" WIDTH="14"/>
						<String ID="P177_ST00109" HPOS="564" VPOS="1154" WIDTH="52" HEIGHT="23" CONTENT="and" WC="0.42" CC="980"/>
						<SP ID="P177_SP00093" HPOS="616" VPOS="1186" WIDTH="12"/>
						<String ID="P177_ST00110" HPOS="628" VPOS="1154" WIDTH="45" HEIGHT="23" CONTENT="the" WC="0.85" CC="400"/>
						<SP ID="P177_SP00094" HPOS="673" VPOS="1186" WIDTH="12"/>
						<String ID="P177_ST00111" HPOS="685" VPOS="1154" WIDTH="152" HEIGHT="23" CONTENT="Gentlemen" WC="0.51" CC="608570708"/>
						<SP ID="P177_SP00095" HPOS="837" VPOS="1186" WIDTH="12"/>
						<String ID="P177_ST00112" HPOS="849" VPOS="1154" WIDTH="26" HEIGHT="24" CONTENT="of" WC="0.77" CC="40"/>
						<SP ID="P177_SP00096" HPOS="875" VPOS="1186" WIDTH="10"/>
						<String ID="P177_ST00113" HPOS="885" VPOS="1155" WIDTH="72" HEIGHT="22" CONTENT="Kent" WC="0.63" CC="1083"/>
					</TextLine>
					<TextLine ID="P177_TL00014" HPOS="106" VPOS="1193" WIDTH="851" HEIGHT="33">
						<String ID="P177_ST00114" HPOS="106" VPOS="1193" WIDTH="92" HEIGHT="25" CONTENT="inland" WC="0.62" CC="184080"/>
						<SP ID="P177_SP00097" HPOS="198" VPOS="1218" WIDTH="12"/>
						<String ID="P177_ST00115" HPOS="210" VPOS="1202" WIDTH="66" HEIGHT="15" CONTENT="were" WC="0.98" CC="0000"/>
						<SP ID="P177_SP00098" HPOS="276" VPOS="1218" WIDTH="15"/>
						<String ID="P177_ST00116" HPOS="291" VPOS="1202" WIDTH="59" HEIGHT="15" CONTENT="ever" WC="0.69" CC="0506"/>
						<SP ID="P177_SP00099" HPOS="350" VPOS="1218" WIDTH="15"/>
						<String ID="P177_ST00117" HPOS="365" VPOS="1193" WIDTH="78" HEIGHT="33" CONTENT="ready" WC="1.00" CC="00000"/>
						<SP ID="P177_SP00100" HPOS="443" VPOS="1226" WIDTH="17"/>
						<String ID="P177_ST00118" HPOS="460" VPOS="1196" WIDTH="27" HEIGHT="21" CONTENT="at" WC="0.83" CC="03"/>
						<SP ID="P177_SP00101" HPOS="487" VPOS="1226" WIDTH="17"/>
						<String ID="P177_ST00119" HPOS="504" VPOS="1193" WIDTH="44" HEIGHT="24" CONTENT="the" WC="0.78" CC="060"/>
						<SP ID="P177_SP00102" HPOS="548" VPOS="1226" WIDTH="17"/>
						<String ID="P177_ST00120" HPOS="565" VPOS="1193" WIDTH="55" HEIGHT="24" CONTENT="first" WC="0.52" CC="27274"/>
						<SP ID="P177_SP00103" HPOS="620" VPOS="1226" WIDTH="19"/>
						<String ID="P177_ST00121" HPOS="639" VPOS="1193" WIDTH="88" HEIGHT="23" CONTENT="flicker" WC="0.71" CC="0750006"/>
						<SP ID="P177_SP00104" HPOS="727" VPOS="1226" WIDTH="14"/>
						<String ID="P177_ST00122" HPOS="741" VPOS="1193" WIDTH="26" HEIGHT="24" CONTENT="of" WC="1.00" CC="00"/>
						<SP ID="P177_SP00105" HPOS="767" VPOS="1226" WIDTH="17"/>
						<String ID="P177_ST00123" HPOS="784" VPOS="1202" WIDTH="14" HEIGHT="14" CONTENT="a" WC="1.00" CC="0"/>
						<SP ID="P177_SP00106" HPOS="798" VPOS="1226" WIDTH="15"/>
						<String ID="P177_ST00124" HPOS="813" VPOS="1193" WIDTH="102" HEIGHT="31" CONTENT="beacon," WC="0.82" CC="0100460"/>
						<SP ID="P177_SP00107" HPOS="915" VPOS="1226" WIDTH="15"/>
						<String ID="P177_ST00125" HPOS="930" VPOS="1202" WIDTH="27" HEIGHT="15" CONTENT="or" WC="0.76" CC="04"/>
					</TextLine>
					<TextLine ID="P177_TL00015" HPOS="107" VPOS="1232" WIDTH="850" HEIGHT="31">
						<String ID="P177_ST00126" HPOS="107" VPOS="1235" WIDTH="44" HEIGHT="24" CONTENT="the" WC="0.76" CC="070"/>
						<SP ID="P177_SP00108" HPOS="151" VPOS="1259" WIDTH="14"/>
						<String ID="P177_ST00127" HPOS="165" VPOS="1234" WIDTH="56" HEIGHT="24" CONTENT="first" WC="0.97" CC="00001"/>
						<SP ID="P177_SP00109" HPOS="221" VPOS="1259" WIDTH="13"/>
						<String ID="P177_ST00128" HPOS="234" VPOS="1233" WIDTH="73" HEIGHT="24" CONTENT="boom" WC="0.74" CC="7020"/>
						<SP ID="P177_SP00110" HPOS="307" VPOS="1259" WIDTH="13"/>
						<String ID="P177_ST00129" HPOS="320" VPOS="1233" WIDTH="27" HEIGHT="24" CONTENT="of" WC="1.00" CC="00"/>
						<SP ID="P177_SP00111" HPOS="347" VPOS="1259" WIDTH="16"/>
						<String ID="P177_ST00130" HPOS="363" VPOS="1242" WIDTH="33" HEIGHT="15" CONTENT="an" WC="0.57" CC="08"/>
						<SP ID="P177_SP00112" HPOS="396" VPOS="1259" WIDTH="15"/>
						<String ID="P177_ST00131" HPOS="411" VPOS="1233" WIDTH="80" HEIGHT="24" CONTENT="alarm" WC="0.98" CC="00000"/>
						<SP ID="P177_SP00113" HPOS="491" VPOS="1259" WIDTH="16"/>
						<String ID="P177_ST00132" HPOS="507" VPOS="1233" WIDTH="57" HEIGHT="30" CONTENT="bell," WC="0.79" CC="70300"/>
						<SP ID="P177_SP00114" HPOS="564" VPOS="1263" WIDTH="15"/>
						<String ID="P177_ST00133" HPOS="579" VPOS="1236" WIDTH="27" HEIGHT="21" CONTENT="to" WC="0.65" CC="15"/>
						<SP ID="P177_SP00115" HPOS="606" VPOS="1263" WIDTH="14"/>
						<String ID="P177_ST00134" HPOS="620" VPOS="1232" WIDTH="92" HEIGHT="25" CONTENT="buckle" WC="0.81" CC="700030"/>
						<SP ID="P177_SP00116" HPOS="712" VPOS="1263" WIDTH="17"/>
						<String ID="P177_ST00135" HPOS="729" VPOS="1242" WIDTH="33" HEIGHT="15" CONTENT="on" WC="0.58" CC="08"/>
						<SP ID="P177_SP00117" HPOS="762" VPOS="1263" WIDTH="12"/>
						<String ID="P177_ST00136" HPOS="774" VPOS="1233" WIDTH="67" HEIGHT="25" CONTENT="their" WC="0.79" CC="06030"/>
						<SP ID="P177_SP00118" HPOS="841" VPOS="1263" WIDTH="12"/>
						<String ID="P177_ST00137" HPOS="853" VPOS="1233" WIDTH="104" HEIGHT="24" CONTENT="harness" WC="0.60" CC="7028054"/>
					</TextLine>
					<TextLine ID="P177_TL00016" HPOS="107" VPOS="1272" WIDTH="850" HEIGHT="33">
						<String ID="P177_ST00138" HPOS="107" VPOS="1273" WIDTH="52" HEIGHT="24" CONTENT="and" WC="0.38" CC="980"/>
						<SP ID="P177_SP00119" HPOS="159" VPOS="1297" WIDTH="20"/>
						<String ID="P177_ST00139" HPOS="179" VPOS="1276" WIDTH="103" HEIGHT="29" CONTENT="present" WC="0.50" CC="6907074"/>
						<SP ID="P177_SP00120" HPOS="282" VPOS="1305" WIDTH="22"/>
						<String ID="P177_ST00140" HPOS="304" VPOS="1272" WIDTH="150" HEIGHT="25" CONTENT="themselves" WC="0.72" CC="1700520505"/>
						<SP ID="P177_SP00121" HPOS="454" VPOS="1305" WIDTH="22"/>
						<String ID="P177_ST00141" HPOS="476" VPOS="1275" WIDTH="27" HEIGHT="21" CONTENT="at" WC="0.65" CC="51"/>
						<SP ID="P177_SP00122" HPOS="503" VPOS="1305" WIDTH="20"/>
						<String ID="P177_ST00142" HPOS="523" VPOS="1272" WIDTH="44" HEIGHT="24" CONTENT="the" WC="0.82" CC="500"/>
						<SP ID="P177_SP00123" HPOS="567" VPOS="1305" WIDTH="18"/>
						<String ID="P177_ST00143" HPOS="585" VPOS="1272" WIDTH="112" HEIGHT="32" CONTENT="meeting" WC="0.93" CC="0000130"/>
						<SP ID="P177_SP00124" HPOS="697" VPOS="1305" WIDTH="19"/>
						<String ID="P177_ST00144" HPOS="716" VPOS="1273" WIDTH="73" HEIGHT="31" CONTENT="point" WC="0.67" CC="00087"/>
						<SP ID="P177_SP00125" HPOS="789" VPOS="1305" WIDTH="19"/>
						<String ID="P177_ST00145" HPOS="808" VPOS="1272" WIDTH="78" HEIGHT="32" CONTENT="ready" WC="0.85" CC="70000"/>
						<SP ID="P177_SP00126" HPOS="886" VPOS="1305" WIDTH="20"/>
						<String ID="P177_ST00146" HPOS="906" VPOS="1272" WIDTH="51" HEIGHT="24" CONTENT="and" WC="0.73" CC="080"/>
					</TextLine>
					<TextLine ID="P177_TL00017" HPOS="107" VPOS="1312" WIDTH="850" HEIGHT="34">
						<String ID="P177_ST00147" HPOS="107" VPOS="1313" WIDTH="134" HEIGHT="33" CONTENT="equipped." WC="0.81" CC="505500000"/>
						<SP ID="P177_SP00127" HPOS="241" VPOS="1346" WIDTH="37"/>
						<String ID="P177_ST00148" HPOS="278" VPOS="1312" WIDTH="64" HEIGHT="25" CONTENT="And" WC="0.47" CC="960"/>
						<SP ID="P177_SP00128" HPOS="342" VPOS="1346" WIDTH="17"/>
						<String ID="P177_ST00149" HPOS="359" VPOS="1320" WIDTH="27" HEIGHT="17" CONTENT="so" WC="0.42" CC="65"/>
						<SP ID="P177_SP00129" HPOS="386" VPOS="1346" WIDTH="21"/>
						<String ID="P177_ST00150" HPOS="407" VPOS="1313" WIDTH="28" HEIGHT="23" CONTENT="in" WC="0.41" CC="38"/>
						<SP ID="P177_SP00130" HPOS="435" VPOS="1346" WIDTH="19"/>
						<String ID="P177_ST00151" HPOS="454" VPOS="1312" WIDTH="53" HEIGHT="24" CONTENT="this" WC="0.36" CC="6747"/>
						<SP ID="P177_SP00131" HPOS="507" VPOS="1346" WIDTH="24"/>
						<String ID="P177_ST00152" HPOS="531" VPOS="1320" WIDTH="62" HEIGHT="21" CONTENT="case," WC="0.72" CC="09300"/>
						<SP ID="P177_SP00132" HPOS="593" VPOS="1346" WIDTH="23"/>
						<String ID="P177_ST00153" HPOS="616" VPOS="1312" WIDTH="96" HEIGHT="24" CONTENT="Perkin" WC="0.64" CC="703207"/>
						<SP ID="P177_SP00133" HPOS="712" VPOS="1346" WIDTH="17"/>
						<String ID="P177_ST00154" HPOS="729" VPOS="1312" WIDTH="149" HEIGHT="25" CONTENT="AArarbeck's" WC="0.76" CC="09700602000"/>
						<SP ID="P177_SP00134" HPOS="878" VPOS="1346" WIDTH="21"/>
						<String ID="P177_ST00155" HPOS="899" VPOS="1320" WIDTH="58" HEIGHT="17" CONTENT="men" WC="0.72" CC="008"/>
					</TextLine>
					<TextLine ID="P177_TL00018" HPOS="107" VPOS="1352" WIDTH="850" HEIGHT="33">
						<String ID="P177_ST00156" HPOS="107" VPOS="1353" WIDTH="95" HEIGHT="24" CONTENT="landed" WC="0.74" CC="407030"/>
						<SP ID="P177_SP00135" HPOS="202" VPOS="1377" WIDTH="19"/>
						<String ID="P177_ST00157" HPOS="221" VPOS="1354" WIDTH="28" HEIGHT="22" CONTENT="in" WC="0.57" CC="08"/>
						<SP ID="P177_SP00136" HPOS="249" VPOS="1377" WIDTH="20"/>
						<String ID="P177_ST00158" HPOS="269" VPOS="1353" WIDTH="79" HEIGHT="29" CONTENT="Kent," WC="0.62" CC="10754"/>
						<SP ID="P177_SP00137" HPOS="348" VPOS="1382" WIDTH="16"/>
						<String ID="P177_ST00159" HPOS="364" VPOS="1352" WIDTH="47" HEIGHT="24" CONTENT="but" WC="0.80" CC="005"/>
						<SP ID="P177_SP00138" HPOS="411" VPOS="1382" WIDTH="20"/>
						<String ID="P177_ST00160" HPOS="431" VPOS="1360" WIDTH="77" HEIGHT="16" CONTENT="never" WC="0.79" CC="00603"/>
						<SP ID="P177_SP00139" HPOS="508" VPOS="1382" WIDTH="17"/>
						<String ID="P177_ST00161" HPOS="525" VPOS="1354" WIDTH="44" HEIGHT="29" CONTENT="got" WC="0.80" CC="005"/>
						<SP ID="P177_SP00140" HPOS="569" VPOS="1383" WIDTH="20"/>
						<String ID="P177_ST00162" HPOS="589" VPOS="1354" WIDTH="45" HEIGHT="22" CONTENT="out" WC="0.80" CC="005"/>
						<SP ID="P177_SP00141" HPOS="634" VPOS="1383" WIDTH="18"/>
						<String ID="P177_ST00163" HPOS="652" VPOS="1352" WIDTH="27" HEIGHT="24" CONTENT="of" WC="0.52" CC="54"/>
						<SP ID="P177_SP00142" HPOS="679" VPOS="1383" WIDTH="19"/>
						<String ID="P177_ST00164" HPOS="698" VPOS="1353" WIDTH="21" HEIGHT="23" CONTENT="it" WC="0.68" CC="06"/>
						<SP ID="P177_SP00143" HPOS="719" VPOS="1383" WIDTH="18"/>
						<String ID="P177_ST00165" HPOS="737" VPOS="1353" WIDTH="82" HEIGHT="31" CONTENT="again," WC="0.76" CC="800050"/>
						<SP ID="P177_SP00144" HPOS="819" VPOS="1384" WIDTH="20"/>
						<String ID="P177_ST00166" HPOS="839" VPOS="1353" WIDTH="39" HEIGHT="23" CONTENT="for" WC="0.86" CC="004"/>
						<SP ID="P177_SP00145" HPOS="878" VPOS="1384" WIDTH="18"/>
						<String ID="P177_ST00167" HPOS="896" VPOS="1354" WIDTH="61" HEIGHT="31" CONTENT="they" WC="0.59" CC="4740"/>
					</TextLine>
					<TextLine ID="P177_TL00019" HPOS="106" VPOS="1392" WIDTH="849" HEIGHT="32">
						<String ID="P177_ST00168" HPOS="106" VPOS="1401" WIDTH="67" HEIGHT="17" CONTENT="were" WC="1.00" CC="0000"/>
						<SP ID="P177_SP00146" HPOS="173" VPOS="1418" WIDTH="20"/>
						<String ID="P177_ST00169" HPOS="193" VPOS="1392" WIDTH="89" HEIGHT="29" CONTENT="seized," WC="0.85" CC="0502002"/>
						<SP ID="P177_SP00147" HPOS="282" VPOS="1421" WIDTH="15"/>
						<String ID="P177_ST00170" HPOS="297" VPOS="1392" WIDTH="107" HEIGHT="24" CONTENT="chained" WC="0.69" CC="1704800"/>
						<SP ID="P177_SP00148" HPOS="404" VPOS="1421" WIDTH="19"/>
						<String ID="P177_ST00171" HPOS="423" VPOS="1392" WIDTH="28" HEIGHT="23" CONTENT="in" WC="0.62" CC="07"/>
						<SP ID="P177_SP00149" HPOS="451" VPOS="1421" WIDTH="21"/>
						<String ID="P177_ST00172" HPOS="472" VPOS="1392" WIDTH="108" HEIGHT="32" CONTENT="couples," WC="0.89" CC="00600002"/>
						<SP ID="P177_SP00150" HPOS="580" VPOS="1424" WIDTH="15"/>
						<String ID="P177_ST00173" HPOS="595" VPOS="1392" WIDTH="51" HEIGHT="23" CONTENT="and" WC="1.00" CC="000"/>
						<SP ID="P177_SP00151" HPOS="646" VPOS="1424" WIDTH="22"/>
						<String ID="P177_ST00174" HPOS="668" VPOS="1394" WIDTH="57" HEIGHT="22" CONTENT="sent" WC="0.56" CC="3076"/>
						<SP ID="P177_SP00152" HPOS="725" VPOS="1424" WIDTH="20"/>
						<String ID="P177_ST00175" HPOS="745" VPOS="1401" WIDTH="34" HEIGHT="23" CONTENT="up" WC="1.00" CC="00"/>
						<SP ID="P177_SP00153" HPOS="779" VPOS="1424" WIDTH="19"/>
						<String ID="P177_ST00176" HPOS="798" VPOS="1396" WIDTH="26" HEIGHT="20" CONTENT="to" WC="0.57" CC="35"/>
						<SP ID="P177_SP00154" HPOS="824" VPOS="1424" WIDTH="18"/>
						<String ID="P177_ST00177" HPOS="842" VPOS="1392" WIDTH="113" HEIGHT="31" CONTENT="London," WC="0.73" CC="1060072"/>
					</TextLine>
					<TextLine ID="P177_TL00020" HPOS="107" VPOS="1431" WIDTH="381" HEIGHT="32">
						<String ID="P177_ST00178" HPOS="107" VPOS="1433" WIDTH="85" HEIGHT="24" CONTENT="where" WC="0.74" CC="07050"/>
						<SP ID="P177_SP00155" HPOS="192" VPOS="1457" WIDTH="12"/>
						<String ID="P177_ST00179" HPOS="204" VPOS="1433" WIDTH="63" HEIGHT="30" CONTENT="they" WC="0.74" CC="3600"/>
						<SP ID="P177_SP00156" HPOS="267" VPOS="1463" WIDTH="12"/>
						<String ID="P177_ST00180" HPOS="279" VPOS="1440" WIDTH="66" HEIGHT="16" CONTENT="were" WC="0.91" CC="0030"/>
						<SP ID="P177_SP00157" HPOS="345" VPOS="1463" WIDTH="12"/>
						<String ID="P177_ST00181" HPOS="357" VPOS="1431" WIDTH="131" HEIGHT="25" CONTENT="executed." WC="0.82" CC="090006000"/>
					</TextLine>
				</TextBlock>
				<TextBlock ID="P177_TB00006" HPOS="107" VPOS="1471" WIDTH="849" HEIGHT="73" STYLEREFS="TXT_1 PAR_LEFT">
					<TextLine ID="P177_TL00021" HPOS="141" VPOS="1471" WIDTH="815" HEIGHT="34">
						<String ID="P177_ST00182" HPOS="141" VPOS="1473" WIDTH="94" HEIGHT="32" CONTENT="Henry" WC="0.72" CC="60700"/>
						<SP ID="P177_SP00158" HPOS="235" VPOS="1505" WIDTH="30"/>
						<String ID="P177_ST00183" HPOS="265" VPOS="1481" WIDTH="51" HEIGHT="15" CONTENT="was" WC="0.26" CC="965"/>
						<SP ID="P177_SP00159" HPOS="316" VPOS="1505" WIDTH="31"/>
						<String ID="P177_ST00184" HPOS="347" VPOS="1480" WIDTH="62" HEIGHT="24" CONTENT="very" WC="0.79" CC="5020"/>
						<SP ID="P177_SP00160" HPOS="409" VPOS="1505" WIDTH="23"/>
						<String ID="P177_ST00185" HPOS="432" VPOS="1471" WIDTH="103" HEIGHT="32" CONTENT="pleased" WC="0.85" CC="0200700"/>
						<SP ID="P177_SP00161" HPOS="535" VPOS="1505" WIDTH="25"/>
						<String ID="P177_ST00186" HPOS="560" VPOS="1475" WIDTH="27" HEIGHT="21" CONTENT="at" WC="0.31" CC="93"/>
						<SP ID="P177_SP00162" HPOS="587" VPOS="1505" WIDTH="25"/>
						<String ID="P177_ST00187" HPOS="612" VPOS="1471" WIDTH="59" HEIGHT="31" CONTENT="this," WC="0.75" CC="06401"/>
						<SP ID="P177_SP00163" HPOS="671" VPOS="1505" WIDTH="27"/>
						<String ID="P177_ST00188" HPOS="698" VPOS="1472" WIDTH="51" HEIGHT="25" CONTENT="and" WC="0.72" CC="080"/>
						<SP ID="P177_SP00164" HPOS="749" VPOS="1505" WIDTH="25"/>
						<String ID="P177_ST00189" HPOS="774" VPOS="1472" WIDTH="115" HEIGHT="25" CONTENT="thanked" WC="0.82" CC="0507000"/>
						<SP ID="P177_SP00165" HPOS="889" VPOS="1505" WIDTH="24"/>
						<String ID="P177_ST00190" HPOS="913" VPOS="1474" WIDTH="43" HEIGHT="23" CONTENT="the" WC="0.68" CC="170"/>
					</TextLine>
					<TextLine ID="P177_TL00022" HPOS="107" VPOS="1514" WIDTH="110" HEIGHT="30">
						<String ID="P177_ST00191" HPOS="107" VPOS="1514" WIDTH="110" HEIGHT="30" CONTENT="County." WC="0.77" CC="5045000"/>
					</TextLine>
				</TextBlock>
				<TextBlock ID="P177_TB00007" HPOS="104" VPOS="1551" WIDTH="854" HEIGHT="152" STYLEREFS="TXT_1 PAR_LEFT">
					<TextLine ID="P177_TL00023" HPOS="141" VPOS="1552" WIDTH="815" HEIGHT="32">
						<String ID="P177_ST00192" HPOS="141" VPOS="1553" WIDTH="107" HEIGHT="25" CONTENT="Strutt's" WC="0.63" CC="70053209"/>
						<SP ID="P177_SP00166" HPOS="248" VPOS="1578" WIDTH="19"/>
						<String ID="P177_ST00193" HPOS="267" VPOS="1555" WIDTH="108" HEIGHT="21" CONTENT="account" WC="0.69" CC="0400286"/>
						<SP ID="P177_SP00167" HPOS="375" VPOS="1578" WIDTH="18"/>
						<String ID="P177_ST00194" HPOS="393" VPOS="1552" WIDTH="27" HEIGHT="24" CONTENT="of" WC="0.82" CC="30"/>
						<SP ID="P177_SP00168" HPOS="420" VPOS="1578" WIDTH="21"/>
						<String ID="P177_ST00195" HPOS="441" VPOS="1560" WIDTH="15" HEIGHT="15" CONTENT="a" WC="0.03" CC="9"/>
						<SP ID="P177_SP00169" HPOS="456" VPOS="1578" WIDTH="19"/>
						<String ID="P177_ST00196" HPOS="475" VPOS="1552" WIDTH="61" HEIGHT="32" CONTENT="May" WC="1.00" CC="000"/>
						<SP ID="P177_SP00170" HPOS="536" VPOS="1584" WIDTH="20"/>
						<String ID="P177_ST00197" HPOS="556" VPOS="1552" WIDTH="102" HEIGHT="23" CONTENT="festival" WC="0.69" CC="70942000"/>
						<SP ID="P177_SP00171" HPOS="658" VPOS="1584" WIDTH="19"/>
						<String ID="P177_ST00198" HPOS="677" VPOS="1552" WIDTH="59" HEIGHT="23" CONTENT="held" WC="0.77" CC="6020"/>
						<SP ID="P177_SP00172" HPOS="736" VPOS="1584" WIDTH="18"/>
						<String ID="P177_ST00199" HPOS="754" VPOS="1555" WIDTH="28" HEIGHT="21" CONTENT="at" WC="0.60" CC="07"/>
						<SP ID="P177_SP00173" HPOS="782" VPOS="1584" WIDTH="18"/>
						<String ID="P177_ST00200" HPOS="800" VPOS="1552" WIDTH="156" HEIGHT="31" CONTENT="Greenwich," WC="0.77" CC="7000006710"/>
					</TextLine>
					<TextLine ID="P177_TL00024" HPOS="104" VPOS="1591" WIDTH="854" HEIGHT="34">
						<String ID="P177_ST00201" HPOS="104" VPOS="1593" WIDTH="67" HEIGHT="25" CONTENT="from" WC="0.84" CC="0600"/>
						<SP ID="P177_SP00174" HPOS="171" VPOS="1618" WIDTH="18"/>
						<String ID="P177_ST00202" HPOS="189" VPOS="1602" WIDTH="15" HEIGHT="15" CONTENT="a" WC="1.00" CC="0"/>
						<SP ID="P177_SP00175" HPOS="204" VPOS="1618" WIDTH="24"/>
						<String ID="P177_ST00203" HPOS="228" VPOS="1593" WIDTH="159" HEIGHT="31" CONTENT="manuscript" WC="0.82" CC="7003000006"/>
						<SP ID="P177_SP00176" HPOS="387" VPOS="1624" WIDTH="24"/>
						<String ID="P177_ST00204" HPOS="411" VPOS="1592" WIDTH="27" HEIGHT="24" CONTENT="of" WC="0.61" CC="70"/>
						<SP ID="P177_SP00177" HPOS="438" VPOS="1624" WIDTH="24"/>
						<String ID="P177_ST00205" HPOS="462" VPOS="1592" WIDTH="51" HEIGHT="23" CONTENT="this" WC="0.51" CC="5607"/>
						<SP ID="P177_SP00178" HPOS="513" VPOS="1624" WIDTH="19"/>
						<String ID="P177_ST00206" HPOS="532" VPOS="1592" WIDTH="78" HEIGHT="32" CONTENT="reign," WC="0.82" CC="003070"/>
						<SP ID="P177_SP00179" HPOS="610" VPOS="1624" WIDTH="25"/>
						<String ID="P177_ST00207" HPOS="635" VPOS="1600" WIDTH="59" HEIGHT="24" CONTENT="may" WC="0.68" CC="090"/>
						<SP ID="P177_SP00180" HPOS="694" VPOS="1624" WIDTH="18"/>
						<String ID="P177_ST00208" HPOS="712" VPOS="1591" WIDTH="31" HEIGHT="25" CONTENT="be" WC="0.64" CC="70"/>
						<SP ID="P177_SP00181" HPOS="743" VPOS="1624" WIDTH="18"/>
						<String ID="P177_ST00209" HPOS="761" VPOS="1592" WIDTH="153" HEIGHT="33" CONTENT="interesting" WC="0.55" CC="41609015549"/>
						<SP ID="P177_SP00182" HPOS="914" VPOS="1625" WIDTH="19"/>
						<String ID="P177_ST00210" HPOS="933" VPOS="1597" WIDTH="25" HEIGHT="21" CONTENT="to" WC="0.67" CC="06"/>
					</TextLine>
					<TextLine ID="P177_TL00025" HPOS="105" VPOS="1631" WIDTH="853" HEIGHT="33">
						<String ID="P177_ST00211" HPOS="105" VPOS="1642" WIDTH="75" HEIGHT="16" CONTENT="some." WC="0.97" CC="00000"/>
						<SP ID="P177_SP00183" HPOS="180" VPOS="1658" WIDTH="41"/>
						<String ID="P177_ST00212" HPOS="221" VPOS="1634" WIDTH="27" HEIGHT="23" CONTENT="A" WC="0.11" CC="8"/>
						<SP ID="P177_SP00184" HPOS="248" VPOS="1658" WIDTH="15"/>
						<String ID="P177_ST00213" HPOS="263" VPOS="1632" WIDTH="108" HEIGHT="25" CONTENT="number" WC="0.79" CC="200720"/>
						<SP ID="P177_SP00185" HPOS="371" VPOS="1658" WIDTH="21"/>
						<String ID="P177_ST00214" HPOS="392" VPOS="1632" WIDTH="27" HEIGHT="25" CONTENT="of" WC="0.82" CC="30"/>
						<SP ID="P177_SP00186" HPOS="419" VPOS="1658" WIDTH="18"/>
						<String ID="P177_ST00215" HPOS="437" VPOS="1632" WIDTH="153" HEIGHT="32" CONTENT="gentlemen," WC="0.79" CC="0085000070"/>
						<SP ID="P177_SP00187" HPOS="590" VPOS="1664" WIDTH="17"/>
						<String ID="P177_ST00216" HPOS="607" VPOS="1631" WIDTH="142" HEIGHT="33" CONTENT="professing*" WC="0.75" CC="00300700707"/>
						<SP ID="P177_SP00188" HPOS="749" VPOS="1664" WIDTH="16"/>
						<String ID="P177_ST00217" HPOS="765" VPOS="1632" WIDTH="151" HEIGHT="25" CONTENT="themselves" WC="0.69" CC="0630033606"/>
						<SP ID="P177_SP00189" HPOS="916" VPOS="1664" WIDTH="16"/>
						<String ID="P177_ST00218" HPOS="932" VPOS="1636" WIDTH="26" HEIGHT="21" CONTENT="to" WC="0.81" CC="30"/>
					</TextLine>
					<TextLine ID="P177_TL00026" HPOS="104" VPOS="1672" WIDTH="854" HEIGHT="31">
						<String ID="P177_ST00219" HPOS="104" VPOS="1674" WIDTH="31" HEIGHT="25" CONTENT="be" WC="0.54" CC="71"/>
						<SP ID="P177_SP00190" HPOS="135" VPOS="1699" WIDTH="19"/>
						<String ID="P177_ST00220" HPOS="154" VPOS="1674" WIDTH="45" HEIGHT="24" CONTENT="the" WC="0.60" CC="470"/>
						<SP ID="P177_SP00191" HPOS="199" VPOS="1699" WIDTH="18"/>
						<String ID="P177_ST00221" HPOS="217" VPOS="1676" WIDTH="118" HEIGHT="21" CONTENT="servants" WC="0.41" CC="94074839"/>
						<SP ID="P177_SP00192" HPOS="335" VPOS="1699" WIDTH="18"/>
						<String ID="P177_ST00222" HPOS="353" VPOS="1673" WIDTH="27" HEIGHT="23" CONTENT="of" WC="1.00" CC="00"/>
						<SP ID="P177_SP00193" HPOS="380" VPOS="1699" WIDTH="21"/>
						<String ID="P177_ST00223" HPOS="401" VPOS="1673" WIDTH="44" HEIGHT="23" CONTENT="the" WC="0.59" CC="660"/>
						<SP ID="P177_SP00194" HPOS="445" VPOS="1699" WIDTH="19"/>
						<String ID="P177_ST00224" HPOS="464" VPOS="1672" WIDTH="72" HEIGHT="31" CONTENT="Lady" WC="0.67" CC="3009"/>
						<SP ID="P177_SP00195" HPOS="536" VPOS="1703" WIDTH="20"/>
						<String ID="P177_ST00225" HPOS="556" VPOS="1673" WIDTH="68" HEIGHT="30" CONTENT="May," WC="0.69" CC="0902"/>
						<SP ID="P177_SP00196" HPOS="624" VPOS="1703" WIDTH="22"/>
						<String ID="P177_ST00226" HPOS="646" VPOS="1674" WIDTH="107" HEIGHT="29" CONTENT="promise" WC="0.53" CC="8630390"/>
						<SP ID="P177_SP00197" HPOS="753" VPOS="1703" WIDTH="20"/>
						<String ID="P177_ST00227" HPOS="773" VPOS="1675" WIDTH="26" HEIGHT="21" CONTENT="to" WC="0.60" CC="07"/>
						<SP ID="P177_SP00198" HPOS="799" VPOS="1703" WIDTH="18"/>
						<String ID="P177_ST00228" HPOS="817" VPOS="1673" WIDTH="30" HEIGHT="24" CONTENT="be" WC="0.65" CC="60"/>
						<SP ID="P177_SP00199" HPOS="847" VPOS="1703" WIDTH="22"/>
						<String ID="P177_ST00229" HPOS="869" VPOS="1674" WIDTH="26" HEIGHT="23" CONTENT="in" WC="0.36" CC="48"/>
						<SP ID="P177_SP00200" HPOS="895" VPOS="1703" WIDTH="20"/>
						<String ID="P177_ST00230" HPOS="915" VPOS="1674" WIDTH="43" HEIGHT="24" CONTENT="the" WC="0.51" CC="274"/>
					</TextLine>
				</TextBlock>
			</PrintSpace>
		</Page>
	</Layout>
</alto>
