<?xml version="1.0" encoding="UTF-8"?>
<alto xmlns:xsi="http://www.w3.org/2001/XMLSchema-instance" xsi:noNamespaceSchemaLocation="http://www.bl.uk/schemas/alto/alto-1-4.xsd" xmlns:xlink="http://www.w3.org/1999/xlink">
	<Description>
		<MeasurementUnit>mm10</MeasurementUnit>
		<sourceImageInformation>
			<fileName>//head1/IN/2008-20/A0011615688/004463.jp2</fileName>
		</sourceImageInformation>
		<OCRProcessing ID="OCRPROCESSING_1">
			<preProcessingStep>
				<processingSoftware>
					<softwareCreator>CCS Content Conversion Specialists GmbH, Germany</softwareCreator>
					<softwareName>CCS docWORKS</softwareName>
					<softwareVersion>6.1-0.67</softwareVersion>
				</processingSoftware>
			</preProcessingStep>
			<ocrProcessingStep>
				<processingSoftware>
					<softwareCreator>ABBYY (BIT Software), Russia</softwareCreator>
					<softwareName>Finereader</softwareName>
				</processingSoftware>
			</ocrProcessingStep>
		</OCRProcessing>
	</Description>
	<Styles>
		<TextStyle ID="TXT_0" FONTSIZE="11" FONTFAMILY="Courier New"/>
		<TextStyle ID="TXT_1" FONTSIZE="10" FONTFAMILY="Courier New"/>
		<ParagraphStyle ID="PAR_CENTER" ALIGN="Center"/>
		<ParagraphStyle ID="PAR_LEFT" ALIGN="Left"/>
	</Styles>
	<Layout>
		<Page ID="P9" PHYSICAL_IMG_NR="9" HEIGHT="1823" WIDTH="1139" POSITION="Right" ACCURACY="73.09">
			<TopMargin ID="P9_TM00001" HPOS="0" VPOS="0" WIDTH="1138" HEIGHT="397"/>
			<LeftMargin ID="P9_LM00001" HPOS="0" VPOS="397" WIDTH="123" HEIGHT="1157"/>
			<RightMargin ID="P9_RM00001" HPOS="970" VPOS="397" WIDTH="168" HEIGHT="1157"/>
			<BottomMargin ID="P9_BM00001" HPOS="0" VPOS="1554" WIDTH="1138" HEIGHT="268"/>
			<PrintSpace ID="P9_PS00001" HPOS="123" VPOS="397" WIDTH="850" HEIGHT="1160">
				<TextBlock ID="P9_TB00001" HPOS="437" VPOS="397" WIDTH="238" HEIGHT="31" STYLEREFS="TXT_0 PAR_CENTER">
					<TextLine ID="P9_TL00001" HPOS="438" VPOS="397" WIDTH="237" HEIGHT="31">
						<String ID="P9_ST00001" HPOS="438" VPOS="397" WIDTH="237" HEIGHT="31" CONTENT="CONTENTS." WC="0.56" CC="669350060"/>
					</TextLine>
				</TextBlock>
				<TextBlock ID="P9_TB00002" HPOS="120" VPOS="596" WIDTH="853" HEIGHT="961" STYLEREFS="TXT_1 PAR_LEFT">
					<TextLine ID="P9_TL00002" HPOS="128" VPOS="600" WIDTH="845" HEIGHT="18">
						<String ID="P9_ST00002" HPOS="128" VPOS="600" WIDTH="109" HEIGHT="16" CONTENT="CHAPTER." WC="0.63" CC="15061670"/>
						<SP ID="P9_SP00001" HPOS="237" VPOS="616" WIDTH="678"/>
						<String ID="P9_ST00003" HPOS="915" VPOS="603" WIDTH="58" HEIGHT="15" CONTENT="PAGE." WC="0.36" CC="79760"/>
					</TextLine>
					<TextLine ID="P9_TL00003" HPOS="189" VPOS="638" WIDTH="760" HEIGHT="26">
						<String ID="P9_ST00004" HPOS="189" VPOS="638" WIDTH="21" HEIGHT="24" CONTENT="I." WC="1.00" CC="00"/>
						<SP ID="P9_SP00002" HPOS="210" VPOS="662" WIDTH="39"/>
						<String ID="P9_ST00005" HPOS="249" VPOS="639" WIDTH="92" HEIGHT="23" CONTENT="Early" WC="0.33" CC="59736"/>
						<SP ID="P9_SP00003" HPOS="341" VPOS="662" WIDTH="19"/>
						<String ID="P9_ST00006" HPOS="360" VPOS="639" WIDTH="80" HEIGHT="24" CONTENT="Kent" WC="0.28" CC="3698"/>
						<SP ID="P9_SP00004" HPOS="440" VPOS="663" WIDTH="31"/>
						<String ID="P9_ST00007" HPOS="471" VPOS="655" WIDTH="8" HEIGHT="3" CONTENT="-" WC="1.00" CC="0"/>
						<SP ID="P9_SP00005" HPOS="479" VPOS="663" WIDTH="379"/>
						<String ID="P9_ST00008" HPOS="858" VPOS="656" WIDTH="7" HEIGHT="2" CONTENT="-" WC="1.00" CC="0"/>
						<SP ID="P9_SP00006" HPOS="865" VPOS="663" WIDTH="74"/>
						<String ID="P9_ST00009" HPOS="939" VPOS="642" WIDTH="10" HEIGHT="22" CONTENT="1" WC="1.00" CC="0"/>
					</TextLine>
					<TextLine ID="P9_TL00004" HPOS="174" VPOS="694" WIDTH="777" HEIGHT="26">
						<String ID="P9_ST00010" HPOS="174" VPOS="694" WIDTH="38" HEIGHT="24" CONTENT="II." WC="0.91" CC="200"/>
						<SP ID="P9_SP00007" HPOS="212" VPOS="718" WIDTH="38"/>
						<String ID="P9_ST00011" HPOS="250" VPOS="694" WIDTH="101" HEIGHT="25" CONTENT="Roman" WC="0.39" CC="70787"/>
						<SP ID="P9_SP00008" HPOS="351" VPOS="719" WIDTH="19"/>
						<String ID="P9_ST00012" HPOS="370" VPOS="696" WIDTH="79" HEIGHT="23" CONTENT="Kent" WC="0.38" CC="7096"/>
						<SP ID="P9_SP00009" HPOS="449" VPOS="719" WIDTH="23"/>
						<String ID="P9_ST00013" HPOS="472" VPOS="711" WIDTH="7" HEIGHT="3" CONTENT="-" WC="1.00" CC="0"/>
						<SP ID="P9_SP00010" HPOS="479" VPOS="719" WIDTH="71"/>
						<String ID="P9_ST00014" HPOS="550" VPOS="712" WIDTH="7" HEIGHT="2" CONTENT="-" WC="1.00" CC="0"/>
						<SP ID="P9_SP00011" HPOS="557" VPOS="719" WIDTH="70"/>
						<String ID="P9_ST00015" HPOS="627" VPOS="712" WIDTH="8" HEIGHT="2" CONTENT="-" WC="1.00" CC="0"/>
						<SP ID="P9_SP00012" HPOS="635" VPOS="719" WIDTH="69"/>
						<String ID="P9_ST00016" HPOS="704" VPOS="712" WIDTH="8" HEIGHT="2" CONTENT="-" WC="1.00" CC="0"/>
						<SP ID="P9_SP00013" HPOS="712" VPOS="719" WIDTH="69"/>
						<String ID="P9_ST00017" HPOS="781" VPOS="712" WIDTH="9" HEIGHT="2" CONTENT="-" WC="1.00" CC="0"/>
						<SP ID="P9_SP00014" HPOS="790" VPOS="719" WIDTH="69"/>
						<String ID="P9_ST00018" HPOS="859" VPOS="712" WIDTH="8" HEIGHT="2" CONTENT="-" WC="1.00" CC="0"/>
						<SP ID="P9_SP00015" HPOS="867" VPOS="719" WIDTH="55"/>
						<String ID="P9_ST00019" HPOS="922" VPOS="697" WIDTH="29" HEIGHT="23" CONTENT="10" WC="0.60" CC="25"/>
					</TextLine>
					<TextLine ID="P9_TL00005" HPOS="156" VPOS="751" WIDTH="794" HEIGHT="25">
						<String ID="P9_ST00020" HPOS="156" VPOS="751" WIDTH="54" HEIGHT="24" CONTENT="III." WC="1.00" CC="0000"/>
						<SP ID="P9_SP00016" HPOS="210" VPOS="775" WIDTH="38"/>
						<String ID="P9_ST00021" HPOS="248" VPOS="751" WIDTH="58" HEIGHT="24" CONTENT="The" WC="0.75" CC="070"/>
						<SP ID="P9_SP00017" HPOS="306" VPOS="775" WIDTH="20"/>
						<String ID="P9_ST00022" HPOS="326" VPOS="752" WIDTH="131" HEIGHT="24" CONTENT="Kingdom" WC="0.68" CC="0004629"/>
						<SP ID="P9_SP00018" HPOS="457" VPOS="776" WIDTH="20"/>
						<String ID="P9_ST00023" HPOS="477" VPOS="759" WIDTH="31" HEIGHT="17" CONTENT="of" WC="0.67" CC="06"/>
						<SP ID="P9_SP00019" HPOS="508" VPOS="776" WIDTH="20"/>
						<String ID="P9_ST00024" HPOS="528" VPOS="752" WIDTH="79" HEIGHT="24" CONTENT="Kent" WC="0.84" CC="0006"/>
						<SP ID="P9_SP00020" HPOS="607" VPOS="776" WIDTH="19"/>
						<String ID="P9_ST00025" HPOS="626" VPOS="767" WIDTH="8" HEIGHT="2" CONTENT="-" WC="0.88" CC="1"/>
						<SP ID="P9_SP00021" HPOS="634" VPOS="776" WIDTH="69"/>
						<String ID="P9_ST00026" HPOS="703" VPOS="768" WIDTH="9" HEIGHT="3" CONTENT="-" WC="0.88" CC="1"/>
						<SP ID="P9_SP00022" HPOS="712" VPOS="776" WIDTH="69"/>
						<String ID="P9_ST00027" HPOS="781" VPOS="768" WIDTH="8" HEIGHT="2" CONTENT="-" WC="1.00" CC="0"/>
						<SP ID="P9_SP00023" HPOS="789" VPOS="776" WIDTH="69"/>
						<String ID="P9_ST00028" HPOS="858" VPOS="753" WIDTH="92" HEIGHT="23" CONTENT="-25" WC="0.81" CC="005"/>
					</TextLine>
					<TextLine ID="P9_TL00006" HPOS="161" VPOS="807" WIDTH="789" HEIGHT="26">
						<String ID="P9_ST00029" HPOS="161" VPOS="807" WIDTH="49" HEIGHT="23" CONTENT="IV." WC="0.75" CC="051"/>
						<SP ID="P9_SP00024" HPOS="210" VPOS="830" WIDTH="39"/>
						<String ID="P9_ST00030" HPOS="249" VPOS="808" WIDTH="120" HEIGHT="24" CONTENT="Norman" WC="0.44" CC="705767"/>
						<SP ID="P9_SP00025" HPOS="369" VPOS="832" WIDTH="18"/>
						<String ID="P9_ST00031" HPOS="387" VPOS="808" WIDTH="81" HEIGHT="25" CONTENT="Kent" WC="0.44" CC="0794"/>
						<SP ID="P9_SP00026" HPOS="468" VPOS="833" WIDTH="449"/>
						<String ID="P9_ST00032" HPOS="917" VPOS="810" WIDTH="33" HEIGHT="23" CONTENT="54" WC="0.35" CC="48"/>
					</TextLine>
					<TextLine ID="P9_TL00007" HPOS="178" VPOS="864" WIDTH="772" HEIGHT="25">
						<String ID="P9_ST00033" HPOS="178" VPOS="864" WIDTH="32" HEIGHT="24" CONTENT="V." WC="0.60" CC="70"/>
						<SP ID="P9_SP00027" HPOS="210" VPOS="888" WIDTH="39"/>
						<String ID="P9_ST00034" HPOS="249" VPOS="864" WIDTH="199" HEIGHT="25" CONTENT="Plantagenet" WC="0.58" CC="77990050006"/>
						<SP ID="P9_SP00028" HPOS="448" VPOS="889" WIDTH="18"/>
						<String ID="P9_ST00035" HPOS="466" VPOS="864" WIDTH="81" HEIGHT="24" CONTENT="Kent" WC="0.76" CC="0090"/>
						<SP ID="P9_SP00029" HPOS="547" VPOS="889" WIDTH="78"/>
						<String ID="P9_ST00036" HPOS="625" VPOS="879" WIDTH="8" HEIGHT="4" CONTENT="-" WC="0.67" CC="3"/>
						<SP ID="P9_SP00030" HPOS="633" VPOS="889" WIDTH="70"/>
						<String ID="P9_ST00037" HPOS="703" VPOS="880" WIDTH="7" HEIGHT="3" CONTENT="-" WC="1.00" CC="0"/>
						<SP ID="P9_SP00031" HPOS="710" VPOS="889" WIDTH="146"/>
						<String ID="P9_ST00038" HPOS="856" VPOS="880" WIDTH="9" HEIGHT="3" CONTENT="-" WC="1.00" CC="0"/>
						<SP ID="P9_SP00032" HPOS="865" VPOS="889" WIDTH="53"/>
						<String ID="P9_ST00039" HPOS="918" VPOS="866" WIDTH="32" HEIGHT="23" CONTENT="68" WC="1.00" CC="00"/>
					</TextLine>
					<TextLine ID="P9_TL00008" HPOS="161" VPOS="921" WIDTH="787" HEIGHT="25">
						<String ID="P9_ST00040" HPOS="161" VPOS="921" WIDTH="48" HEIGHT="25" CONTENT="VI." WC="0.81" CC="500"/>
						<SP ID="P9_SP00033" HPOS="209" VPOS="946" WIDTH="39"/>
						<String ID="P9_ST00041" HPOS="248" VPOS="922" WIDTH="94" HEIGHT="24" CONTENT="Tudor" WC="0.47" CC="15666"/>
						<SP ID="P9_SP00034" HPOS="342" VPOS="946" WIDTH="18"/>
						<String ID="P9_ST00042" HPOS="360" VPOS="921" WIDTH="80" HEIGHT="24" CONTENT="Kent" WC="0.73" CC="0090"/>
						<SP ID="P9_SP00035" HPOS="440" VPOS="946" WIDTH="28"/>
						<String ID="P9_ST00043" HPOS="468" VPOS="936" WIDTH="395" HEIGHT="4" CONTENT="------" WC="0.88" CC="303000"/>
						<SP ID="P9_SP00036" HPOS="863" VPOS="946" WIDTH="37"/>
						<String ID="P9_ST00044" HPOS="900" VPOS="923" WIDTH="48" HEIGHT="23" CONTENT="139" WC="0.61" CC="047"/>
					</TextLine>
					<TextLine ID="P9_TL00009" HPOS="142" VPOS="977" WIDTH="807" HEIGHT="24">
						<String ID="P9_ST00045" HPOS="142" VPOS="977" WIDTH="66" HEIGHT="24" CONTENT="VII." WC="0.92" CC="0300"/>
						<SP ID="P9_SP00037" HPOS="208" VPOS="1001" WIDTH="39"/>
						<String ID="P9_ST00046" HPOS="247" VPOS="977" WIDTH="128" HEIGHT="24" CONTENT="Stewart" WC="0.44" CC="7907840"/>
						<SP ID="P9_SP00038" HPOS="375" VPOS="1001" WIDTH="22"/>
						<String ID="P9_ST00047" HPOS="397" VPOS="977" WIDTH="79" HEIGHT="24" CONTENT="Kent" WC="0.75" CC="0090"/>
						<SP ID="P9_SP00039" HPOS="476" VPOS="1001" WIDTH="148"/>
						<String ID="P9_ST00048" HPOS="624" VPOS="992" WIDTH="7" HEIGHT="3" CONTENT="-" WC="1.00" CC="0"/>
						<SP ID="P9_SP00040" HPOS="631" VPOS="1001" WIDTH="71"/>
						<String ID="P9_ST00049" HPOS="702" VPOS="992" WIDTH="7" HEIGHT="3" CONTENT="-" WC="1.00" CC="0"/>
						<SP ID="P9_SP00041" HPOS="709" VPOS="1001" WIDTH="147"/>
						<String ID="P9_ST00050" HPOS="856" VPOS="993" WIDTH="8" HEIGHT="2" CONTENT="-" WC="1.00" CC="0"/>
						<SP ID="P9_SP00042" HPOS="864" VPOS="1001" WIDTH="36"/>
						<String ID="P9_ST00051" HPOS="900" VPOS="978" WIDTH="49" HEIGHT="23" CONTENT="206" WC="0.37" CC="837"/>
					</TextLine>
					<TextLine ID="P9_TL00010" HPOS="124" VPOS="1033" WIDTH="824" HEIGHT="25">
						<String ID="P9_ST00052" HPOS="124" VPOS="1034" WIDTH="81" HEIGHT="24" CONTENT="VIII." WC="1.00" CC="00000"/>
						<SP ID="P9_SP00043" HPOS="205" VPOS="1058" WIDTH="38"/>
						<String ID="P9_ST00053" HPOS="243" VPOS="1034" WIDTH="179" HEIGHT="24" CONTENT="Eighteenth" WC="0.80" CC="1063000008"/>
						<SP ID="P9_SP00044" HPOS="422" VPOS="1058" WIDTH="20"/>
						<String ID="P9_ST00054" HPOS="442" VPOS="1033" WIDTH="128" HEIGHT="24" CONTENT="Century" WC="0.42" CC="0099972"/>
						<SP ID="P9_SP00045" HPOS="570" VPOS="1058" WIDTH="20"/>
						<String ID="P9_ST00055" HPOS="590" VPOS="1034" WIDTH="79" HEIGHT="23" CONTENT="Kent" WC="0.60" CC="0590"/>
						<SP ID="P9_SP00046" HPOS="669" VPOS="1058" WIDTH="32"/>
						<String ID="P9_ST00056" HPOS="701" VPOS="1049" WIDTH="6" HEIGHT="2" CONTENT="-" WC="1.00" CC="0"/>
						<SP ID="P9_SP00047" HPOS="707" VPOS="1058" WIDTH="149"/>
						<String ID="P9_ST00057" HPOS="856" VPOS="1050" WIDTH="7" HEIGHT="1" CONTENT="-" WC="1.00" CC="0"/>
						<SP ID="P9_SP00048" HPOS="863" VPOS="1058" WIDTH="37"/>
						<String ID="P9_ST00058" HPOS="900" VPOS="1034" WIDTH="48" HEIGHT="24" CONTENT="273" WC="0.61" CC="074"/>
					</TextLine>
					<TextLine ID="P9_TL00011" HPOS="156" VPOS="1090" WIDTH="792" HEIGHT="25">
						<String ID="P9_ST00059" HPOS="156" VPOS="1091" WIDTH="49" HEIGHT="24" CONTENT="IX." WC="0.73" CC="070"/>
						<SP ID="P9_SP00049" HPOS="205" VPOS="1115" WIDTH="39"/>
						<String ID="P9_ST00060" HPOS="244" VPOS="1090" WIDTH="92" HEIGHT="24" CONTENT="Later" WC="0.63" CC="08206"/>
						<SP ID="P9_SP00050" HPOS="336" VPOS="1115" WIDTH="18"/>
						<String ID="P9_ST00061" HPOS="354" VPOS="1090" WIDTH="80" HEIGHT="24" CONTENT="Kent" WC="0.58" CC="0690"/>
						<SP ID="P9_SP00051" HPOS="434" VPOS="1115" WIDTH="33"/>
						<String ID="P9_ST00062" HPOS="467" VPOS="1106" WIDTH="8" HEIGHT="2" CONTENT="-" WC="0.67" CC="3"/>
						<SP ID="P9_SP00052" HPOS="475" VPOS="1115" WIDTH="381"/>
						<String ID="P9_ST00063" HPOS="856" VPOS="1106" WIDTH="6" HEIGHT="2" CONTENT="-" WC="0.67" CC="3"/>
						<SP ID="P9_SP00053" HPOS="862" VPOS="1115" WIDTH="38"/>
						<String ID="P9_ST00064" HPOS="900" VPOS="1090" WIDTH="48" HEIGHT="24" CONTENT="289" WC="0.50" CC="077"/>
					</TextLine>
					<TextLine ID="P9_TL00012" HPOS="245" VPOS="1206" WIDTH="159" HEIGHT="23">
						<String ID="P9_ST00065" HPOS="245" VPOS="1206" WIDTH="144" HEIGHT="23" CONTENT="Appendix" WC="0.44" CC="96570608"/>
						<SP ID="P9_SP00054" HPOS="389" VPOS="1229" WIDTH="12"/>
						<String ID="P9_ST00066" HPOS="401" VPOS="1214" WIDTH="3" HEIGHT="14" CONTENT=":" WC="0.98" CC="0"/>
					</TextLine>
					<TextLine ID="P9_TL00013" HPOS="299" VPOS="1260" WIDTH="648" HEIGHT="33">
						<String ID="P9_ST00067" HPOS="299" VPOS="1262" WIDTH="32" HEIGHT="23" CONTENT="A." WC="0.52" CC="90"/>
						<SP ID="P9_SP00055" HPOS="331" VPOS="1285" WIDTH="39"/>
						<String ID="P9_ST00068" HPOS="370" VPOS="1260" WIDTH="84" HEIGHT="33" CONTENT="Royal" WC="0.54" CC="50763"/>
						<SP ID="P9_SP00056" HPOS="454" VPOS="1293" WIDTH="13"/>
						<String ID="P9_ST00069" HPOS="467" VPOS="1260" WIDTH="74" HEIGHT="23" CONTENT="Kent" WC="0.55" CC="0089"/>
						<SP ID="P9_SP00057" HPOS="541" VPOS="1293" WIDTH="81"/>
						<String ID="P9_ST00070" HPOS="622" VPOS="1274" WIDTH="8" HEIGHT="3" CONTENT="-" WC="1.00" CC="0"/>
						<SP ID="P9_SP00058" HPOS="630" VPOS="1293" WIDTH="225"/>
						<String ID="P9_ST00071" HPOS="855" VPOS="1275" WIDTH="7" HEIGHT="2" CONTENT="-" WC="0.81" CC="1"/>
						<SP ID="P9_SP00059" HPOS="862" VPOS="1293" WIDTH="37"/>
						<String ID="P9_ST00072" HPOS="899" VPOS="1260" WIDTH="48" HEIGHT="24" CONTENT="302" WC="0.44" CC="419"/>
					</TextLine>
					<TextLine ID="P9_TL00014" HPOS="305" VPOS="1316" WIDTH="643" HEIGHT="32">
						<String ID="P9_ST00073" HPOS="305" VPOS="1317" WIDTH="29" HEIGHT="24" CONTENT="B." WC="0.45" CC="82"/>
						<SP ID="P9_SP00060" HPOS="334" VPOS="1341" WIDTH="38"/>
						<String ID="P9_ST00074" HPOS="372" VPOS="1316" WIDTH="54" HEIGHT="24" CONTENT="The" WC="0.76" CC="070"/>
						<SP ID="P9_SP00061" HPOS="426" VPOS="1341" WIDTH="13"/>
						<String ID="P9_ST00075" HPOS="439" VPOS="1316" WIDTH="98" HEIGHT="32" CONTENT="Cinque" WC="0.49" CC="508960"/>
						<SP ID="P9_SP00062" HPOS="537" VPOS="1348" WIDTH="14"/>
						<String ID="P9_ST00076" HPOS="551" VPOS="1316" WIDTH="76" HEIGHT="23" CONTENT="Ports" WC="0.25" CC="79747"/>
						<SP ID="P9_SP00063" HPOS="627" VPOS="1348" WIDTH="74"/>
						<String ID="P9_ST00077" HPOS="701" VPOS="1331" WIDTH="7" HEIGHT="2" CONTENT="-" WC="1.00" CC="0"/>
						<SP ID="P9_SP00064" HPOS="708" VPOS="1348" WIDTH="70"/>
						<String ID="P9_ST00078" HPOS="778" VPOS="1332" WIDTH="7" HEIGHT="1" CONTENT="-" WC="0.84" CC="1"/>
						<SP ID="P9_SP00065" HPOS="785" VPOS="1348" WIDTH="70"/>
						<String ID="P9_ST00079" HPOS="855" VPOS="1332" WIDTH="7" HEIGHT="2" CONTENT="-" WC="1.00" CC="0"/>
						<SP ID="P9_SP00066" HPOS="862" VPOS="1348" WIDTH="37"/>
						<String ID="P9_ST00080" HPOS="899" VPOS="1317" WIDTH="49" HEIGHT="23" CONTENT="305" WC="0.80" CC="320"/>
					</TextLine>
					<TextLine ID="P9_TL00015" HPOS="307" VPOS="1371" WIDTH="642" HEIGHT="33">
						<String ID="P9_ST00081" HPOS="307" VPOS="1373" WIDTH="26" HEIGHT="24" CONTENT="C." WC="0.67" CC="60"/>
						<SP ID="P9_SP00067" HPOS="333" VPOS="1397" WIDTH="39"/>
						<String ID="P9_ST00082" HPOS="372" VPOS="1372" WIDTH="148" HEIGHT="32" CONTENT="Travelling" WC="0.59" CC="0166072366"/>
						<SP ID="P9_SP00068" HPOS="520" VPOS="1404" WIDTH="13"/>
						<String ID="P9_ST00083" HPOS="533" VPOS="1371" WIDTH="28" HEIGHT="25" CONTENT="in" WC="0.68" CC="06"/>
						<SP ID="P9_SP00069" HPOS="561" VPOS="1404" WIDTH="13"/>
						<String ID="P9_ST00084" HPOS="574" VPOS="1371" WIDTH="73" HEIGHT="24" CONTENT="Kent" WC="0.75" CC="0090"/>
						<SP ID="P9_SP00070" HPOS="647" VPOS="1404" WIDTH="55"/>
						<String ID="P9_ST00085" HPOS="702" VPOS="1387" WIDTH="6" HEIGHT="2" CONTENT="-" WC="0.57" CC="4"/>
						<SP ID="P9_SP00071" HPOS="708" VPOS="1404" WIDTH="148"/>
						<String ID="P9_ST00086" HPOS="856" VPOS="1387" WIDTH="7" HEIGHT="3" CONTENT="-" WC="1.00" CC="0"/>
						<SP ID="P9_SP00072" HPOS="863" VPOS="1404" WIDTH="37"/>
						<String ID="P9_ST00087" HPOS="900" VPOS="1373" WIDTH="49" HEIGHT="24" CONTENT="310" WC="0.65" CC="505"/>
					</TextLine>
					<TextLine ID="P9_TL00016" HPOS="302" VPOS="1427" WIDTH="646" HEIGHT="27">
						<String ID="P9_ST00088" HPOS="302" VPOS="1431" WIDTH="30" HEIGHT="23" CONTENT="D." WC="0.61" CC="70"/>
						<SP ID="P9_SP00073" HPOS="332" VPOS="1454" WIDTH="39"/>
						<String ID="P9_ST00089" HPOS="371" VPOS="1428" WIDTH="50" HEIGHT="26" CONTENT="Old" WC="1.00" CC="000"/>
						<SP ID="P9_SP00074" HPOS="421" VPOS="1454" WIDTH="14"/>
						<String ID="P9_ST00090" HPOS="435" VPOS="1428" WIDTH="73" HEIGHT="25" CONTENT="Kent" WC="0.68" CC="0075"/>
						<SP ID="P9_SP00075" HPOS="508" VPOS="1454" WIDTH="15"/>
						<String ID="P9_ST00091" HPOS="523" VPOS="1427" WIDTH="104" HEIGHT="25" CONTENT="Cricket" WC="0.49" CC="5907408"/>
						<SP ID="P9_SP00076" HPOS="627" VPOS="1454" WIDTH="152"/>
						<String ID="P9_ST00092" HPOS="779" VPOS="1444" WIDTH="7" HEIGHT="3" CONTENT="-" WC="1.00" CC="0"/>
						<SP ID="P9_SP00077" HPOS="786" VPOS="1454" WIDTH="70"/>
						<String ID="P9_ST00093" HPOS="856" VPOS="1444" WIDTH="7" HEIGHT="3" CONTENT="-" WC="1.00" CC="0"/>
						<SP ID="P9_SP00078" HPOS="863" VPOS="1454" WIDTH="37"/>
						<String ID="P9_ST00094" HPOS="900" VPOS="1430" WIDTH="48" HEIGHT="23" CONTENT="311" WC="0.46" CC="617"/>
					</TextLine>
					<TextLine ID="P9_TL00017" HPOS="246" VPOS="1531" WIDTH="701" HEIGHT="24">
						<String ID="P9_ST00095" HPOS="246" VPOS="1531" WIDTH="87" HEIGHT="24" CONTENT="Index" WC="0.75" CC="00705"/>
						<SP ID="P9_SP00079" HPOS="333" VPOS="1555" WIDTH="54"/>
						<String ID="P9_ST00096" HPOS="387" VPOS="1545" WIDTH="9" HEIGHT="3" CONTENT="-" WC="1.00" CC="0"/>
						<SP ID="P9_SP00080" HPOS="396" VPOS="1555" WIDTH="69"/>
						<String ID="P9_ST00097" HPOS="465" VPOS="1544" WIDTH="8" HEIGHT="3" CONTENT="-" WC="1.00" CC="0"/>
						<SP ID="P9_SP00081" HPOS="473" VPOS="1555" WIDTH="70"/>
						<String ID="P9_ST00098" HPOS="543" VPOS="1544" WIDTH="8" HEIGHT="2" CONTENT="-" WC="1.00" CC="0"/>
						<SP ID="P9_SP00082" HPOS="551" VPOS="1555" WIDTH="304"/>
						<String ID="P9_ST00099" HPOS="855" VPOS="1544" WIDTH="7" HEIGHT="3" CONTENT="-" WC="0.59" CC="4"/>
						<SP ID="P9_SP00083" HPOS="862" VPOS="1555" WIDTH="37"/>
						<String ID="P9_ST00100" HPOS="899" VPOS="1531" WIDTH="48" HEIGHT="22" CONTENT="o2o" WC="0.04" CC="899"/>
					</TextLine>
				</TextBlock>
			</PrintSpace>
		</Page>
	</Layout>
</alto>
