<?xml version="1.0" encoding="UTF-8"?>
<alto xmlns:xsi="http://www.w3.org/2001/XMLSchema-instance" xsi:noNamespaceSchemaLocation="http://www.bl.uk/schemas/alto/alto-1-4.xsd" xmlns:xlink="http://www.w3.org/1999/xlink">
	<Description>
		<MeasurementUnit>mm10</MeasurementUnit>
		<sourceImageInformation>
			<fileName>//head1/IN/2008-20/A0011615688/004725.jp2</fileName>
		</sourceImageInformation>
		<OCRProcessing ID="OCRPROCESSING_1">
			<preProcessingStep>
				<processingSoftware>
					<softwareCreator>CCS Content Conversion Specialists GmbH, Germany</softwareCreator>
					<softwareName>CCS docWORKS</softwareName>
					<softwareVersion>6.1-0.67</softwareVersion>
				</processingSoftware>
			</preProcessingStep>
			<ocrProcessingStep>
				<processingSoftware>
					<softwareCreator>ABBYY (BIT Software), Russia</softwareCreator>
					<softwareName>Finereader</softwareName>
				</processingSoftware>
			</ocrProcessingStep>
		</OCRProcessing>
	</Description>
	<Styles>
		<TextStyle ID="TXT_0" FONTSIZE="11" FONTFAMILY="Courier New"/>
		<TextStyle ID="TXT_1" FONTSIZE="9" FONTFAMILY="Courier New"/>
		<ParagraphStyle ID="PAR_RIGHT" ALIGN="Right"/>
		<ParagraphStyle ID="PAR_CENTER" ALIGN="Center"/>
		<ParagraphStyle ID="PAR_LEFT" ALIGN="Left"/>
	</Styles>
	<Layout>
		<Page ID="P265" PHYSICAL_IMG_NR="265" HEIGHT="1823" WIDTH="1139" PRINTED_IMG_NR="213" POSITION="Right" ACCURACY="68.71">
			<TopMargin ID="P265_TM00001" HPOS="0" VPOS="0" WIDTH="1138" HEIGHT="129">
				<TextBlock ID="P265_TB00001" HPOS="950" VPOS="104" WIDTH="48" HEIGHT="23" STYLEREFS="TXT_0 PAR_RIGHT">
					<TextLine ID="P265_TL00001" HPOS="950" VPOS="104" WIDTH="48" HEIGHT="23">
						<String ID="P265_ST00001" HPOS="950" VPOS="104" WIDTH="48" HEIGHT="23" CONTENT="213" WC="1.00" CC="000"/>
					</TextLine>
				</TextBlock>
				<TextBlock ID="P265_TB00002" HPOS="469" VPOS="110" WIDTH="212" HEIGHT="18" STYLEREFS="TXT_1 PAR_CENTER">
					<TextLine ID="P265_TL00002" HPOS="469" VPOS="110" WIDTH="212" HEIGHT="18">
						<String ID="P265_ST00002" HPOS="469" VPOS="110" WIDTH="118" HEIGHT="18" CONTENT="STEWART" WC="0.41" CC="4099970"/>
						<SP ID="P265_SP00001" HPOS="587" VPOS="128" WIDTH="19"/>
						<String ID="P265_ST00003" HPOS="606" VPOS="110" WIDTH="75" HEIGHT="18" CONTENT="KENT." WC="1.00" CC="00000"/>
					</TextLine>
				</TextBlock>
			</TopMargin>
			<LeftMargin ID="P265_LM00001" HPOS="0" VPOS="129" WIDTH="151" HEIGHT="1556"/>
			<RightMargin ID="P265_RM00001" HPOS="1016" VPOS="129" WIDTH="122" HEIGHT="1556"/>
			<BottomMargin ID="P265_BM00001" HPOS="0" VPOS="1685" WIDTH="1138" HEIGHT="137"/>
			<PrintSpace ID="P265_PS00001" HPOS="151" VPOS="129" WIDTH="865" HEIGHT="1556">
				<TextBlock ID="P265_TB00003" HPOS="151" VPOS="179" WIDTH="848" HEIGHT="66" STYLEREFS="TXT_1 PAR_LEFT">
					<TextLine ID="P265_TL00003" HPOS="152" VPOS="179" WIDTH="847" HEIGHT="35">
						<String ID="P265_ST00004" HPOS="152" VPOS="179" WIDTH="160" HEIGHT="25" CONTENT="Parliament" WC="0.59" CC="7970000088"/>
						<SP ID="P265_SP00002" HPOS="312" VPOS="204" WIDTH="12"/>
						<String ID="P265_ST00005" HPOS="324" VPOS="181" WIDTH="51" HEIGHT="24" CONTENT="and" WC="0.75" CC="070"/>
						<SP ID="P265_SP00003" HPOS="375" VPOS="205" WIDTH="14"/>
						<String ID="P265_ST00006" HPOS="389" VPOS="182" WIDTH="57" HEIGHT="23" CONTENT="that" WC="0.63" CC="7700"/>
						<SP ID="P265_SP00004" HPOS="446" VPOS="205" WIDTH="13"/>
						<String ID="P265_ST00007" HPOS="459" VPOS="182" WIDTH="21" HEIGHT="24" CONTENT="it" WC="0.92" CC="01"/>
						<SP ID="P265_SP00005" HPOS="480" VPOS="206" WIDTH="13"/>
						<String ID="P265_ST00008" HPOS="493" VPOS="182" WIDTH="51" HEIGHT="24" CONTENT="had" WC="0.75" CC="700"/>
						<SP ID="P265_SP00006" HPOS="544" VPOS="206" WIDTH="13"/>
						<String ID="P265_ST00009" HPOS="557" VPOS="182" WIDTH="109" HEIGHT="32" CONTENT="nothing" WC="0.53" CC="6507580"/>
						<SP ID="P265_SP00007" HPOS="666" VPOS="214" WIDTH="10"/>
						<String ID="P265_ST00010" HPOS="676" VPOS="184" WIDTH="26" HEIGHT="22" CONTENT="to" WC="0.79" CC="40"/>
						<SP ID="P265_SP00008" HPOS="702" VPOS="214" WIDTH="13"/>
						<String ID="P265_ST00011" HPOS="715" VPOS="182" WIDTH="32" HEIGHT="24" CONTENT="do" WC="0.04" CC="99"/>
						<SP ID="P265_SP00009" HPOS="747" VPOS="214" WIDTH="13"/>
						<String ID="P265_ST00012" HPOS="760" VPOS="182" WIDTH="62" HEIGHT="23" CONTENT="with" WC="0.72" CC="0127"/>
						<SP ID="P265_SP00010" HPOS="822" VPOS="214" WIDTH="13"/>
						<String ID="P265_ST00013" HPOS="835" VPOS="182" WIDTH="71" HEIGHT="23" CONTENT="loans" WC="0.65" CC="36070"/>
						<SP ID="P265_SP00011" HPOS="906" VPOS="214" WIDTH="13"/>
						<String ID="P265_ST00014" HPOS="919" VPOS="180" WIDTH="80" HEIGHT="25" CONTENT="levied" WC="0.69" CC="104228"/>
					</TextLine>
					<TextLine ID="P265_TL00004" HPOS="152" VPOS="221" WIDTH="293" HEIGHT="24">
						<String ID="P265_ST00015" HPOS="152" VPOS="221" WIDTH="111" HEIGHT="23" CONTENT="without" WC="0.57" CC="0376920"/>
						<SP ID="P265_SP00012" HPOS="263" VPOS="244" WIDTH="14"/>
						<String ID="P265_ST00016" HPOS="277" VPOS="222" WIDTH="61" HEIGHT="23" CONTENT="such" WC="0.34" CC="7477"/>
						<SP ID="P265_SP00013" HPOS="338" VPOS="245" WIDTH="14"/>
						<String ID="P265_ST00017" HPOS="352" VPOS="225" WIDTH="93" HEIGHT="20" CONTENT="assent." WC="0.38" CC="7976840"/>
					</TextLine>
				</TextBlock>
				<TextBlock ID="P265_TB00004" HPOS="153" VPOS="260" WIDTH="850" HEIGHT="271" STYLEREFS="TXT_1 PAR_LEFT">
					<TextLine ID="P265_TL00005" HPOS="186" VPOS="260" WIDTH="814" HEIGHT="33">
						<String ID="P265_ST00018" HPOS="186" VPOS="260" WIDTH="53" HEIGHT="24" CONTENT="The" WC="0.79" CC="060"/>
						<SP ID="P265_SP00014" HPOS="239" VPOS="284" WIDTH="13"/>
						<String ID="P265_ST00019" HPOS="252" VPOS="262" WIDTH="81" HEIGHT="23" CONTENT="result" WC="0.66" CC="007507"/>
						<SP ID="P265_SP00015" HPOS="333" VPOS="285" WIDTH="13"/>
						<String ID="P265_ST00020" HPOS="346" VPOS="261" WIDTH="26" HEIGHT="24" CONTENT="of" WC="0.97" CC="00"/>
						<SP ID="P265_SP00016" HPOS="372" VPOS="285" WIDTH="13"/>
						<String ID="P265_ST00021" HPOS="385" VPOS="261" WIDTH="51" HEIGHT="24" CONTENT="this" WC="0.41" CC="6727"/>
						<SP ID="P265_SP00017" HPOS="436" VPOS="285" WIDTH="14"/>
						<String ID="P265_ST00022" HPOS="450" VPOS="270" WIDTH="51" HEIGHT="15" CONTENT="was" WC="0.92" CC="002"/>
						<SP ID="P265_SP00018" HPOS="501" VPOS="285" WIDTH="12"/>
						<String ID="P265_ST00023" HPOS="513" VPOS="261" WIDTH="59" HEIGHT="24" CONTENT="that" WC="0.55" CC="4705"/>
						<SP ID="P265_SP00019" HPOS="572" VPOS="285" WIDTH="10"/>
						<String ID="P265_ST00024" HPOS="582" VPOS="261" WIDTH="48" HEIGHT="25" CONTENT="five" WC="0.53" CC="3634"/>
						<SP ID="P265_SP00020" HPOS="630" VPOS="286" WIDTH="10"/>
						<String ID="P265_ST00025" HPOS="640" VPOS="261" WIDTH="106" HEIGHT="32" CONTENT="knights" WC="0.64" CC="0850704"/>
						<String ID="P265_ST00026" HPOS="749" VPOS="277" WIDTH="29" HEIGHT="2" CONTENT="—" WC="0.20" CC="8"/>
						<String ID="P265_ST00027" HPOS="782" VPOS="261" WIDTH="104" HEIGHT="29" CONTENT="Darnel," WC="0.68" CC="7037200"/>
						<SP ID="P265_SP00021" HPOS="886" VPOS="293" WIDTH="12"/>
						<String ID="P265_ST00028" HPOS="898" VPOS="260" WIDTH="102" HEIGHT="30" CONTENT="Corbet," WC="0.54" CC="7907070"/>
					</TextLine>
					<TextLine ID="P265_TL00006" HPOS="153" VPOS="300" WIDTH="848" HEIGHT="33">
						<String ID="P265_ST00029" HPOS="153" VPOS="300" WIDTH="148" HEIGHT="31" CONTENT="Hampden," WC="0.65" CC="50900480"/>
						<SP ID="P265_SP00022" HPOS="301" VPOS="331" WIDTH="27"/>
						<String ID="P265_ST00030" HPOS="328" VPOS="301" WIDTH="198" HEIGHT="32" CONTENT="Heveningham" WC="0.60" CC="50658280700"/>
						<SP ID="P265_SP00023" HPOS="526" VPOS="333" WIDTH="24"/>
						<String ID="P265_ST00031" HPOS="550" VPOS="301" WIDTH="52" HEIGHT="25" CONTENT="and" WC="0.67" CC="180"/>
						<SP ID="P265_SP00024" HPOS="602" VPOS="333" WIDTH="26"/>
						<String ID="P265_ST00032" HPOS="628" VPOS="302" WIDTH="60" HEIGHT="23" CONTENT="Earl" WC="0.79" CC="2005"/>
						<String ID="P265_ST00033" HPOS="689" VPOS="317" WIDTH="33" HEIGHT="3" CONTENT="—" WC="0.20" CC="8"/>
						<String ID="P265_ST00034" HPOS="724" VPOS="309" WIDTH="65" HEIGHT="16" CONTENT="were" WC="0.75" CC="0090"/>
						<SP ID="P265_SP00025" HPOS="789" VPOS="333" WIDTH="24"/>
						<String ID="P265_ST00035" HPOS="813" VPOS="301" WIDTH="114" HEIGHT="24" CONTENT="arrested" WC="0.61" CC="80009470"/>
						<SP ID="P265_SP00026" HPOS="927" VPOS="333" WIDTH="23"/>
						<String ID="P265_ST00036" HPOS="950" VPOS="301" WIDTH="51" HEIGHT="24" CONTENT="and" WC="0.46" CC="960"/>
					</TextLine>
					<TextLine ID="P265_TL00007" HPOS="153" VPOS="341" WIDTH="850" HEIGHT="33">
						<String ID="P265_ST00037" HPOS="153" VPOS="341" WIDTH="164" HEIGHT="31" CONTENT="imprisoned," WC="0.65" CC="07006698000"/>
						<SP ID="P265_SP00027" HPOS="317" VPOS="372" WIDTH="15"/>
						<String ID="P265_ST00038" HPOS="332" VPOS="342" WIDTH="51" HEIGHT="23" CONTENT="and" WC="0.76" CC="070"/>
						<SP ID="P265_SP00028" HPOS="383" VPOS="372" WIDTH="13"/>
						<String ID="P265_ST00039" HPOS="396" VPOS="351" WIDTH="68" HEIGHT="23" CONTENT="upon" WC="0.51" CC="0648"/>
						<SP ID="P265_SP00029" HPOS="464" VPOS="374" WIDTH="16"/>
						<String ID="P265_ST00040" HPOS="480" VPOS="342" WIDTH="69" HEIGHT="24" CONTENT="their" WC="0.59" CC="47025"/>
						<SP ID="P265_SP00030" HPOS="549" VPOS="374" WIDTH="16"/>
						<String ID="P265_ST00041" HPOS="565" VPOS="342" WIDTH="90" HEIGHT="31" CONTENT="appeal" WC="0.92" CC="000500"/>
						<SP ID="P265_SP00031" HPOS="655" VPOS="374" WIDTH="17"/>
						<String ID="P265_ST00042" HPOS="672" VPOS="344" WIDTH="26" HEIGHT="21" CONTENT="to" WC="0.56" CC="16"/>
						<SP ID="P265_SP00032" HPOS="698" VPOS="374" WIDTH="16"/>
						<String ID="P265_ST00043" HPOS="714" VPOS="341" WIDTH="31" HEIGHT="23" CONTENT="be" WC="0.51" CC="72"/>
						<SP ID="P265_SP00033" HPOS="745" VPOS="374" WIDTH="16"/>
						<String ID="P265_ST00044" HPOS="761" VPOS="341" WIDTH="112" HEIGHT="32" CONTENT="brought" WC="0.44" CC="7076970"/>
						<SP ID="P265_SP00034" HPOS="873" VPOS="374" WIDTH="16"/>
						<String ID="P265_ST00045" HPOS="889" VPOS="350" WIDTH="34" HEIGHT="23" CONTENT="up" WC="0.34" CC="57"/>
						<SP ID="P265_SP00035" HPOS="923" VPOS="374" WIDTH="16"/>
						<String ID="P265_ST00046" HPOS="939" VPOS="350" WIDTH="33" HEIGHT="14" CONTENT="on" WC="0.09" CC="98"/>
						<SP ID="P265_SP00036" HPOS="972" VPOS="374" WIDTH="16"/>
						<String ID="P265_ST00047" HPOS="988" VPOS="349" WIDTH="15" HEIGHT="15" CONTENT="a" WC="1.00" CC="0"/>
					</TextLine>
					<TextLine ID="P265_TL00008" HPOS="153" VPOS="381" WIDTH="850" HEIGHT="33">
						<String ID="P265_ST00048" HPOS="153" VPOS="381" WIDTH="61" HEIGHT="23" CONTENT="writ" WC="0.54" CC="0638"/>
						<SP ID="P265_SP00037" HPOS="214" VPOS="404" WIDTH="19"/>
						<String ID="P265_ST00049" HPOS="233" VPOS="381" WIDTH="27" HEIGHT="23" CONTENT="of" WC="0.14" CC="97"/>
						<SP ID="P265_SP00038" HPOS="260" VPOS="404" WIDTH="20"/>
						<String ID="P265_ST00050" HPOS="280" VPOS="381" WIDTH="100" HEIGHT="25" CONTENT="Habeas" WC="0.74" CC="600009"/>
						<SP ID="P265_SP00039" HPOS="380" VPOS="406" WIDTH="21"/>
						<String ID="P265_ST00051" HPOS="401" VPOS="381" WIDTH="106" HEIGHT="33" CONTENT="Corpus," WC="0.41" CC="6877702"/>
						<SP ID="P265_SP00040" HPOS="507" VPOS="414" WIDTH="21"/>
						<String ID="P265_ST00052" HPOS="528" VPOS="381" WIDTH="64" HEIGHT="24" CONTENT="with" WC="0.81" CC="0007"/>
						<SP ID="P265_SP00041" HPOS="592" VPOS="414" WIDTH="19"/>
						<String ID="P265_ST00053" HPOS="611" VPOS="381" WIDTH="44" HEIGHT="24" CONTENT="the" WC="0.68" CC="170"/>
						<SP ID="P265_SP00042" HPOS="655" VPOS="414" WIDTH="16"/>
						<String ID="P265_ST00054" HPOS="671" VPOS="381" WIDTH="101" HEIGHT="24" CONTENT="articles" WC="0.69" CC="05406052"/>
						<SP ID="P265_SP00043" HPOS="772" VPOS="414" WIDTH="16"/>
						<String ID="P265_ST00055" HPOS="788" VPOS="381" WIDTH="26" HEIGHT="24" CONTENT="of" WC="0.50" CC="90"/>
						<SP ID="P265_SP00044" HPOS="814" VPOS="414" WIDTH="15"/>
						<String ID="P265_ST00056" HPOS="829" VPOS="381" WIDTH="69" HEIGHT="24" CONTENT="their" WC="0.57" CC="47009"/>
						<SP ID="P265_SP00045" HPOS="898" VPOS="414" WIDTH="15"/>
						<String ID="P265_ST00057" HPOS="913" VPOS="381" WIDTH="90" HEIGHT="23" CONTENT="indict" SUBS_TYPE="HypPart1" SUBS_CONTENT="indictment" WC="0.88" CC="0800000"/>
						<HYP CONTENT="-"/>
					</TextLine>
					<TextLine ID="P265_TL00009" HPOS="154" VPOS="420" WIDTH="849" HEIGHT="33">
						<String ID="P265_ST00058" HPOS="154" VPOS="423" WIDTH="73" HEIGHT="21" CONTENT="ment" SUBS_TYPE="HypPart2" SUBS_CONTENT="indictment" WC="0.61" CC="0077"/>
						<SP ID="P265_SP00046" HPOS="227" VPOS="444" WIDTH="18"/>
						<String ID="P265_ST00059" HPOS="245" VPOS="420" WIDTH="67" HEIGHT="33" CONTENT="fully" WC="0.69" CC="09500"/>
						<SP ID="P265_SP00047" HPOS="312" VPOS="453" WIDTH="17"/>
						<String ID="P265_ST00060" HPOS="329" VPOS="422" WIDTH="94" HEIGHT="29" CONTENT="show-n," WC="0.56" CC="6224670"/>
						<SP ID="P265_SP00048" HPOS="423" VPOS="453" WIDTH="20"/>
						<String ID="P265_ST00061" HPOS="443" VPOS="422" WIDTH="21" HEIGHT="23" CONTENT="it" WC="0.55" CC="26"/>
						<SP ID="P265_SP00049" HPOS="464" VPOS="453" WIDTH="17"/>
						<String ID="P265_ST00062" HPOS="481" VPOS="430" WIDTH="52" HEIGHT="15" CONTENT="was" WC="0.92" CC="002"/>
						<SP ID="P265_SP00050" HPOS="533" VPOS="453" WIDTH="17"/>
						<String ID="P265_ST00063" HPOS="550" VPOS="420" WIDTH="100" HEIGHT="25" CONTENT="refused" WC="0.71" CC="0004609"/>
						<SP ID="P265_SP00051" HPOS="650" VPOS="453" WIDTH="18"/>
						<String ID="P265_ST00064" HPOS="668" VPOS="429" WIDTH="68" HEIGHT="24" CONTENT="upon" WC="0.66" CC="1803"/>
						<SP ID="P265_SP00052" HPOS="736" VPOS="453" WIDTH="19"/>
						<String ID="P265_ST00065" HPOS="755" VPOS="420" WIDTH="44" HEIGHT="24" CONTENT="the" WC="0.46" CC="771"/>
						<SP ID="P265_SP00053" HPOS="799" VPOS="453" WIDTH="16"/>
						<String ID="P265_ST00066" HPOS="815" VPOS="420" WIDTH="112" HEIGHT="33" CONTENT="grounds" WC="0.43" CC="9057880"/>
						<SP ID="P265_SP00054" HPOS="927" VPOS="453" WIDTH="19"/>
						<String ID="P265_ST00067" HPOS="946" VPOS="420" WIDTH="57" HEIGHT="24" CONTENT="that" WC="0.59" CC="4605"/>
					</TextLine>
					<TextLine ID="P265_TL00010" HPOS="153" VPOS="460" WIDTH="850" HEIGHT="32">
						<String ID="P265_ST00068" HPOS="153" VPOS="460" WIDTH="64" HEIGHT="31" CONTENT="they" WC="0.49" CC="4770"/>
						<SP ID="P265_SP00055" HPOS="217" VPOS="491" WIDTH="13"/>
						<String ID="P265_ST00069" HPOS="230" VPOS="460" WIDTH="50" HEIGHT="24" CONTENT="had" WC="0.42" CC="790"/>
						<SP ID="P265_SP00056" HPOS="280" VPOS="491" WIDTH="14"/>
						<String ID="P265_ST00070" HPOS="294" VPOS="461" WIDTH="64" HEIGHT="24" CONTENT="been" WC="0.64" CC="5008"/>
						<SP ID="P265_SP00057" HPOS="358" VPOS="491" WIDTH="13"/>
						<String ID="P265_ST00071" HPOS="371" VPOS="461" WIDTH="149" HEIGHT="24" CONTENT="committed" WC="0.79" CC="040006600"/>
						<SP ID="P265_SP00058" HPOS="520" VPOS="491" WIDTH="14"/>
						<String ID="P265_ST00072" HPOS="534" VPOS="461" WIDTH="33" HEIGHT="31" CONTENT="by" WC="0.64" CC="70"/>
						<SP ID="P265_SP00059" HPOS="567" VPOS="492" WIDTH="13"/>
						<String ID="P265_ST00073" HPOS="580" VPOS="461" WIDTH="92" HEIGHT="30" CONTENT="special" WC="0.73" CC="6002270"/>
						<SP ID="P265_SP00060" HPOS="672" VPOS="492" WIDTH="14"/>
						<String ID="P265_ST00074" HPOS="686" VPOS="460" WIDTH="133" HEIGHT="24" CONTENT="command" WC="0.77" CC="0205070"/>
						<SP ID="P265_SP00061" HPOS="819" VPOS="492" WIDTH="13"/>
						<String ID="P265_ST00075" HPOS="832" VPOS="460" WIDTH="26" HEIGHT="24" CONTENT="of" WC="0.89" CC="20"/>
						<SP ID="P265_SP00062" HPOS="858" VPOS="492" WIDTH="15"/>
						<String ID="P265_ST00076" HPOS="873" VPOS="460" WIDTH="43" HEIGHT="24" CONTENT="the" WC="0.55" CC="670"/>
						<SP ID="P265_SP00063" HPOS="916" VPOS="492" WIDTH="16"/>
						<String ID="P265_ST00077" HPOS="932" VPOS="460" WIDTH="71" HEIGHT="31" CONTENT="King" WC="0.56" CC="3580"/>
					</TextLine>
					<TextLine ID="P265_TL00011" HPOS="154" VPOS="500" WIDTH="549" HEIGHT="31">
						<String ID="P265_ST00078" HPOS="154" VPOS="500" WIDTH="113" HEIGHT="24" CONTENT="without" WC="0.62" CC="0096062"/>
						<SP ID="P265_SP00064" HPOS="267" VPOS="524" WIDTH="13"/>
						<String ID="P265_ST00079" HPOS="280" VPOS="502" WIDTH="141" HEIGHT="29" CONTENT="particular" WC="0.68" CC="0532006705"/>
						<SP ID="P265_SP00065" HPOS="421" VPOS="531" WIDTH="13"/>
						<String ID="P265_ST00080" HPOS="434" VPOS="509" WIDTH="73" HEIGHT="15" CONTENT="cause" WC="0.87" CC="00240"/>
						<SP ID="P265_SP00066" HPOS="507" VPOS="531" WIDTH="13"/>
						<String ID="P265_ST00081" HPOS="520" VPOS="501" WIDTH="76" HEIGHT="30" CONTENT="being" WC="0.67" CC="74040"/>
						<SP ID="P265_SP00067" HPOS="596" VPOS="531" WIDTH="14"/>
						<String ID="P265_ST00082" HPOS="610" VPOS="500" WIDTH="93" HEIGHT="24" CONTENT="shown." WC="0.63" CC="670080"/>
					</TextLine>
				</TextBlock>
				<TextBlock ID="P265_TB00005" HPOS="154" VPOS="539" WIDTH="850" HEIGHT="152" STYLEREFS="TXT_1 PAR_LEFT">
					<TextLine ID="P265_TL00012" HPOS="190" VPOS="540" WIDTH="814" HEIGHT="29">
						<String ID="P265_ST00083" HPOS="190" VPOS="541" WIDTH="36" HEIGHT="23" CONTENT="To" WC="0.96" CC="00"/>
						<SP ID="P265_SP00068" HPOS="226" VPOS="564" WIDTH="18"/>
						<String ID="P265_ST00084" HPOS="244" VPOS="541" WIDTH="52" HEIGHT="23" CONTENT="this" WC="0.53" CC="6705"/>
						<SP ID="P265_SP00069" HPOS="296" VPOS="564" WIDTH="22"/>
						<String ID="P265_ST00085" HPOS="318" VPOS="549" WIDTH="64" HEIGHT="20" CONTENT="case," WC="0.85" CC="00160"/>
						<SP ID="P265_SP00070" HPOS="382" VPOS="569" WIDTH="14"/>
						<String ID="P265_ST00086" HPOS="396" VPOS="541" WIDTH="94" HEIGHT="23" CONTENT="known" WC="0.84" CC="00007"/>
						<SP ID="P265_SP00071" HPOS="490" VPOS="569" WIDTH="20"/>
						<String ID="P265_ST00087" HPOS="510" VPOS="549" WIDTH="27" HEIGHT="15" CONTENT="as" WC="0.79" CC="04"/>
						<SP ID="P265_SP00072" HPOS="537" VPOS="569" WIDTH="20"/>
						<String ID="P265_ST00088" HPOS="557" VPOS="540" WIDTH="124" HEIGHT="29" CONTENT="Darnel's," WC="0.67" CC="792300060"/>
						<SP ID="P265_SP00073" HPOS="681" VPOS="569" WIDTH="14"/>
						<String ID="P265_ST00089" HPOS="695" VPOS="548" WIDTH="38" HEIGHT="15" CONTENT="w*e" WC="0.84" CC="040"/>
						<SP ID="P265_SP00074" HPOS="733" VPOS="569" WIDTH="12"/>
						<String ID="P265_ST00090" HPOS="745" VPOS="548" WIDTH="53" HEIGHT="16" CONTENT="owe" WC="0.90" CC="200"/>
						<SP ID="P265_SP00075" HPOS="798" VPOS="569" WIDTH="13"/>
						<String ID="P265_ST00091" HPOS="811" VPOS="540" WIDTH="43" HEIGHT="23" CONTENT="the" WC="0.64" CC="370"/>
						<SP ID="P265_SP00076" HPOS="854" VPOS="569" WIDTH="13"/>
						<String ID="P265_ST00092" HPOS="867" VPOS="540" WIDTH="137" HEIGHT="24" CONTENT="continued" WC="0.60" CC="057208209"/>
					</TextLine>
					<TextLine ID="P265_TL00013" HPOS="155" VPOS="580" WIDTH="849" HEIGHT="32">
						<String ID="P265_ST00093" HPOS="155" VPOS="580" WIDTH="127" HEIGHT="23" CONTENT="assertion" WC="0.62" CC="047002478"/>
						<SP ID="P265_SP00077" HPOS="282" VPOS="603" WIDTH="13"/>
						<String ID="P265_ST00094" HPOS="295" VPOS="580" WIDTH="34" HEIGHT="32" CONTENT="by" WC="0.19" CC="69"/>
						<SP ID="P265_SP00078" HPOS="329" VPOS="612" WIDTH="13"/>
						<String ID="P265_ST00095" HPOS="342" VPOS="580" WIDTH="159" HEIGHT="24" CONTENT="Parliament" WC="0.75" CC="7702002023"/>
						<SP ID="P265_SP00079" HPOS="501" VPOS="612" WIDTH="19"/>
						<String ID="P265_ST00096" HPOS="520" VPOS="580" WIDTH="26" HEIGHT="24" CONTENT="of" WC="0.84" CC="30"/>
						<SP ID="P265_SP00080" HPOS="546" VPOS="612" WIDTH="21"/>
						<String ID="P265_ST00097" HPOS="567" VPOS="580" WIDTH="44" HEIGHT="24" CONTENT="the" WC="0.42" CC="367"/>
						<SP ID="P265_SP00081" HPOS="611" VPOS="612" WIDTH="22"/>
						<String ID="P265_ST00098" HPOS="633" VPOS="580" WIDTH="177" HEIGHT="23" CONTENT="fundamental" WC="0.80" CC="40800008000"/>
						<SP ID="P265_SP00082" HPOS="810" VPOS="612" WIDTH="20"/>
						<String ID="P265_ST00099" HPOS="830" VPOS="580" WIDTH="137" HEIGHT="32" CONTENT="immunity" WC="0.80" CC="30007130"/>
						<SP ID="P265_SP00083" HPOS="967" VPOS="612" WIDTH="13"/>
						<String ID="P265_ST00100" HPOS="980" VPOS="580" WIDTH="24" HEIGHT="23" CONTENT="of" WC="1.00" CC="00"/>
					</TextLine>
					<TextLine ID="P265_TL00014" HPOS="157" VPOS="619" WIDTH="847" HEIGHT="32">
						<String ID="P265_ST00101" HPOS="157" VPOS="620" WIDTH="108" HEIGHT="31" CONTENT="English" WC="0.60" CC="4606207"/>
						<SP ID="P265_SP00084" HPOS="265" VPOS="651" WIDTH="20"/>
						<String ID="P265_ST00102" HPOS="285" VPOS="620" WIDTH="114" HEIGHT="31" CONTENT="subjects" WC="0.71" CC="42640040"/>
						<SP ID="P265_SP00085" HPOS="399" VPOS="651" WIDTH="20"/>
						<String ID="P265_ST00103" HPOS="419" VPOS="620" WIDTH="66" HEIGHT="24" CONTENT="from" WC="0.97" CC="0100"/>
						<SP ID="P265_SP00086" HPOS="485" VPOS="651" WIDTH="21"/>
						<String ID="P265_ST00104" HPOS="506" VPOS="619" WIDTH="130" HEIGHT="32" CONTENT="arbitrary" WC="0.67" CC="047052009"/>
						<SP ID="P265_SP00087" HPOS="636" VPOS="651" WIDTH="13"/>
						<String ID="P265_ST00105" HPOS="649" VPOS="619" WIDTH="140" HEIGHT="30" CONTENT="detention," WC="0.73" CC="7050500080"/>
						<SP ID="P265_SP00088" HPOS="789" VPOS="651" WIDTH="15"/>
						<String ID="P265_ST00106" HPOS="804" VPOS="621" WIDTH="50" HEIGHT="24" CONTENT="and" WC="0.78" CC="060"/>
						<SP ID="P265_SP00089" HPOS="854" VPOS="651" WIDTH="17"/>
						<String ID="P265_ST00107" HPOS="871" VPOS="620" WIDTH="33" HEIGHT="23" CONTENT="its" WC="0.74" CC="006"/>
						<SP ID="P265_SP00090" HPOS="904" VPOS="651" WIDTH="19"/>
						<String ID="P265_ST00108" HPOS="923" VPOS="619" WIDTH="81" HEIGHT="24" CONTENT="subse" SUBS_TYPE="HypPart1" SUBS_CONTENT="subsequent" WC="0.42" CC="906970"/>
						<HYP CONTENT="-"/>
					</TextLine>
					<TextLine ID="P265_TL00015" HPOS="156" VPOS="659" WIDTH="511" HEIGHT="32">
						<String ID="P265_ST00109" HPOS="156" VPOS="663" WIDTH="80" HEIGHT="28" CONTENT="quent" SUBS_TYPE="HypPart2" SUBS_CONTENT="subsequent" WC="0.46" CC="84085"/>
						<SP ID="P265_SP00091" HPOS="236" VPOS="691" WIDTH="14"/>
						<String ID="P265_ST00110" HPOS="250" VPOS="659" WIDTH="195" HEIGHT="25" CONTENT="establishment" WC="0.68" CC="0146700372070"/>
						<SP ID="P265_SP00092" HPOS="445" VPOS="691" WIDTH="13"/>
						<String ID="P265_ST00111" HPOS="458" VPOS="660" WIDTH="33" HEIGHT="31" CONTENT="by" WC="1.00" CC="00"/>
						<SP ID="P265_SP00093" HPOS="491" VPOS="691" WIDTH="15"/>
						<String ID="P265_ST00112" HPOS="506" VPOS="660" WIDTH="39" HEIGHT="29" CONTENT="31," WC="0.89" CC="020"/>
						<SP ID="P265_SP00094" HPOS="545" VPOS="691" WIDTH="15"/>
						<String ID="P265_ST00113" HPOS="560" VPOS="659" WIDTH="55" HEIGHT="25" CONTENT="Car." WC="0.81" CC="5020"/>
						<SP ID="P265_SP00095" HPOS="615" VPOS="691" WIDTH="16"/>
						<String ID="P265_ST00114" HPOS="631" VPOS="659" WIDTH="36" HEIGHT="24" CONTENT="II." WC="0.87" CC="300"/>
					</TextLine>
				</TextBlock>
				<TextBlock ID="P265_TB00006" HPOS="156" VPOS="699" WIDTH="851" HEIGHT="231" STYLEREFS="TXT_1 PAR_LEFT">
					<TextLine ID="P265_TL00016" HPOS="192" VPOS="699" WIDTH="815" HEIGHT="32">
						<String ID="P265_ST00115" HPOS="192" VPOS="700" WIDTH="54" HEIGHT="23" CONTENT="But" WC="0.53" CC="615"/>
						<SP ID="P265_SP00096" HPOS="246" VPOS="723" WIDTH="21"/>
						<String ID="P265_ST00116" HPOS="267" VPOS="699" WIDTH="136" HEIGHT="32" CONTENT="judgment" WC="0.64" CC="46000656"/>
						<SP ID="P265_SP00097" HPOS="403" VPOS="731" WIDTH="21"/>
						<String ID="P265_ST00117" HPOS="424" VPOS="708" WIDTH="52" HEIGHT="15" CONTENT="was" WC="0.87" CC="003"/>
						<SP ID="P265_SP00098" HPOS="476" VPOS="731" WIDTH="20"/>
						<String ID="P265_ST00118" HPOS="496" VPOS="700" WIDTH="76" HEIGHT="31" CONTENT="given" WC="0.58" CC="05608"/>
						<SP ID="P265_SP00099" HPOS="572" VPOS="731" WIDTH="20"/>
						<String ID="P265_ST00119" HPOS="592" VPOS="699" WIDTH="39" HEIGHT="24" CONTENT="for" WC="0.44" CC="097"/>
						<SP ID="P265_SP00100" HPOS="631" VPOS="731" WIDTH="20"/>
						<String ID="P265_ST00120" HPOS="651" VPOS="699" WIDTH="44" HEIGHT="24" CONTENT="the" WC="0.75" CC="070"/>
						<SP ID="P265_SP00101" HPOS="695" VPOS="731" WIDTH="21"/>
						<String ID="P265_ST00121" HPOS="716" VPOS="699" WIDTH="99" HEIGHT="30" CONTENT="Crown," WC="0.78" CC="400080"/>
						<SP ID="P265_SP00102" HPOS="815" VPOS="731" WIDTH="15"/>
						<String ID="P265_ST00122" HPOS="830" VPOS="699" WIDTH="51" HEIGHT="24" CONTENT="and" WC="0.74" CC="070"/>
						<SP ID="P265_SP00103" HPOS="881" VPOS="731" WIDTH="12"/>
						<String ID="P265_ST00123" HPOS="893" VPOS="699" WIDTH="44" HEIGHT="24" CONTENT="the" WC="0.45" CC="663"/>
						<SP ID="P265_SP00104" HPOS="937" VPOS="731" WIDTH="22"/>
						<String ID="P265_ST00124" HPOS="959" VPOS="700" WIDTH="48" HEIGHT="23" CONTENT="five" WC="0.71" CC="2350"/>
					</TextLine>
					<TextLine ID="P265_TL00017" HPOS="157" VPOS="739" WIDTH="850" HEIGHT="32">
						<String ID="P265_ST00125" HPOS="157" VPOS="740" WIDTH="107" HEIGHT="31" CONTENT="knights" WC="0.42" CC="4639736"/>
						<SP ID="P265_SP00105" HPOS="264" VPOS="771" WIDTH="14"/>
						<String ID="P265_ST00126" HPOS="278" VPOS="747" WIDTH="65" HEIGHT="16" CONTENT="were" WC="0.94" CC="0020"/>
						<SP ID="P265_SP00106" HPOS="343" VPOS="771" WIDTH="10"/>
						<String ID="P265_ST00127" HPOS="353" VPOS="739" WIDTH="137" HEIGHT="24" CONTENT="remanded" WC="0.93" CC="50000000"/>
						<SP ID="P265_SP00107" HPOS="490" VPOS="771" WIDTH="20"/>
						<String ID="P265_ST00128" HPOS="510" VPOS="742" WIDTH="27" HEIGHT="20" CONTENT="to" WC="0.77" CC="40"/>
						<SP ID="P265_SP00108" HPOS="537" VPOS="771" WIDTH="18"/>
						<String ID="P265_ST00129" HPOS="555" VPOS="740" WIDTH="93" HEIGHT="31" CONTENT="prison." WC="0.57" CC="8907040"/>
						<SP ID="P265_SP00109" HPOS="648" VPOS="771" WIDTH="38"/>
						<String ID="P265_ST00130" HPOS="686" VPOS="739" WIDTH="40" HEIGHT="32" CONTENT="By" WC="0.66" CC="60"/>
						<SP ID="P265_SP00110" HPOS="726" VPOS="771" WIDTH="13"/>
						<String ID="P265_ST00131" HPOS="739" VPOS="739" WIDTH="51" HEIGHT="23" CONTENT="this" WC="0.59" CC="1409"/>
						<SP ID="P265_SP00111" HPOS="790" VPOS="771" WIDTH="18"/>
						<String ID="P265_ST00132" HPOS="808" VPOS="739" WIDTH="112" HEIGHT="23" CONTENT="decision" WC="0.59" CC="00047497"/>
						<SP ID="P265_SP00112" HPOS="920" VPOS="771" WIDTH="11"/>
						<String ID="P265_ST00133" HPOS="931" VPOS="747" WIDTH="76" HEIGHT="24" CONTENT="every" WC="0.81" CC="06020"/>
					</TextLine>
					<TextLine ID="P265_TL00018" HPOS="158" VPOS="778" WIDTH="849" HEIGHT="25">
						<String ID="P265_ST00134" HPOS="158" VPOS="782" WIDTH="100" HEIGHT="21" CONTENT="statute" WC="0.68" CC="1305406"/>
						<SP ID="P265_SP00113" HPOS="258" VPOS="803" WIDTH="13"/>
						<String ID="P265_ST00135" HPOS="271" VPOS="778" WIDTH="65" HEIGHT="24" CONTENT="from" WC="0.92" CC="0110"/>
						<SP ID="P265_SP00114" HPOS="336" VPOS="803" WIDTH="15"/>
						<String ID="P265_ST00136" HPOS="351" VPOS="778" WIDTH="44" HEIGHT="24" CONTENT="the" WC="0.76" CC="070"/>
						<SP ID="P265_SP00115" HPOS="395" VPOS="803" WIDTH="13"/>
						<String ID="P265_ST00137" HPOS="408" VPOS="779" WIDTH="80" HEIGHT="23" CONTENT="Great" WC="0.67" CC="66003"/>
						<SP ID="P265_SP00116" HPOS="488" VPOS="803" WIDTH="15"/>
						<String ID="P265_ST00138" HPOS="503" VPOS="778" WIDTH="109" HEIGHT="24" CONTENT="Charter" WC="0.70" CC="1604402"/>
						<SP ID="P265_SP00117" HPOS="612" VPOS="803" WIDTH="16"/>
						<String ID="P265_ST00139" HPOS="628" VPOS="778" WIDTH="158" HEIGHT="24" CONTENT="downwards" WC="0.79" CC="000302209"/>
						<SP ID="P265_SP00118" HPOS="786" VPOS="803" WIDTH="13"/>
						<String ID="P265_ST00140" HPOS="799" VPOS="778" WIDTH="100" HEIGHT="25" CONTENT="became" WC="0.80" CC="000703"/>
						<SP ID="P265_SP00119" HPOS="899" VPOS="803" WIDTH="19"/>
						<String ID="P265_ST00141" HPOS="918" VPOS="788" WIDTH="14" HEIGHT="14" CONTENT="a" WC="1.00" CC="0"/>
						<SP ID="P265_SP00120" HPOS="932" VPOS="803" WIDTH="12"/>
						<String ID="P265_ST00142" HPOS="944" VPOS="778" WIDTH="63" HEIGHT="24" CONTENT="dead" WC="0.76" CC="0090"/>
					</TextLine>
					<TextLine ID="P265_TL00019" HPOS="157" VPOS="817" WIDTH="850" HEIGHT="33">
						<String ID="P265_ST00143" HPOS="157" VPOS="820" WIDTH="85" HEIGHT="29" CONTENT="letter," WC="0.93" CC="4000000"/>
						<SP ID="P265_SP00121" HPOS="242" VPOS="849" WIDTH="16"/>
						<String ID="P265_ST00144" HPOS="258" VPOS="818" WIDTH="51" HEIGHT="25" CONTENT="and" WC="0.79" CC="060"/>
						<SP ID="P265_SP00122" HPOS="309" VPOS="849" WIDTH="15"/>
						<String ID="P265_ST00145" HPOS="324" VPOS="818" WIDTH="45" HEIGHT="24" CONTENT="the" WC="0.75" CC="330"/>
						<SP ID="P265_SP00123" HPOS="369" VPOS="849" WIDTH="21"/>
						<String ID="P265_ST00146" HPOS="390" VPOS="817" WIDTH="91" HEIGHT="25" CONTENT="wound" WC="0.64" CC="04580"/>
						<SP ID="P265_SP00124" HPOS="481" VPOS="849" WIDTH="22"/>
						<String ID="P265_ST00147" HPOS="503" VPOS="827" WIDTH="52" HEIGHT="15" CONTENT="was" WC="0.53" CC="076"/>
						<SP ID="P265_SP00125" HPOS="555" VPOS="849" WIDTH="18"/>
						<String ID="P265_ST00148" HPOS="573" VPOS="817" WIDTH="44" HEIGHT="25" CONTENT="the" WC="0.87" CC="300"/>
						<SP ID="P265_SP00126" HPOS="617" VPOS="849" WIDTH="20"/>
						<String ID="P265_ST00149" HPOS="637" VPOS="826" WIDTH="68" HEIGHT="16" CONTENT="more" WC="0.78" CC="0440"/>
						<SP ID="P265_SP00127" HPOS="705" VPOS="849" WIDTH="20"/>
						<String ID="P265_ST00150" HPOS="725" VPOS="817" WIDTH="92" HEIGHT="33" CONTENT="deadly" WC="0.81" CC="009010"/>
						<SP ID="P265_SP00128" HPOS="817" VPOS="850" WIDTH="21"/>
						<String ID="P265_ST00151" HPOS="838" VPOS="818" WIDTH="106" HEIGHT="25" CONTENT="because" WC="0.69" CC="4009060"/>
						<SP ID="P265_SP00129" HPOS="944" VPOS="850" WIDTH="21"/>
						<String ID="P265_ST00152" HPOS="965" VPOS="818" WIDTH="42" HEIGHT="24" CONTENT="the" WC="0.45" CC="663"/>
					</TextLine>
					<TextLine ID="P265_TL00020" HPOS="158" VPOS="857" WIDTH="849" HEIGHT="33">
						<String ID="P265_ST00153" HPOS="158" VPOS="859" WIDTH="133" HEIGHT="24" CONTENT="notorious" WC="0.57" CC="602394811"/>
						<SP ID="P265_SP00130" HPOS="291" VPOS="883" WIDTH="13"/>
						<String ID="P265_ST00154" HPOS="304" VPOS="867" WIDTH="74" HEIGHT="15" CONTENT="cause" WC="0.64" CC="38060"/>
						<SP ID="P265_SP00131" HPOS="378" VPOS="883" WIDTH="17"/>
						<String ID="P265_ST00155" HPOS="395" VPOS="858" WIDTH="27" HEIGHT="24" CONTENT="of" WC="1.00" CC="00"/>
						<SP ID="P265_SP00132" HPOS="422" VPOS="883" WIDTH="17"/>
						<String ID="P265_ST00156" HPOS="439" VPOS="858" WIDTH="195" HEIGHT="31" CONTENT="imprisonment" WC="0.58" CC="060756380083"/>
						<SP ID="P265_SP00133" HPOS="634" VPOS="889" WIDTH="17"/>
						<String ID="P265_ST00157" HPOS="651" VPOS="866" WIDTH="52" HEIGHT="15" CONTENT="was" WC="0.80" CC="005"/>
						<SP ID="P265_SP00134" HPOS="703" VPOS="889" WIDTH="17"/>
						<String ID="P265_ST00158" HPOS="720" VPOS="866" WIDTH="14" HEIGHT="15" CONTENT="a" WC="1.00" CC="0"/>
						<SP ID="P265_SP00135" HPOS="734" VPOS="889" WIDTH="18"/>
						<String ID="P265_ST00159" HPOS="752" VPOS="857" WIDTH="95" HEIGHT="25" CONTENT="refusal" WC="0.90" CC="0000600"/>
						<SP ID="P265_SP00136" HPOS="847" VPOS="889" WIDTH="15"/>
						<String ID="P265_ST00160" HPOS="862" VPOS="861" WIDTH="27" HEIGHT="21" CONTENT="to" WC="1.00" CC="00"/>
						<SP ID="P265_SP00137" HPOS="889" VPOS="889" WIDTH="17"/>
						<String ID="P265_ST00161" HPOS="906" VPOS="867" WIDTH="49" HEIGHT="23" CONTENT="pay" WC="0.73" CC="070"/>
						<SP ID="P265_SP00138" HPOS="955" VPOS="890" WIDTH="21"/>
						<String ID="P265_ST00162" HPOS="976" VPOS="867" WIDTH="31" HEIGHT="15" CONTENT="an" WC="0.47" CC="81"/>
					</TextLine>
					<TextLine ID="P265_TL00021" HPOS="158" VPOS="899" WIDTH="226" HEIGHT="31">
						<String ID="P265_ST00163" HPOS="158" VPOS="900" WIDTH="86" HEIGHT="30" CONTENT="illegal" WC="0.86" CC="0040004"/>
						<SP ID="P265_SP00139" HPOS="244" VPOS="930" WIDTH="14"/>
						<String ID="P265_ST00164" HPOS="258" VPOS="899" WIDTH="126" HEIGHT="23" CONTENT="exaction." WC="0.59" CC="098060380"/>
					</TextLine>
				</TextBlock>
				<TextBlock ID="P265_TB00007" HPOS="158" VPOS="937" WIDTH="851" HEIGHT="73" STYLEREFS="TXT_1 PAR_LEFT">
					<TextLine ID="P265_TL00022" HPOS="193" VPOS="937" WIDTH="816" HEIGHT="34">
						<String ID="P265_ST00165" HPOS="193" VPOS="939" WIDTH="54" HEIGHT="24" CONTENT="The" WC="0.78" CC="060"/>
						<SP ID="P265_SP00140" HPOS="247" VPOS="963" WIDTH="12"/>
						<String ID="P265_ST00166" HPOS="259" VPOS="939" WIDTH="137" HEIGHT="32" CONTENT="prisoners," WC="0.72" CC="0605080070"/>
						<SP ID="P265_SP00141" HPOS="396" VPOS="971" WIDTH="14"/>
						<String ID="P265_ST00167" HPOS="410" VPOS="938" WIDTH="124" HEIGHT="28" CONTENT="however," WC="0.63" CC="20906090"/>
						<SP ID="P265_SP00142" HPOS="534" VPOS="971" WIDTH="21"/>
						<String ID="P265_ST00168" HPOS="555" VPOS="945" WIDTH="65" HEIGHT="16" CONTENT="were" WC="1.00" CC="0000"/>
						<SP ID="P265_SP00143" HPOS="620" VPOS="971" WIDTH="19"/>
						<String ID="P265_ST00169" HPOS="639" VPOS="937" WIDTH="111" HEIGHT="24" CONTENT="released" WC="0.83" CC="50200500"/>
						<SP ID="P265_SP00144" HPOS="750" VPOS="971" WIDTH="15"/>
						<String ID="P265_ST00170" HPOS="765" VPOS="938" WIDTH="27" HEIGHT="23" CONTENT="in" WC="0.39" CC="38"/>
						<SP ID="P265_SP00145" HPOS="792" VPOS="971" WIDTH="12"/>
						<String ID="P265_ST00171" HPOS="804" VPOS="938" WIDTH="76" HEIGHT="28" CONTENT="June," WC="0.65" CC="05821"/>
						<SP ID="P265_SP00146" HPOS="880" VPOS="971" WIDTH="17"/>
						<String ID="P265_ST00172" HPOS="897" VPOS="938" WIDTH="72" HEIGHT="28" CONTENT="1628," WC="0.95" CC="20000"/>
						<SP ID="P265_SP00147" HPOS="969" VPOS="971" WIDTH="14"/>
						<String ID="P265_ST00173" HPOS="983" VPOS="938" WIDTH="26" HEIGHT="23" CONTENT="in" WC="0.47" CC="28"/>
					</TextLine>
					<TextLine ID="P265_TL00023" HPOS="159" VPOS="977" WIDTH="711" HEIGHT="33">
						<String ID="P265_ST00174" HPOS="159" VPOS="978" WIDTH="84" HEIGHT="24" CONTENT="which" WC="0.61" CC="06056"/>
						<SP ID="P265_SP00148" HPOS="243" VPOS="1002" WIDTH="13"/>
						<String ID="P265_ST00175" HPOS="256" VPOS="987" WIDTH="62" HEIGHT="23" CONTENT="year" WC="1.00" CC="0000"/>
						<SP ID="P265_SP00149" HPOS="318" VPOS="1010" WIDTH="12"/>
						<String ID="P265_ST00176" HPOS="330" VPOS="977" WIDTH="44" HEIGHT="24" CONTENT="the" WC="0.77" CC="060"/>
						<SP ID="P265_SP00150" HPOS="374" VPOS="1010" WIDTH="14"/>
						<String ID="P265_ST00177" HPOS="388" VPOS="977" WIDTH="74" HEIGHT="32" CONTENT="King" WC="0.79" CC="5300"/>
						<SP ID="P265_SP00151" HPOS="462" VPOS="1010" WIDTH="12"/>
						<String ID="P265_ST00178" HPOS="474" VPOS="977" WIDTH="82" HEIGHT="24" CONTENT="called" WC="0.90" CC="032000"/>
						<SP ID="P265_SP00152" HPOS="556" VPOS="1010" WIDTH="14"/>
						<String ID="P265_ST00179" HPOS="570" VPOS="977" WIDTH="40" HEIGHT="23" CONTENT="his" WC="0.87" CC="200"/>
						<SP ID="P265_SP00153" HPOS="610" VPOS="1010" WIDTH="15"/>
						<String ID="P265_ST00180" HPOS="625" VPOS="977" WIDTH="69" HEIGHT="23" CONTENT="third" WC="0.77" CC="17020"/>
						<SP ID="P265_SP00154" HPOS="694" VPOS="1010" WIDTH="13"/>
						<String ID="P265_ST00181" HPOS="707" VPOS="977" WIDTH="163" HEIGHT="23" CONTENT="Parliament." WC="0.72" CC="60722007030"/>
					</TextLine>
				</TextBlock>
				<TextBlock ID="P265_TB00008" HPOS="158" VPOS="1016" WIDTH="852" HEIGHT="191" STYLEREFS="TXT_1 PAR_LEFT">
					<TextLine ID="P265_TL00024" HPOS="193" VPOS="1016" WIDTH="817" HEIGHT="33">
						<String ID="P265_ST00182" HPOS="193" VPOS="1019" WIDTH="34" HEIGHT="23" CONTENT="In" WC="0.42" CC="38"/>
						<SP ID="P265_SP00155" HPOS="227" VPOS="1042" WIDTH="13"/>
						<String ID="P265_ST00183" HPOS="240" VPOS="1018" WIDTH="44" HEIGHT="24" CONTENT="the" WC="0.69" CC="170"/>
						<SP ID="P265_SP00156" HPOS="284" VPOS="1042" WIDTH="12"/>
						<String ID="P265_ST00184" HPOS="296" VPOS="1018" WIDTH="138" HEIGHT="24" CONTENT="vehement" WC="0.62" CC="70707062"/>
						<SP ID="P265_SP00157" HPOS="434" VPOS="1042" WIDTH="12"/>
						<String ID="P265_ST00185" HPOS="446" VPOS="1016" WIDTH="154" HEIGHT="24" CONTENT="discussions" WC="0.71" CC="00610350147"/>
						<SP ID="P265_SP00158" HPOS="600" VPOS="1042" WIDTH="18"/>
						<String ID="P265_ST00186" HPOS="618" VPOS="1016" WIDTH="83" HEIGHT="24" CONTENT="which" WC="0.79" CC="01107"/>
						<SP ID="P265_SP00159" HPOS="701" VPOS="1042" WIDTH="17"/>
						<String ID="P265_ST00187" HPOS="718" VPOS="1016" WIDTH="61" HEIGHT="24" CONTENT="took" WC="0.70" CC="1064"/>
						<SP ID="P265_SP00160" HPOS="779" VPOS="1042" WIDTH="16"/>
						<String ID="P265_ST00188" HPOS="795" VPOS="1017" WIDTH="70" HEIGHT="32" CONTENT="place" WC="0.68" CC="06800"/>
						<SP ID="P265_SP00161" HPOS="865" VPOS="1049" WIDTH="17"/>
						<String ID="P265_ST00189" HPOS="882" VPOS="1026" WIDTH="68" HEIGHT="23" CONTENT="upon" WC="0.86" CC="5000"/>
						<SP ID="P265_SP00162" HPOS="950" VPOS="1049" WIDTH="16"/>
						<String ID="P265_ST00190" HPOS="966" VPOS="1017" WIDTH="44" HEIGHT="24" CONTENT="the" WC="0.49" CC="770"/>
					</TextLine>
					<TextLine ID="P265_TL00025" HPOS="158" VPOS="1055" WIDTH="852" HEIGHT="34">
						<String ID="P265_ST00191" HPOS="158" VPOS="1058" WIDTH="104" HEIGHT="24" CONTENT="various" WC="0.71" CC="7070400"/>
						<SP ID="P265_SP00163" HPOS="262" VPOS="1082" WIDTH="13"/>
						<String ID="P265_ST00192" HPOS="275" VPOS="1057" WIDTH="132" HEIGHT="32" CONTENT="tyrannies" WC="0.83" CC="405002001"/>
						<SP ID="P265_SP00164" HPOS="407" VPOS="1089" WIDTH="14"/>
						<String ID="P265_ST00193" HPOS="421" VPOS="1056" WIDTH="51" HEIGHT="24" CONTENT="and" WC="0.87" CC="030"/>
						<SP ID="P265_SP00165" HPOS="472" VPOS="1089" WIDTH="18"/>
						<String ID="P265_ST00194" HPOS="490" VPOS="1055" WIDTH="127" HEIGHT="25" CONTENT="misdeeds" WC="0.93" CC="00500000"/>
						<SP ID="P265_SP00166" HPOS="617" VPOS="1089" WIDTH="16"/>
						<String ID="P265_ST00195" HPOS="633" VPOS="1055" WIDTH="27" HEIGHT="24" CONTENT="of" WC="1.00" CC="00"/>
						<SP ID="P265_SP00167" HPOS="660" VPOS="1089" WIDTH="17"/>
						<String ID="P265_ST00196" HPOS="677" VPOS="1055" WIDTH="44" HEIGHT="24" CONTENT="the" WC="0.56" CC="660"/>
						<SP ID="P265_SP00168" HPOS="721" VPOS="1089" WIDTH="14"/>
						<String ID="P265_ST00197" HPOS="735" VPOS="1055" WIDTH="99" HEIGHT="31" CONTENT="Crown," WC="0.95" CC="300000"/>
						<SP ID="P265_SP00169" HPOS="834" VPOS="1089" WIDTH="15"/>
						<String ID="P265_ST00198" HPOS="849" VPOS="1056" WIDTH="49" HEIGHT="24" CONTENT="and" WC="0.95" CC="010"/>
						<SP ID="P265_SP00170" HPOS="898" VPOS="1089" WIDTH="22"/>
						<String ID="P265_ST00199" HPOS="920" VPOS="1057" WIDTH="27" HEIGHT="23" CONTENT="in" WC="0.33" CC="58"/>
						<SP ID="P265_SP00171" HPOS="947" VPOS="1089" WIDTH="19"/>
						<String ID="P265_ST00200" HPOS="966" VPOS="1057" WIDTH="44" HEIGHT="24" CONTENT="the" WC="0.59" CC="650"/>
					</TextLine>
					<TextLine ID="P265_TL00026" HPOS="159" VPOS="1095" WIDTH="851" HEIGHT="32">
						<String ID="P265_ST00201" HPOS="159" VPOS="1097" WIDTH="151" HEIGHT="24" CONTENT="conference" WC="0.92" CC="0070000000"/>
						<SP ID="P265_SP00172" HPOS="310" VPOS="1121" WIDTH="25"/>
						<String ID="P265_ST00202" HPOS="335" VPOS="1096" WIDTH="58" HEIGHT="24" CONTENT="held" WC="0.77" CC="3050"/>
						<SP ID="P265_SP00173" HPOS="393" VPOS="1121" WIDTH="21"/>
						<String ID="P265_ST00203" HPOS="414" VPOS="1095" WIDTH="35" HEIGHT="32" CONTENT="by" WC="0.63" CC="70"/>
						<SP ID="P265_SP00174" HPOS="449" VPOS="1127" WIDTH="24"/>
						<String ID="P265_ST00204" HPOS="473" VPOS="1095" WIDTH="44" HEIGHT="24" CONTENT="the" WC="0.60" CC="560"/>
						<SP ID="P265_SP00175" HPOS="517" VPOS="1127" WIDTH="22"/>
						<String ID="P265_ST00205" HPOS="539" VPOS="1099" WIDTH="51" HEIGHT="20" CONTENT="two" WC="0.90" CC="003"/>
						<SP ID="P265_SP00176" HPOS="590" VPOS="1127" WIDTH="26"/>
						<String ID="P265_ST00206" HPOS="616" VPOS="1095" WIDTH="101" HEIGHT="24" CONTENT="Houses" WC="0.80" CC="000703"/>
						<SP ID="P265_SP00177" HPOS="717" VPOS="1127" WIDTH="22"/>
						<String ID="P265_ST00207" HPOS="739" VPOS="1095" WIDTH="84" HEIGHT="24" CONTENT="which" WC="0.91" CC="00121"/>
						<SP ID="P265_SP00178" HPOS="823" VPOS="1127" WIDTH="24"/>
						<String ID="P265_ST00208" HPOS="847" VPOS="1095" WIDTH="40" HEIGHT="24" CONTENT="led" WC="0.96" CC="100"/>
						<SP ID="P265_SP00179" HPOS="887" VPOS="1127" WIDTH="25"/>
						<String ID="P265_ST00209" HPOS="912" VPOS="1098" WIDTH="27" HEIGHT="22" CONTENT="to" WC="0.90" CC="20"/>
						<SP ID="P265_SP00180" HPOS="939" VPOS="1127" WIDTH="27"/>
						<String ID="P265_ST00210" HPOS="966" VPOS="1096" WIDTH="44" HEIGHT="24" CONTENT="the" WC="0.62" CC="460"/>
					</TextLine>
					<TextLine ID="P265_TL00027" HPOS="160" VPOS="1135" WIDTH="850" HEIGHT="32">
						<String ID="P265_ST00211" HPOS="160" VPOS="1137" WIDTH="116" HEIGHT="23" CONTENT="Petition" WC="0.78" CC="70300050"/>
						<SP ID="P265_SP00181" HPOS="276" VPOS="1160" WIDTH="16"/>
						<String ID="P265_ST00212" HPOS="292" VPOS="1136" WIDTH="26" HEIGHT="24" CONTENT="of" WC="0.43" CC="46"/>
						<SP ID="P265_SP00182" HPOS="318" VPOS="1160" WIDTH="22"/>
						<String ID="P265_ST00213" HPOS="340" VPOS="1136" WIDTH="89" HEIGHT="31" CONTENT="Right," WC="0.58" CC="640760"/>
						<SP ID="P265_SP00183" HPOS="429" VPOS="1167" WIDTH="15"/>
						<String ID="P265_ST00214" HPOS="444" VPOS="1135" WIDTH="95" HEIGHT="31" CONTENT="Digges" WC="0.79" CC="750000"/>
						<SP ID="P265_SP00184" HPOS="539" VPOS="1167" WIDTH="12"/>
						<String ID="P265_ST00215" HPOS="551" VPOS="1135" WIDTH="62" HEIGHT="24" CONTENT="took" WC="0.83" CC="2201"/>
						<SP ID="P265_SP00185" HPOS="613" VPOS="1167" WIDTH="16"/>
						<String ID="P265_ST00216" HPOS="629" VPOS="1143" WIDTH="15" HEIGHT="15" CONTENT="a" WC="1.00" CC="0"/>
						<SP ID="P265_SP00186" HPOS="644" VPOS="1167" WIDTH="15"/>
						<String ID="P265_ST00217" HPOS="659" VPOS="1135" WIDTH="145" HEIGHT="31" CONTENT="prominent" WC="0.69" CC="800042074"/>
						<SP ID="P265_SP00187" HPOS="804" VPOS="1167" WIDTH="13"/>
						<String ID="P265_ST00218" HPOS="817" VPOS="1137" WIDTH="65" HEIGHT="29" CONTENT="part," WC="0.63" CC="09304"/>
						<SP ID="P265_SP00188" HPOS="882" VPOS="1167" WIDTH="15"/>
						<String ID="P265_ST00219" HPOS="897" VPOS="1135" WIDTH="51" HEIGHT="24" CONTENT="and" WC="0.74" CC="700"/>
						<SP ID="P265_SP00189" HPOS="948" VPOS="1167" WIDTH="12"/>
						<String ID="P265_ST00220" HPOS="960" VPOS="1144" WIDTH="50" HEIGHT="15" CONTENT="was" WC="0.33" CC="909"/>
					</TextLine>
					<TextLine ID="P265_TL00028" HPOS="159" VPOS="1175" WIDTH="555" HEIGHT="32">
						<String ID="P265_ST00221" HPOS="159" VPOS="1186" WIDTH="48" HEIGHT="15" CONTENT="one" WC="0.95" CC="010"/>
						<SP ID="P265_SP00190" HPOS="207" VPOS="1201" WIDTH="13"/>
						<String ID="P265_ST00222" HPOS="220" VPOS="1177" WIDTH="27" HEIGHT="24" CONTENT="of" WC="1.00" CC="00"/>
						<SP ID="P265_SP00191" HPOS="247" VPOS="1201" WIDTH="12"/>
						<String ID="P265_ST00223" HPOS="259" VPOS="1177" WIDTH="44" HEIGHT="23" CONTENT="the" WC="0.87" CC="120"/>
						<SP ID="P265_SP00192" HPOS="303" VPOS="1201" WIDTH="13"/>
						<String ID="P265_ST00224" HPOS="316" VPOS="1184" WIDTH="133" HEIGHT="23" CONTENT="managers" WC="0.81" CC="00500034"/>
						<SP ID="P265_SP00193" HPOS="449" VPOS="1207" WIDTH="13"/>
						<String ID="P265_ST00225" HPOS="462" VPOS="1175" WIDTH="40" HEIGHT="23" CONTENT="for" WC="0.87" CC="120"/>
						<SP ID="P265_SP00194" HPOS="502" VPOS="1207" WIDTH="14"/>
						<String ID="P265_ST00226" HPOS="516" VPOS="1176" WIDTH="43" HEIGHT="22" CONTENT="the" WC="0.31" CC="667"/>
						<SP ID="P265_SP00195" HPOS="559" VPOS="1207" WIDTH="14"/>
						<String ID="P265_ST00227" HPOS="573" VPOS="1175" WIDTH="141" HEIGHT="23" CONTENT="Commons." WC="0.60" CC="59200570"/>
					</TextLine>
				</TextBlock>
				<TextBlock ID="P265_TB00009" HPOS="194" VPOS="1214" WIDTH="597" HEIGHT="33" STYLEREFS="TXT_1 PAR_LEFT">
					<TextLine ID="P265_TL00029" HPOS="195" VPOS="1215" WIDTH="596" HEIGHT="32">
						<String ID="P265_ST00228" HPOS="195" VPOS="1217" WIDTH="103" HEIGHT="30" CONTENT="Briefly," WC="0.78" CC="67011100"/>
						<SP ID="P265_SP00196" HPOS="298" VPOS="1247" WIDTH="15"/>
						<String ID="P265_ST00229" HPOS="313" VPOS="1216" WIDTH="44" HEIGHT="24" CONTENT="the" WC="0.57" CC="570"/>
						<SP ID="P265_SP00197" HPOS="357" VPOS="1247" WIDTH="14"/>
						<String ID="P265_ST00230" HPOS="371" VPOS="1216" WIDTH="114" HEIGHT="23" CONTENT="Petition" WC="0.61" CC="70140367"/>
						<SP ID="P265_SP00198" HPOS="485" VPOS="1247" WIDTH="14"/>
						<String ID="P265_ST00231" HPOS="499" VPOS="1215" WIDTH="26" HEIGHT="23" CONTENT="of" WC="0.51" CC="18"/>
						<SP ID="P265_SP00199" HPOS="525" VPOS="1247" WIDTH="13"/>
						<String ID="P265_ST00232" HPOS="538" VPOS="1215" WIDTH="83" HEIGHT="31" CONTENT="Right" WC="0.54" CC="43076"/>
						<SP ID="P265_SP00200" HPOS="621" VPOS="1247" WIDTH="12"/>
						<String ID="P265_ST00233" HPOS="633" VPOS="1215" WIDTH="69" HEIGHT="23" CONTENT="dealt" WC="0.62" CC="00945"/>
						<SP ID="P265_SP00201" HPOS="702" VPOS="1247" WIDTH="13"/>
						<String ID="P265_ST00234" HPOS="715" VPOS="1215" WIDTH="63" HEIGHT="23" CONTENT="with" WC="0.84" CC="0104"/>
						<SP ID="P265_SP00202" HPOS="778" VPOS="1247" WIDTH="11"/>
						<String ID="P265_ST00235" HPOS="789" VPOS="1224" WIDTH="2" HEIGHT="14" CONTENT=":" WC="0.31" CC="6"/>
					</TextLine>
				</TextBlock>
				<TextBlock ID="P265_TB00010" HPOS="266" VPOS="1254" WIDTH="745" HEIGHT="32" STYLEREFS="TXT_1 PAR_RIGHT">
					<TextLine ID="P265_TL00030" HPOS="268" VPOS="1254" WIDTH="743" HEIGHT="32">
						<String ID="P265_ST00236" HPOS="268" VPOS="1258" WIDTH="17" HEIGHT="23" CONTENT="1," WC="0.86" CC="20"/>
						<String ID="P265_ST00237" HPOS="291" VPOS="1272" WIDTH="33" HEIGHT="2" CONTENT="—" WC="0.20" CC="8"/>
						<String ID="P265_ST00238" HPOS="326" VPOS="1256" WIDTH="131" HEIGHT="30" CONTENT="Illegality" WC="0.91" CC="4000003000"/>
						<SP ID="P265_SP00203" HPOS="457" VPOS="1286" WIDTH="17"/>
						<String ID="P265_ST00239" HPOS="474" VPOS="1255" WIDTH="27" HEIGHT="24" CONTENT="of" WC="0.31" CC="57"/>
						<SP ID="P265_SP00204" HPOS="501" VPOS="1286" WIDTH="15"/>
						<String ID="P265_ST00240" HPOS="516" VPOS="1254" WIDTH="85" HEIGHT="24" CONTENT="forced" WC="0.86" CC="052000"/>
						<SP ID="P265_SP00205" HPOS="601" VPOS="1286" WIDTH="14"/>
						<String ID="P265_ST00241" HPOS="615" VPOS="1255" WIDTH="77" HEIGHT="23" CONTENT="loans." WC="0.61" CC="259050"/>
						<SP ID="P265_SP00206" HPOS="692" VPOS="1286" WIDTH="41"/>
						<String ID="P265_ST00242" HPOS="733" VPOS="1255" WIDTH="20" HEIGHT="23" CONTENT="2." WC="1.00" CC="00"/>
						<String ID="P265_ST00243" HPOS="756" VPOS="1270" WIDTH="32" HEIGHT="2" CONTENT="—" WC="0.20" CC="8"/>
						<String ID="P265_ST00244" HPOS="793" VPOS="1254" WIDTH="181" HEIGHT="25" CONTENT="Commitment" WC="0.61" CC="3009040586"/>
						<SP ID="P265_SP00207" HPOS="974" VPOS="1286" WIDTH="13"/>
						<String ID="P265_ST00245" HPOS="987" VPOS="1255" WIDTH="24" HEIGHT="24" CONTENT="of" WC="0.65" CC="60"/>
					</TextLine>
				</TextBlock>
				<TextBlock ID="P265_TB00011" HPOS="325" VPOS="1294" WIDTH="683" HEIGHT="31" STYLEREFS="TXT_1 PAR_RIGHT">
					<TextLine ID="P265_TL00031" HPOS="326" VPOS="1294" WIDTH="682" HEIGHT="31">
						<String ID="P265_ST00246" HPOS="326" VPOS="1296" WIDTH="74" HEIGHT="24" CONTENT="those" WC="0.59" CC="06750"/>
						<SP ID="P265_SP00208" HPOS="400" VPOS="1320" WIDTH="20"/>
						<String ID="P265_ST00247" HPOS="420" VPOS="1295" WIDTH="57" HEIGHT="24" CONTENT="who" WC="0.77" CC="060"/>
						<SP ID="P265_SP00209" HPOS="477" VPOS="1320" WIDTH="18"/>
						<String ID="P265_ST00248" HPOS="495" VPOS="1294" WIDTH="108" HEIGHT="25" CONTENT="refused." WC="0.77" CC="40056001"/>
						<SP ID="P265_SP00210" HPOS="603" VPOS="1320" WIDTH="40"/>
						<String ID="P265_ST00249" HPOS="643" VPOS="1295" WIDTH="21" HEIGHT="23" CONTENT="3." WC="0.91" CC="10"/>
						<String ID="P265_ST00250" HPOS="667" VPOS="1310" WIDTH="32" HEIGHT="2" CONTENT="—" WC="0.20" CC="8"/>
						<String ID="P265_ST00251" HPOS="703" VPOS="1294" WIDTH="125" HEIGHT="31" CONTENT="Billeting" WC="0.67" CC="605207070"/>
						<SP ID="P265_SP00211" HPOS="828" VPOS="1325" WIDTH="22"/>
						<String ID="P265_ST00252" HPOS="850" VPOS="1294" WIDTH="26" HEIGHT="24" CONTENT="of" WC="0.48" CC="90"/>
						<SP ID="P265_SP00212" HPOS="876" VPOS="1325" WIDTH="23"/>
						<String ID="P265_ST00253" HPOS="899" VPOS="1295" WIDTH="109" HEIGHT="24" CONTENT="soldiers." WC="0.74" CC="610000760"/>
					</TextLine>
				</TextBlock>
				<TextBlock ID="P265_TB00012" HPOS="326" VPOS="1335" WIDTH="236" HEIGHT="23" STYLEREFS="TXT_1 PAR_LEFT">
					<TextLine ID="P265_TL00032" HPOS="327" VPOS="1336" WIDTH="235" HEIGHT="22">
						<String ID="P265_ST00254" HPOS="327" VPOS="1336" WIDTH="22" HEIGHT="22" CONTENT="4." WC="0.50" CC="90"/>
						<String ID="P265_ST00255" HPOS="353" VPOS="1351" WIDTH="33" HEIGHT="2" CONTENT="—" WC="0.20" CC="8"/>
						<String ID="P265_ST00256" HPOS="389" VPOS="1336" WIDTH="106" HEIGHT="22" CONTENT="Martial" WC="0.84" CC="0000055"/>
						<SP ID="P265_SP00213" HPOS="495" VPOS="1358" WIDTH="13"/>
						<String ID="P265_ST00257" HPOS="508" VPOS="1336" WIDTH="54" HEIGHT="22" CONTENT="law." WC="0.76" CC="1800"/>
					</TextLine>
				</TextBlock>
				<TextBlock ID="P265_TB00013" HPOS="160" VPOS="1374" WIDTH="850" HEIGHT="72" STYLEREFS="TXT_1 PAR_LEFT">
					<TextLine ID="P265_TL00033" HPOS="160" VPOS="1374" WIDTH="850" HEIGHT="32">
						<String ID="P265_ST00258" HPOS="160" VPOS="1377" WIDTH="100" HEIGHT="23" CONTENT="Whilst" WC="0.50" CC="077292"/>
						<SP ID="P265_SP00214" HPOS="260" VPOS="1400" WIDTH="20"/>
						<String ID="P265_ST00259" HPOS="280" VPOS="1375" WIDTH="21" HEIGHT="24" CONTENT="it" WC="0.70" CC="06"/>
						<SP ID="P265_SP00215" HPOS="301" VPOS="1400" WIDTH="19"/>
						<String ID="P265_ST00260" HPOS="320" VPOS="1375" WIDTH="143" HEIGHT="31" CONTENT="absolutely" WC="0.73" CC="0625260300"/>
						<SP ID="P265_SP00216" HPOS="463" VPOS="1406" WIDTH="18"/>
						<String ID="P265_ST00261" HPOS="481" VPOS="1374" WIDTH="122" HEIGHT="32" CONTENT="deprived" WC="0.91" CC="00000600"/>
						<SP ID="P265_SP00217" HPOS="603" VPOS="1406" WIDTH="20"/>
						<String ID="P265_ST00262" HPOS="623" VPOS="1374" WIDTH="44" HEIGHT="23" CONTENT="the" WC="0.89" CC="030"/>
						<SP ID="P265_SP00218" HPOS="667" VPOS="1406" WIDTH="20"/>
						<String ID="P265_ST00263" HPOS="687" VPOS="1374" WIDTH="73" HEIGHT="32" CONTENT="King" WC="0.85" CC="0050"/>
						<SP ID="P265_SP00219" HPOS="760" VPOS="1406" WIDTH="17"/>
						<String ID="P265_ST00264" HPOS="777" VPOS="1374" WIDTH="27" HEIGHT="23" CONTENT="of" WC="1.00" CC="00"/>
						<SP ID="P265_SP00220" HPOS="804" VPOS="1406" WIDTH="20"/>
						<String ID="P265_ST00265" HPOS="824" VPOS="1374" WIDTH="44" HEIGHT="23" CONTENT="the" WC="0.75" CC="150"/>
						<SP ID="P265_SP00221" HPOS="868" VPOS="1406" WIDTH="21"/>
						<String ID="P265_ST00266" HPOS="889" VPOS="1382" WIDTH="84" HEIGHT="24" CONTENT="power" WC="0.90" CC="00004"/>
						<SP ID="P265_SP00222" HPOS="973" VPOS="1406" WIDTH="13"/>
						<String ID="P265_ST00267" HPOS="986" VPOS="1375" WIDTH="24" HEIGHT="23" CONTENT="of" WC="0.26" CC="49"/>
					</TextLine>
					<TextLine ID="P265_TL00034" HPOS="161" VPOS="1413" WIDTH="639" HEIGHT="33">
						<String ID="P265_ST00268" HPOS="161" VPOS="1416" WIDTH="164" HEIGHT="30" CONTENT="committing" WC="0.95" CC="0210000000"/>
						<SP ID="P265_SP00223" HPOS="325" VPOS="1446" WIDTH="13"/>
						<String ID="P265_ST00269" HPOS="338" VPOS="1415" WIDTH="73" HEIGHT="24" CONTENT="those" WC="0.94" CC="00200"/>
						<SP ID="P265_SP00224" HPOS="411" VPOS="1446" WIDTH="13"/>
						<String ID="P265_ST00270" HPOS="424" VPOS="1414" WIDTH="57" HEIGHT="24" CONTENT="who" WC="0.67" CC="072"/>
						<SP ID="P265_SP00225" HPOS="481" VPOS="1446" WIDTH="14"/>
						<String ID="P265_ST00271" HPOS="495" VPOS="1413" WIDTH="100" HEIGHT="25" CONTENT="refused" WC="0.82" CC="0200720"/>
						<SP ID="P265_SP00226" HPOS="595" VPOS="1446" WIDTH="13"/>
						<String ID="P265_ST00272" HPOS="608" VPOS="1417" WIDTH="27" HEIGHT="21" CONTENT="to" WC="0.59" CC="25"/>
						<SP ID="P265_SP00227" HPOS="635" VPOS="1446" WIDTH="14"/>
						<String ID="P265_ST00273" HPOS="649" VPOS="1413" WIDTH="151" HEIGHT="24" CONTENT="contribute." WC="0.78" CC="00060060540"/>
					</TextLine>
				</TextBlock>
				<TextBlock ID="P265_TB00014" HPOS="160" VPOS="1453" WIDTH="856" HEIGHT="232" STYLEREFS="TXT_1 PAR_LEFT">
					<TextLine ID="P265_TL00035" HPOS="196" VPOS="1453" WIDTH="817" HEIGHT="33">
						<String ID="P265_ST00274" HPOS="196" VPOS="1458" WIDTH="34" HEIGHT="22" CONTENT="In" WC="0.63" CC="70"/>
						<SP ID="P265_SP00228" HPOS="230" VPOS="1480" WIDTH="16"/>
						<String ID="P265_ST00275" HPOS="246" VPOS="1456" WIDTH="68" HEIGHT="24" CONTENT="1630" WC="0.67" CC="6006"/>
						<SP ID="P265_SP00229" HPOS="314" VPOS="1480" WIDTH="14"/>
						<String ID="P265_ST00276" HPOS="328" VPOS="1455" WIDTH="45" HEIGHT="24" CONTENT="the" WC="0.55" CC="660"/>
						<SP ID="P265_SP00230" HPOS="373" VPOS="1480" WIDTH="13"/>
						<String ID="P265_ST00277" HPOS="386" VPOS="1455" WIDTH="73" HEIGHT="30" CONTENT="King" WC="0.84" CC="0060"/>
						<SP ID="P265_SP00231" HPOS="459" VPOS="1485" WIDTH="13"/>
						<String ID="P265_ST00278" HPOS="472" VPOS="1453" WIDTH="177" HEIGHT="25" CONTENT="endeavoured" WC="0.77" CC="06009520000"/>
						<SP ID="P265_SP00232" HPOS="649" VPOS="1485" WIDTH="14"/>
						<String ID="P265_ST00279" HPOS="663" VPOS="1456" WIDTH="27" HEIGHT="22" CONTENT="to" WC="0.76" CC="04"/>
						<SP ID="P265_SP00233" HPOS="690" VPOS="1485" WIDTH="13"/>
						<String ID="P265_ST00280" HPOS="703" VPOS="1453" WIDTH="50" HEIGHT="25" CONTENT="add" WC="0.71" CC="800"/>
						<SP ID="P265_SP00234" HPOS="753" VPOS="1485" WIDTH="13"/>
						<String ID="P265_ST00281" HPOS="766" VPOS="1457" WIDTH="27" HEIGHT="20" CONTENT="to" WC="1.00" CC="00"/>
						<SP ID="P265_SP00235" HPOS="793" VPOS="1485" WIDTH="12"/>
						<String ID="P265_ST00282" HPOS="805" VPOS="1453" WIDTH="39" HEIGHT="24" CONTENT="his" WC="0.53" CC="706"/>
						<SP ID="P265_SP00236" HPOS="844" VPOS="1485" WIDTH="14"/>
						<String ID="P265_ST00283" HPOS="858" VPOS="1462" WIDTH="109" HEIGHT="16" CONTENT="revenue" WC="0.79" CC="4063000"/>
						<SP ID="P265_SP00237" HPOS="967" VPOS="1485" WIDTH="13"/>
						<String ID="P265_ST00284" HPOS="980" VPOS="1454" WIDTH="33" HEIGHT="32" CONTENT="by" WC="0.62" CC="70"/>
					</TextLine>
					<TextLine ID="P265_TL00036" HPOS="162" VPOS="1493" WIDTH="853" HEIGHT="36">
						<String ID="P265_ST00285" HPOS="162" VPOS="1496" WIDTH="163" HEIGHT="33" CONTENT="prohibiting" WC="0.86" CC="01140000060"/>
						<SP ID="P265_SP00238" HPOS="325" VPOS="1529" WIDTH="25"/>
						<String ID="P265_ST00286" HPOS="350" VPOS="1495" WIDTH="44" HEIGHT="23" CONTENT="the" WC="0.60" CC="470"/>
						<SP ID="P265_SP00239" HPOS="394" VPOS="1529" WIDTH="31"/>
						<String ID="P265_ST00287" HPOS="425" VPOS="1497" WIDTH="92" HEIGHT="29" CONTENT="export" WC="0.83" CC="000224"/>
						<SP ID="P265_SP00240" HPOS="517" VPOS="1529" WIDTH="24"/>
						<String ID="P265_ST00288" HPOS="541" VPOS="1494" WIDTH="27" HEIGHT="24" CONTENT="of" WC="0.50" CC="90"/>
						<SP ID="P265_SP00241" HPOS="568" VPOS="1529" WIDTH="24"/>
						<String ID="P265_ST00289" HPOS="592" VPOS="1494" WIDTH="71" HEIGHT="30" CONTENT="wool," WC="0.66" CC="00970"/>
						<SP ID="P265_SP00242" HPOS="663" VPOS="1529" WIDTH="26"/>
						<String ID="P265_ST00290" HPOS="689" VPOS="1494" WIDTH="124" HEIGHT="31" CONTENT="although" WC="0.66" CC="02076505"/>
						<SP ID="P265_SP00243" HPOS="813" VPOS="1529" WIDTH="24"/>
						<String ID="P265_ST00291" HPOS="837" VPOS="1493" WIDTH="31" HEIGHT="25" CONTENT="he" WC="0.78" CC="40"/>
						<SP ID="P265_SP00244" HPOS="868" VPOS="1529" WIDTH="25"/>
						<String ID="P265_ST00292" HPOS="893" VPOS="1494" WIDTH="54" HEIGHT="24" CONTENT="sold" WC="0.66" CC="5160"/>
						<SP ID="P265_SP00245" HPOS="947" VPOS="1529" WIDTH="24"/>
						<String ID="P265_ST00293" HPOS="971" VPOS="1494" WIDTH="44" HEIGHT="24" CONTENT="the" WC="0.67" CC="450"/>
					</TextLine>
					<TextLine ID="P265_TL00037" HPOS="161" VPOS="1534" WIDTH="854" HEIGHT="35">
						<String ID="P265_ST00294" HPOS="161" VPOS="1537" WIDTH="131" HEIGHT="32" CONTENT="privilege." WC="0.71" CC="8707004000"/>
						<SP ID="P265_SP00246" HPOS="292" VPOS="1569" WIDTH="38"/>
						<String ID="P265_ST00295" HPOS="330" VPOS="1535" WIDTH="62" HEIGHT="23" CONTENT="This" WC="0.71" CC="0504"/>
						<SP ID="P265_SP00247" HPOS="392" VPOS="1569" WIDTH="10"/>
						<String ID="P265_ST00296" HPOS="402" VPOS="1537" WIDTH="49" HEIGHT="30" CONTENT="put" WC="0.60" CC="065"/>
						<SP ID="P265_SP00248" HPOS="451" VPOS="1569" WIDTH="12"/>
						<String ID="P265_ST00297" HPOS="463" VPOS="1543" WIDTH="15" HEIGHT="14" CONTENT="a" WC="0.26" CC="7"/>
						<SP ID="P265_SP00249" HPOS="478" VPOS="1569" WIDTH="9"/>
						<String ID="P265_ST00298" HPOS="487" VPOS="1535" WIDTH="124" HEIGHT="31" CONTENT="premium" WC="0.55" CC="7500457"/>
						<SP ID="P265_SP00250" HPOS="611" VPOS="1569" WIDTH="11"/>
						<String ID="P265_ST00299" HPOS="622" VPOS="1542" WIDTH="70" HEIGHT="24" CONTENT="upon" WC="0.62" CC="6008"/>
						<SP ID="P265_SP00251" HPOS="692" VPOS="1569" WIDTH="12"/>
						<String ID="P265_ST00300" HPOS="704" VPOS="1534" WIDTH="150" HEIGHT="32" CONTENT="smuggling," WC="0.71" CC="6660020402"/>
						<SP ID="P265_SP00252" HPOS="854" VPOS="1569" WIDTH="14"/>
						<String ID="P265_ST00301" HPOS="868" VPOS="1534" WIDTH="84" HEIGHT="23" CONTENT="which" WC="0.79" CC="07003"/>
						<SP ID="P265_SP00253" HPOS="952" VPOS="1569" WIDTH="12"/>
						<String ID="P265_ST00302" HPOS="964" VPOS="1542" WIDTH="51" HEIGHT="16" CONTENT="was" WC="0.26" CC="983"/>
					</TextLine>
					<TextLine ID="P265_TL00038" HPOS="164" VPOS="1574" WIDTH="851" HEIGHT="30">
						<String ID="P265_ST00303" HPOS="164" VPOS="1577" WIDTH="99" HEIGHT="24" CONTENT="carried" WC="0.83" CC="0470000"/>
						<SP ID="P265_SP00254" HPOS="263" VPOS="1601" WIDTH="22"/>
						<String ID="P265_ST00304" HPOS="285" VPOS="1585" WIDTH="33" HEIGHT="15" CONTENT="on" WC="0.60" CC="15"/>
						<SP ID="P265_SP00255" HPOS="318" VPOS="1601" WIDTH="21"/>
						<String ID="P265_ST00305" HPOS="339" VPOS="1578" WIDTH="27" HEIGHT="21" CONTENT="to" WC="0.89" CC="02"/>
						<SP ID="P265_SP00256" HPOS="366" VPOS="1601" WIDTH="19"/>
						<String ID="P265_ST00306" HPOS="385" VPOS="1584" WIDTH="33" HEIGHT="14" CONTENT="an" WC="0.50" CC="90"/>
						<SP ID="P265_SP00257" HPOS="418" VPOS="1601" WIDTH="16"/>
						<String ID="P265_ST00307" HPOS="434" VPOS="1582" WIDTH="133" HEIGHT="16" CONTENT="enormous" WC="0.58" CC="05039076"/>
						<SP ID="P265_SP00258" HPOS="567" VPOS="1601" WIDTH="17"/>
						<String ID="P265_ST00308" HPOS="584" VPOS="1576" WIDTH="91" HEIGHT="22" CONTENT="extent" WC="0.72" CC="005136"/>
						<SP ID="P265_SP00259" HPOS="675" VPOS="1601" WIDTH="15"/>
						<String ID="P265_ST00309" HPOS="690" VPOS="1582" WIDTH="33" HEIGHT="15" CONTENT="on" WC="0.83" CC="20"/>
						<SP ID="P265_SP00260" HPOS="723" VPOS="1601" WIDTH="21"/>
						<String ID="P265_ST00310" HPOS="744" VPOS="1574" WIDTH="44" HEIGHT="23" CONTENT="the" WC="0.94" CC="010"/>
						<SP ID="P265_SP00261" HPOS="788" VPOS="1601" WIDTH="18"/>
						<String ID="P265_ST00311" HPOS="806" VPOS="1574" WIDTH="114" HEIGHT="23" CONTENT="Kentish" WC="0.41" CC="0665497"/>
						<SP ID="P265_SP00262" HPOS="920" VPOS="1601" WIDTH="18"/>
						<String ID="P265_ST00312" HPOS="938" VPOS="1577" WIDTH="77" HEIGHT="27" CONTENT="coast," WC="0.68" CC="000683"/>
					</TextLine>
					<TextLine ID="P265_TL00039" HPOS="163" VPOS="1613" WIDTH="853" HEIGHT="37">
						<String ID="P265_ST00313" HPOS="163" VPOS="1617" WIDTH="140" HEIGHT="33" CONTENT="especially" WC="0.83" CC="0700040310"/>
						<SP ID="P265_SP00263" HPOS="303" VPOS="1650" WIDTH="14"/>
						<String ID="P265_ST00314" HPOS="317" VPOS="1616" WIDTH="65" HEIGHT="24" CONTENT="from" WC="0.87" CC="0500"/>
						<SP ID="P265_SP00264" HPOS="382" VPOS="1650" WIDTH="23"/>
						<String ID="P265_ST00315" HPOS="405" VPOS="1615" WIDTH="118" HEIGHT="31" CONTENT="Romney" WC="0.69" CC="770030"/>
						<SP ID="P265_SP00265" HPOS="523" VPOS="1650" WIDTH="12"/>
						<String ID="P265_ST00316" HPOS="535" VPOS="1613" WIDTH="90" HEIGHT="25" CONTENT="Marsh" WC="0.46" CC="06677"/>
						<SP ID="P265_SP00266" HPOS="625" VPOS="1650" WIDTH="20"/>
						<String ID="P265_ST00317" HPOS="645" VPOS="1613" WIDTH="52" HEIGHT="25" CONTENT="and" WC="0.67" CC="630"/>
						<SP ID="P265_SP00267" HPOS="697" VPOS="1650" WIDTH="20"/>
						<String ID="P265_ST00318" HPOS="717" VPOS="1613" WIDTH="44" HEIGHT="25" CONTENT="the" WC="0.83" CC="130"/>
						<SP ID="P265_SP00268" HPOS="761" VPOS="1650" WIDTH="20"/>
						<String ID="P265_ST00319" HPOS="781" VPOS="1614" WIDTH="57" HEIGHT="24" CONTENT="lone" WC="0.83" CC="0500"/>
						<SP ID="P265_SP00269" HPOS="838" VPOS="1650" WIDTH="21"/>
						<String ID="P265_ST00320" HPOS="859" VPOS="1613" WIDTH="86" HEIGHT="25" CONTENT="creeks" WC="0.56" CC="240576"/>
						<SP ID="P265_SP00270" HPOS="945" VPOS="1650" WIDTH="21"/>
						<String ID="P265_ST00321" HPOS="966" VPOS="1614" WIDTH="50" HEIGHT="25" CONTENT="and" WC="0.82" CC="050"/>
					</TextLine>
					<TextLine ID="P265_TL00040" HPOS="164" VPOS="1654" WIDTH="852" HEIGHT="31">
						<String ID="P265_ST00322" HPOS="164" VPOS="1658" WIDTH="78" HEIGHT="24" CONTENT="inlets" WC="0.66" CC="140039"/>
						<SP ID="P265_SP00271" HPOS="242" VPOS="1682" WIDTH="14"/>
						<String ID="P265_ST00323" HPOS="256" VPOS="1656" WIDTH="79" HEIGHT="24" CONTENT="about" WC="0.71" CC="07150"/>
						<SP ID="P265_SP00272" HPOS="335" VPOS="1682" WIDTH="14"/>
						<String ID="P265_ST00324" HPOS="349" VPOS="1655" WIDTH="43" HEIGHT="24" CONTENT="the" WC="0.55" CC="076"/>
						<SP ID="P265_SP00273" HPOS="392" VPOS="1682" WIDTH="14"/>
						<String ID="P265_ST00325" HPOS="406" VPOS="1654" WIDTH="101" HEIGHT="25" CONTENT="mouths" WC="0.73" CC="026060"/>
						<SP ID="P265_SP00274" HPOS="507" VPOS="1682" WIDTH="14"/>
						<String ID="P265_ST00326" HPOS="521" VPOS="1654" WIDTH="26" HEIGHT="25" CONTENT="of" WC="1.00" CC="00"/>
						<SP ID="P265_SP00275" HPOS="547" VPOS="1682" WIDTH="13"/>
						<String ID="P265_ST00327" HPOS="560" VPOS="1654" WIDTH="43" HEIGHT="25" CONTENT="the" WC="0.63" CC="460"/>
						<SP ID="P265_SP00276" HPOS="603" VPOS="1682" WIDTH="14"/>
						<String ID="P265_ST00328" HPOS="617" VPOS="1654" WIDTH="83" HEIGHT="30" CONTENT="Stour," WC="0.70" CC="700243"/>
						<SP ID="P265_SP00277" HPOS="700" VPOS="1684" WIDTH="12"/>
						<String ID="P265_ST00329" HPOS="712" VPOS="1655" WIDTH="27" HEIGHT="23" CONTENT="in" WC="0.62" CC="25"/>
						<SP ID="P265_SP00278" HPOS="739" VPOS="1684" WIDTH="14"/>
						<String ID="P265_ST00330" HPOS="753" VPOS="1654" WIDTH="43" HEIGHT="24" CONTENT="the" WC="0.88" CC="120"/>
						<SP ID="P265_SP00279" HPOS="796" VPOS="1684" WIDTH="13"/>
						<String ID="P265_ST00331" HPOS="809" VPOS="1654" WIDTH="207" HEIGHT="31" CONTENT="neighbourhood" WC="0.46" CC="0050777775659"/>
					</TextLine>
				</TextBlock>
			</PrintSpace>
		</Page>
	</Layout>
</alto>
