<?xml version="1.0" encoding="UTF-8"?>
<alto xmlns:xsi="http://www.w3.org/2001/XMLSchema-instance" xsi:noNamespaceSchemaLocation="http://www.bl.uk/schemas/alto/alto-1-4.xsd" xmlns:xlink="http://www.w3.org/1999/xlink">
	<Description>
		<MeasurementUnit>mm10</MeasurementUnit>
		<sourceImageInformation>
			<fileName>//head1/IN/2008-20/A0011615688/004809.jp2</fileName>
		</sourceImageInformation>
		<OCRProcessing ID="OCRPROCESSING_1">
			<preProcessingStep>
				<processingSoftware>
					<softwareCreator>CCS Content Conversion Specialists GmbH, Germany</softwareCreator>
					<softwareName>CCS docWORKS</softwareName>
					<softwareVersion>6.1-0.67</softwareVersion>
				</processingSoftware>
			</preProcessingStep>
			<ocrProcessingStep>
				<processingSoftware>
					<softwareCreator>ABBYY (BIT Software), Russia</softwareCreator>
					<softwareName>Finereader</softwareName>
				</processingSoftware>
			</ocrProcessingStep>
		</OCRProcessing>
	</Description>
	<Styles>
		<TextStyle ID="TXT_0" FONTSIZE="11" FONTFAMILY="Courier New"/>
		<TextStyle ID="TXT_1" FONTSIZE="9" FONTFAMILY="Courier New"/>
		<TextStyle ID="TXT_2" FONTSIZE="10" FONTFAMILY="Courier New"/>
		<ParagraphStyle ID="PAR_CENTER" ALIGN="Center"/>
		<ParagraphStyle ID="PAR_LEFT" ALIGN="Left"/>
		<ParagraphStyle ID="PAR_RIGHT" ALIGN="Right"/>
	</Styles>
	<Layout>
		<Page ID="P349" PHYSICAL_IMG_NR="349" HEIGHT="1823" WIDTH="1139" POSITION="Right" ACCURACY="70.26">
			<TopMargin ID="P349_TM00001" HPOS="0" VPOS="0" WIDTH="1138" HEIGHT="523"/>
			<LeftMargin ID="P349_LM00001" HPOS="0" VPOS="523" WIDTH="154" HEIGHT="1243"/>
			<RightMargin ID="P349_RM00001" HPOS="1009" VPOS="523" WIDTH="129" HEIGHT="1243"/>
			<BottomMargin ID="P349_BM00001" HPOS="0" VPOS="1766" WIDTH="1138" HEIGHT="56"/>
			<PrintSpace ID="P349_PS00001" HPOS="154" VPOS="523" WIDTH="855" HEIGHT="1243">
				<TextBlock ID="P349_TB00001" HPOS="397" VPOS="523" WIDTH="394" HEIGHT="27" STYLEREFS="TXT_0 PAR_CENTER">
					<TextLine ID="P349_TL00001" HPOS="398" VPOS="524" WIDTH="393" HEIGHT="26">
						<String ID="P349_ST00001" HPOS="398" VPOS="524" WIDTH="229" HEIGHT="26" CONTENT="IX.-LATER" WC="0.70" CC="572400024"/>
						<SP ID="P349_SP00001" HPOS="627" VPOS="550" WIDTH="40"/>
						<String ID="P349_ST00002" HPOS="667" VPOS="525" WIDTH="124" HEIGHT="25" CONTENT="KENT." WC="0.71" CC="95000"/>
					</TextLine>
				</TextBlock>
				<TextBlock ID="P349_TB00002" HPOS="157" VPOS="644" WIDTH="847" HEIGHT="118" STYLEREFS="TXT_1 PAR_LEFT">
					<TextLine ID="P349_TL00002" HPOS="161" VPOS="650" WIDTH="843" HEIGHT="32">
						<String ID="P349_ST00003" HPOS="161" VPOS="654" WIDTH="10" HEIGHT="20" CONTENT="\" WC="0.12" CC="8"/>
						<SP ID="P349_SP00002" HPOS="171" VPOS="674" WIDTH="22"/>
						<String ID="P349_ST00004" HPOS="193" VPOS="654" WIDTH="9" HEIGHT="20" CONTENT="I" WC="0.51" CC="4"/>
						<SP ID="P349_SP00003" HPOS="202" VPOS="674" WIDTH="21"/>
						<String ID="P349_ST00005" HPOS="223" VPOS="650" WIDTH="71" HEIGHT="23" CONTENT="IHE" WC="0.40" CC="772"/>
						<SP ID="P349_SP00004" HPOS="294" VPOS="674" WIDTH="20"/>
						<String ID="P349_ST00006" HPOS="314" VPOS="658" WIDTH="55" HEIGHT="16" CONTENT="new" WC="0.70" CC="800"/>
						<SP ID="P349_SP00005" HPOS="369" VPOS="674" WIDTH="21"/>
						<String ID="P349_ST00007" HPOS="390" VPOS="652" WIDTH="108" HEIGHT="30" CONTENT="century" WC="0.84" CC="0125000"/>
						<SP ID="P349_SP00006" HPOS="498" VPOS="682" WIDTH="24"/>
						<String ID="P349_ST00008" HPOS="522" VPOS="650" WIDTH="98" HEIGHT="32" CONTENT="opened" WC="0.93" CC="000400"/>
						<SP ID="P349_SP00007" HPOS="620" VPOS="682" WIDTH="21"/>
						<String ID="P349_ST00009" HPOS="641" VPOS="651" WIDTH="63" HEIGHT="23" CONTENT="with" WC="0.72" CC="0244"/>
						<SP ID="P349_SP00008" HPOS="704" VPOS="682" WIDTH="24"/>
						<String ID="P349_ST00010" HPOS="728" VPOS="652" WIDTH="99" HEIGHT="28" CONTENT="alarms," WC="0.67" CC="0605640"/>
						<SP ID="P349_SP00009" HPOS="827" VPOS="682" WIDTH="23"/>
						<String ID="P349_ST00011" HPOS="850" VPOS="652" WIDTH="154" HEIGHT="27" CONTENT="excursions," WC="0.78" CC="00005700370"/>
					</TextLine>
					<TextLine ID="P349_TL00003" HPOS="157" VPOS="684" WIDTH="847" HEIGHT="37">
						<String ID="P349_ST00012" HPOS="157" VPOS="684" WIDTH="21" HEIGHT="36" CONTENT="-*■)" WC="0.59" CC="7008"/>
						<SP ID="P349_SP00010" HPOS="178" VPOS="720" WIDTH="15"/>
						<String ID="P349_ST00013" HPOS="193" VPOS="684" WIDTH="9" HEIGHT="32" CONTENT="I" WC="0.54" CC="4"/>
						<SP ID="P349_SP00011" HPOS="202" VPOS="720" WIDTH="16"/>
						<String ID="P349_ST00014" HPOS="218" VPOS="684" WIDTH="20" HEIGHT="37" CONTENT="'s" WC="0.65" CC="07"/>
						<SP ID="P349_SP00012" HPOS="238" VPOS="721" WIDTH="37"/>
						<String ID="P349_ST00015" HPOS="275" VPOS="700" WIDTH="72" HEIGHT="21" CONTENT="wars," WC="0.66" CC="09070"/>
						<SP ID="P349_SP00013" HPOS="347" VPOS="721" WIDTH="21"/>
						<String ID="P349_ST00016" HPOS="368" VPOS="691" WIDTH="52" HEIGHT="24" CONTENT="and" WC="0.51" CC="770"/>
						<SP ID="P349_SP00014" HPOS="420" VPOS="721" WIDTH="22"/>
						<String ID="P349_ST00017" HPOS="442" VPOS="700" WIDTH="116" HEIGHT="15" CONTENT="rumours" WC="0.63" CC="0550625"/>
						<SP ID="P349_SP00015" HPOS="558" VPOS="721" WIDTH="22"/>
						<String ID="P349_ST00018" HPOS="580" VPOS="691" WIDTH="26" HEIGHT="24" CONTENT="of" WC="0.78" CC="40"/>
						<SP ID="P349_SP00016" HPOS="606" VPOS="721" WIDTH="27"/>
						<String ID="P349_ST00019" HPOS="633" VPOS="701" WIDTH="71" HEIGHT="15" CONTENT="wars." WC="0.80" CC="00090"/>
						<SP ID="P349_SP00017" HPOS="704" VPOS="721" WIDTH="38"/>
						<String ID="P349_ST00020" HPOS="742" VPOS="692" WIDTH="32" HEIGHT="24" CONTENT="In" WC="0.72" CC="05"/>
						<SP ID="P349_SP00018" HPOS="774" VPOS="721" WIDTH="22"/>
						<String ID="P349_ST00021" HPOS="796" VPOS="692" WIDTH="74" HEIGHT="24" CONTENT="Kent" WC="0.58" CC="7403"/>
						<SP ID="P349_SP00019" HPOS="870" VPOS="721" WIDTH="19"/>
						<String ID="P349_ST00022" HPOS="889" VPOS="692" WIDTH="43" HEIGHT="24" CONTENT="the" WC="0.54" CC="660"/>
						<SP ID="P349_SP00020" HPOS="932" VPOS="721" WIDTH="16"/>
						<String ID="P349_ST00023" HPOS="948" VPOS="692" WIDTH="56" HEIGHT="24" CONTENT="first" WC="0.70" CC="00563"/>
					</TextLine>
					<TextLine ID="P349_TL00004" HPOS="276" VPOS="733" WIDTH="728" HEIGHT="29">
						<String ID="P349_ST00024" HPOS="276" VPOS="733" WIDTH="73" HEIGHT="24" CONTENT="three" WC="0.65" CC="07900"/>
						<SP ID="P349_SP00021" HPOS="349" VPOS="757" WIDTH="18"/>
						<String ID="P349_ST00025" HPOS="367" VPOS="740" WIDTH="76" HEIGHT="22" CONTENT="years" WC="0.75" CC="00606"/>
						<SP ID="P349_SP00022" HPOS="443" VPOS="762" WIDTH="19"/>
						<String ID="P349_ST00026" HPOS="462" VPOS="740" WIDTH="65" HEIGHT="17" CONTENT="were" WC="0.96" CC="0010"/>
						<SP ID="P349_SP00023" HPOS="527" VPOS="762" WIDTH="21"/>
						<String ID="P349_ST00027" HPOS="548" VPOS="740" WIDTH="47" HEIGHT="17" CONTENT="one" WC="0.77" CC="150"/>
						<SP ID="P349_SP00024" HPOS="595" VPOS="762" WIDTH="21"/>
						<String ID="P349_ST00028" HPOS="616" VPOS="733" WIDTH="60" HEIGHT="29" CONTENT="long" WC="0.87" CC="0040"/>
						<SP ID="P349_SP00025" HPOS="676" VPOS="762" WIDTH="21"/>
						<String ID="P349_ST00029" HPOS="697" VPOS="734" WIDTH="103" HEIGHT="23" CONTENT="martial" WC="0.54" CC="4079090"/>
						<SP ID="P349_SP00026" HPOS="800" VPOS="762" WIDTH="21"/>
						<String ID="P349_ST00030" HPOS="821" VPOS="734" WIDTH="86" HEIGHT="28" CONTENT="fever;" WC="0.84" CC="000044"/>
						<SP ID="P349_SP00027" HPOS="907" VPOS="762" WIDTH="19"/>
						<String ID="P349_ST00031" HPOS="926" VPOS="734" WIDTH="78" HEIGHT="23" CONTENT="men's" WC="0.54" CC="90209"/>
					</TextLine>
				</TextBlock>
				<TextBlock ID="P349_TB00003" HPOS="154" VPOS="770" WIDTH="850" HEIGHT="112" STYLEREFS="TXT_1 PAR_LEFT">
					<TextLine ID="P349_TL00005" HPOS="155" VPOS="771" WIDTH="849" HEIGHT="34">
						<String ID="P349_ST00032" HPOS="155" VPOS="771" WIDTH="85" HEIGHT="24" CONTENT="minds" WC="0.53" CC="05709"/>
						<SP ID="P349_SP00028" HPOS="240" VPOS="795" WIDTH="22"/>
						<String ID="P349_ST00033" HPOS="262" VPOS="780" WIDTH="65" HEIGHT="15" CONTENT="were" WC="0.78" CC="0062"/>
						<SP ID="P349_SP00029" HPOS="327" VPOS="795" WIDTH="22"/>
						<String ID="P349_ST00034" HPOS="349" VPOS="773" WIDTH="122" HEIGHT="31" CONTENT="occupied" WC="0.71" CC="35700600"/>
						<SP ID="P349_SP00030" HPOS="471" VPOS="804" WIDTH="22"/>
						<String ID="P349_ST00035" HPOS="493" VPOS="773" WIDTH="63" HEIGHT="23" CONTENT="with" WC="0.84" CC="0303"/>
						<SP ID="P349_SP00031" HPOS="556" VPOS="804" WIDTH="25"/>
						<String ID="P349_ST00036" HPOS="581" VPOS="773" WIDTH="69" HEIGHT="23" CONTENT="little" WC="0.72" CC="026240"/>
						<SP ID="P349_SP00032" HPOS="650" VPOS="804" WIDTH="21"/>
						<String ID="P349_ST00037" HPOS="671" VPOS="773" WIDTH="51" HEIGHT="23" CONTENT="else" WC="0.65" CC="0760"/>
						<SP ID="P349_SP00033" HPOS="722" VPOS="804" WIDTH="21"/>
						<String ID="P349_ST00038" HPOS="743" VPOS="773" WIDTH="64" HEIGHT="23" CONTENT="than" WC="0.88" CC="4000"/>
						<SP ID="P349_SP00034" HPOS="807" VPOS="804" WIDTH="21"/>
						<String ID="P349_ST00039" HPOS="828" VPOS="774" WIDTH="176" HEIGHT="31" CONTENT="preparations" WC="0.72" CC="044092000570"/>
					</TextLine>
					<TextLine ID="P349_TL00006" HPOS="156" VPOS="812" WIDTH="848" HEIGHT="33">
						<String ID="P349_ST00040" HPOS="156" VPOS="812" WIDTH="102" HEIGHT="31" CONTENT="against" WC="0.84" CC="0003700"/>
						<SP ID="P349_SP00035" HPOS="258" VPOS="843" WIDTH="18"/>
						<String ID="P349_ST00041" HPOS="276" VPOS="812" WIDTH="126" HEIGHT="29" CONTENT="invasion," WC="0.59" CC="276003483"/>
						<SP ID="P349_SP00036" HPOS="402" VPOS="843" WIDTH="14"/>
						<String ID="P349_ST00042" HPOS="416" VPOS="812" WIDTH="59" HEIGHT="30" CONTENT="and," WC="0.67" CC="0804"/>
						<SP ID="P349_SP00037" HPOS="475" VPOS="843" WIDTH="14"/>
						<String ID="P349_ST00043" HPOS="489" VPOS="821" WIDTH="27" HEIGHT="15" CONTENT="as" WC="0.63" CC="07"/>
						<SP ID="P349_SP00038" HPOS="516" VPOS="843" WIDTH="14"/>
						<String ID="P349_ST00044" HPOS="530" VPOS="812" WIDTH="82" HEIGHT="32" CONTENT="might" WC="0.70" CC="05071"/>
						<SP ID="P349_SP00039" HPOS="612" VPOS="844" WIDTH="13"/>
						<String ID="P349_ST00045" HPOS="625" VPOS="812" WIDTH="31" HEIGHT="24" CONTENT="be" WC="0.66" CC="60"/>
						<SP ID="P349_SP00040" HPOS="656" VPOS="844" WIDTH="13"/>
						<String ID="P349_ST00046" HPOS="669" VPOS="812" WIDTH="129" HEIGHT="32" CONTENT="expected," WC="0.91" CC="000004003"/>
						<SP ID="P349_SP00041" HPOS="798" VPOS="844" WIDTH="15"/>
						<String ID="P349_ST00047" HPOS="813" VPOS="813" WIDTH="28" HEIGHT="23" CONTENT="in" WC="0.86" CC="20"/>
						<SP ID="P349_SP00042" HPOS="841" VPOS="844" WIDTH="18"/>
						<String ID="P349_ST00048" HPOS="859" VPOS="821" WIDTH="33" HEIGHT="17" CONTENT="no" WC="0.58" CC="53"/>
						<SP ID="P349_SP00043" HPOS="892" VPOS="844" WIDTH="19"/>
						<String ID="P349_ST00049" HPOS="911" VPOS="816" WIDTH="93" HEIGHT="29" CONTENT="county" WC="0.64" CC="026750"/>
					</TextLine>
					<TextLine ID="P349_TL00007" HPOS="156" VPOS="852" WIDTH="539" HEIGHT="30">
						<String ID="P349_ST00050" HPOS="156" VPOS="860" WIDTH="66" HEIGHT="15" CONTENT="were" WC="0.65" CC="9030"/>
						<SP ID="P349_SP00044" HPOS="222" VPOS="875" WIDTH="14"/>
						<String ID="P349_ST00051" HPOS="236" VPOS="852" WIDTH="44" HEIGHT="23" CONTENT="the" WC="0.55" CC="660"/>
						<SP ID="P349_SP00045" HPOS="280" VPOS="875" WIDTH="13"/>
						<String ID="P349_ST00052" HPOS="293" VPOS="853" WIDTH="178" HEIGHT="29" CONTENT="preparations" WC="0.77" CC="090000005047"/>
						<SP ID="P349_SP00046" HPOS="471" VPOS="882" WIDTH="13"/>
						<String ID="P349_ST00053" HPOS="484" VPOS="861" WIDTH="68" HEIGHT="15" CONTENT="more" WC="0.83" CC="0402"/>
						<SP ID="P349_SP00047" HPOS="552" VPOS="882" WIDTH="13"/>
						<String ID="P349_ST00054" HPOS="565" VPOS="853" WIDTH="130" HEIGHT="29" CONTENT="complete." WC="0.91" CC="000040100"/>
					</TextLine>
				</TextBlock>
				<TextBlock ID="P349_TB00004" HPOS="155" VPOS="890" WIDTH="852" HEIGHT="303" STYLEREFS="TXT_1 PAR_LEFT">
					<TextLine ID="P349_TL00008" HPOS="191" VPOS="891" WIDTH="815" HEIGHT="32">
						<String ID="P349_ST00055" HPOS="191" VPOS="891" WIDTH="34" HEIGHT="24" CONTENT="In" WC="0.47" CC="18"/>
						<SP ID="P349_SP00048" HPOS="225" VPOS="915" WIDTH="15"/>
						<String ID="P349_ST00056" HPOS="240" VPOS="892" WIDTH="65" HEIGHT="23" CONTENT="1803" WC="1.00" CC="0000"/>
						<SP ID="P349_SP00049" HPOS="305" VPOS="915" WIDTH="14"/>
						<String ID="P349_ST00057" HPOS="319" VPOS="891" WIDTH="45" HEIGHT="24" CONTENT="the" WC="0.85" CC="040"/>
						<SP ID="P349_SP00050" HPOS="364" VPOS="915" WIDTH="19"/>
						<String ID="P349_ST00058" HPOS="383" VPOS="892" WIDTH="134" HEIGHT="31" CONTENT="Secretary" WC="0.63" CC="700006990"/>
						<SP ID="P349_SP00051" HPOS="517" VPOS="923" WIDTH="13"/>
						<String ID="P349_ST00059" HPOS="530" VPOS="891" WIDTH="27" HEIGHT="25" CONTENT="of" WC="0.50" CC="27"/>
						<SP ID="P349_SP00052" HPOS="557" VPOS="923" WIDTH="18"/>
						<String ID="P349_ST00060" HPOS="575" VPOS="892" WIDTH="64" HEIGHT="23" CONTENT="War" WC="0.36" CC="099"/>
						<SP ID="P349_SP00053" HPOS="639" VPOS="923" WIDTH="18"/>
						<String ID="P349_ST00061" HPOS="657" VPOS="892" WIDTH="178" HEIGHT="31" CONTENT="promulgated" WC="0.92" CC="00206000000"/>
						<SP ID="P349_SP00054" HPOS="835" VPOS="923" WIDTH="13"/>
						<String ID="P349_ST00062" HPOS="848" VPOS="893" WIDTH="39" HEIGHT="23" CONTENT="his" WC="0.46" CC="717"/>
						<SP ID="P349_SP00055" HPOS="887" VPOS="923" WIDTH="20"/>
						<String ID="P349_ST00063" HPOS="907" VPOS="893" WIDTH="99" HEIGHT="24" CONTENT="scheme" WC="0.67" CC="606060"/>
					</TextLine>
					<TextLine ID="P349_TL00009" HPOS="156" VPOS="931" WIDTH="851" HEIGHT="33">
						<String ID="P349_ST00064" HPOS="156" VPOS="931" WIDTH="40" HEIGHT="24" CONTENT="for" WC="0.99" CC="000"/>
						<SP ID="P349_SP00056" HPOS="196" VPOS="955" WIDTH="21"/>
						<String ID="P349_ST00065" HPOS="217" VPOS="931" WIDTH="44" HEIGHT="25" CONTENT="the" WC="0.72" CC="160"/>
						<SP ID="P349_SP00057" HPOS="261" VPOS="956" WIDTH="20"/>
						<String ID="P349_ST00066" HPOS="281" VPOS="932" WIDTH="117" HEIGHT="23" CONTENT="national" WC="0.60" CC="50405294"/>
						<SP ID="P349_SP00058" HPOS="398" VPOS="956" WIDTH="22"/>
						<String ID="P349_ST00067" HPOS="420" VPOS="931" WIDTH="111" HEIGHT="24" CONTENT="defence." WC="0.87" CC="00006300"/>
						<SP ID="P349_SP00059" HPOS="531" VPOS="956" WIDTH="45"/>
						<String ID="P349_ST00068" HPOS="576" VPOS="931" WIDTH="40" HEIGHT="31" CONTENT="By" WC="0.63" CC="70"/>
						<SP ID="P349_SP00060" HPOS="616" VPOS="962" WIDTH="21"/>
						<String ID="P349_ST00069" HPOS="637" VPOS="931" WIDTH="54" HEIGHT="24" CONTENT="this" WC="0.47" CC="5635"/>
						<SP ID="P349_SP00061" HPOS="691" VPOS="962" WIDTH="23"/>
						<String ID="P349_ST00070" HPOS="714" VPOS="932" WIDTH="34" HEIGHT="23" CONTENT="all" WC="0.75" CC="024"/>
						<SP ID="P349_SP00062" HPOS="748" VPOS="962" WIDTH="25"/>
						<String ID="P349_ST00071" HPOS="773" VPOS="940" WIDTH="58" HEIGHT="16" CONTENT="men" WC="0.48" CC="806"/>
						<SP ID="P349_SP00063" HPOS="831" VPOS="962" WIDTH="21"/>
						<String ID="P349_ST00072" HPOS="852" VPOS="932" WIDTH="104" HEIGHT="32" CONTENT="capable" WC="0.89" CC="0000700"/>
						<SP ID="P349_SP00064" HPOS="956" VPOS="964" WIDTH="25"/>
						<String ID="P349_ST00073" HPOS="981" VPOS="932" WIDTH="26" HEIGHT="24" CONTENT="of" WC="0.50" CC="09"/>
					</TextLine>
					<TextLine ID="P349_TL00010" HPOS="156" VPOS="971" WIDTH="851" HEIGHT="32">
						<String ID="P349_ST00074" HPOS="156" VPOS="971" WIDTH="108" HEIGHT="32" CONTENT="bearing" WC="0.41" CC="7694480"/>
						<SP ID="P349_SP00065" HPOS="264" VPOS="1003" WIDTH="19"/>
						<String ID="P349_ST00075" HPOS="283" VPOS="979" WIDTH="68" HEIGHT="15" CONTENT="arms" WC="0.60" CC="0167"/>
						<SP ID="P349_SP00066" HPOS="351" VPOS="1003" WIDTH="16"/>
						<String ID="P349_ST00076" HPOS="367" VPOS="971" WIDTH="118" HEIGHT="23" CONTENT="between" WC="0.57" CC="6059008"/>
						<SP ID="P349_SP00067" HPOS="485" VPOS="1003" WIDTH="16"/>
						<String ID="P349_ST00077" HPOS="501" VPOS="971" WIDTH="44" HEIGHT="23" CONTENT="the" WC="0.74" CC="070"/>
						<SP ID="P349_SP00068" HPOS="545" VPOS="1003" WIDTH="17"/>
						<String ID="P349_ST00078" HPOS="562" VPOS="979" WIDTH="58" HEIGHT="23" CONTENT="ages" WC="0.56" CC="0925"/>
						<SP ID="P349_SP00069" HPOS="620" VPOS="1003" WIDTH="16"/>
						<String ID="P349_ST00079" HPOS="636" VPOS="971" WIDTH="27" HEIGHT="23" CONTENT="of" WC="0.95" CC="10"/>
						<SP ID="P349_SP00070" HPOS="663" VPOS="1003" WIDTH="20"/>
						<String ID="P349_ST00080" HPOS="683" VPOS="971" WIDTH="30" HEIGHT="24" CONTENT="17" WC="0.66" CC="60"/>
						<SP ID="P349_SP00071" HPOS="713" VPOS="1003" WIDTH="14"/>
						<String ID="P349_ST00081" HPOS="727" VPOS="972" WIDTH="50" HEIGHT="22" CONTENT="and" WC="0.70" CC="440"/>
						<SP ID="P349_SP00072" HPOS="777" VPOS="1003" WIDTH="18"/>
						<String ID="P349_ST00082" HPOS="795" VPOS="972" WIDTH="31" HEIGHT="22" CONTENT="55" WC="0.76" CC="40"/>
						<SP ID="P349_SP00073" HPOS="826" VPOS="1003" WIDTH="20"/>
						<String ID="P349_ST00083" HPOS="846" VPOS="979" WIDTH="66" HEIGHT="16" CONTENT="were" WC="0.75" CC="0090"/>
						<SP ID="P349_SP00074" HPOS="912" VPOS="1003" WIDTH="18"/>
						<String ID="P349_ST00084" HPOS="930" VPOS="974" WIDTH="27" HEIGHT="21" CONTENT="to" WC="0.63" CC="33"/>
						<SP ID="P349_SP00075" HPOS="957" VPOS="1003" WIDTH="18"/>
						<String ID="P349_ST00085" HPOS="975" VPOS="971" WIDTH="32" HEIGHT="24" CONTENT="be" WC="0.63" CC="70"/>
					</TextLine>
					<TextLine ID="P349_TL00011" HPOS="156" VPOS="1011" WIDTH="851" HEIGHT="33">
						<String ID="P349_ST00086" HPOS="156" VPOS="1011" WIDTH="176" HEIGHT="32" CONTENT="immediately" WC="0.69" CC="30000607249"/>
						<SP ID="P349_SP00076" HPOS="332" VPOS="1043" WIDTH="13"/>
						<String ID="P349_ST00087" HPOS="345" VPOS="1011" WIDTH="115" HEIGHT="23" CONTENT="enrolled" WC="0.75" CC="08074000"/>
						<SP ID="P349_SP00077" HPOS="460" VPOS="1043" WIDTH="13"/>
						<String ID="P349_ST00088" HPOS="473" VPOS="1011" WIDTH="26" HEIGHT="24" CONTENT="in" WC="0.86" CC="02"/>
						<SP ID="P349_SP00078" HPOS="499" VPOS="1043" WIDTH="13"/>
						<String ID="P349_ST00089" HPOS="512" VPOS="1011" WIDTH="58" HEIGHT="23" CONTENT="four" WC="0.77" CC="0620"/>
						<SP ID="P349_SP00079" HPOS="570" VPOS="1043" WIDTH="13"/>
						<String ID="P349_ST00090" HPOS="583" VPOS="1011" WIDTH="91" HEIGHT="23" CONTENT="classes" WC="0.63" CC="0704570"/>
						<SP ID="P349_SP00080" HPOS="674" VPOS="1043" WIDTH="17"/>
						<String ID="P349_ST00091" HPOS="691" VPOS="1021" WIDTH="4" HEIGHT="13" CONTENT=":" WC="1.00" CC="0"/>
						<SP ID="P349_SP00081" HPOS="695" VPOS="1043" WIDTH="20"/>
						<String ID="P349_ST00092" HPOS="715" VPOS="1011" WIDTH="37" HEIGHT="33" CONTENT="(I)" WC="0.76" CC="303"/>
						<SP ID="P349_SP00082" HPOS="752" VPOS="1044" WIDTH="21"/>
						<String ID="P349_ST00093" HPOS="773" VPOS="1011" WIDTH="158" HEIGHT="24" CONTENT="Unmarried" WC="0.63" CC="569070200"/>
						<SP ID="P349_SP00083" HPOS="931" VPOS="1044" WIDTH="19"/>
						<String ID="P349_ST00094" HPOS="950" VPOS="1020" WIDTH="57" HEIGHT="15" CONTENT="men" WC="0.88" CC="003"/>
					</TextLine>
					<TextLine ID="P349_TL00012" HPOS="156" VPOS="1050" WIDTH="851" HEIGHT="33">
						<String ID="P349_ST00095" HPOS="156" VPOS="1051" WIDTH="118" HEIGHT="24" CONTENT="between" WC="0.73" CC="7040006"/>
						<SP ID="P349_SP00084" HPOS="274" VPOS="1075" WIDTH="21"/>
						<String ID="P349_ST00096" HPOS="295" VPOS="1051" WIDTH="30" HEIGHT="24" CONTENT="17" WC="0.90" CC="20"/>
						<SP ID="P349_SP00085" HPOS="325" VPOS="1075" WIDTH="20"/>
						<String ID="P349_ST00097" HPOS="345" VPOS="1051" WIDTH="52" HEIGHT="23" CONTENT="and" WC="0.87" CC="030"/>
						<SP ID="P349_SP00086" HPOS="397" VPOS="1075" WIDTH="20"/>
						<String ID="P349_ST00098" HPOS="417" VPOS="1051" WIDTH="31" HEIGHT="23" CONTENT="30" WC="1.00" CC="00"/>
						<SP ID="P349_SP00087" HPOS="448" VPOS="1075" WIDTH="13"/>
						<String ID="P349_ST00099" HPOS="461" VPOS="1060" WIDTH="5" HEIGHT="20" CONTENT=";" WC="0.40" CC="5"/>
						<SP ID="P349_SP00088" HPOS="466" VPOS="1080" WIDTH="20"/>
						<String ID="P349_ST00100" HPOS="486" VPOS="1050" WIDTH="37" HEIGHT="33" CONTENT="(2)" WC="0.40" CC="394"/>
						<SP ID="P349_SP00089" HPOS="523" VPOS="1083" WIDTH="19"/>
						<String ID="P349_ST00101" HPOS="542" VPOS="1050" WIDTH="148" HEIGHT="24" CONTENT="unmarried" WC="0.72" CC="780070100"/>
						<SP ID="P349_SP00090" HPOS="690" VPOS="1083" WIDTH="19"/>
						<String ID="P349_ST00102" HPOS="709" VPOS="1059" WIDTH="59" HEIGHT="15" CONTENT="men" WC="0.75" CC="007"/>
						<SP ID="P349_SP00091" HPOS="768" VPOS="1083" WIDTH="13"/>
						<String ID="P349_ST00103" HPOS="781" VPOS="1050" WIDTH="115" HEIGHT="25" CONTENT="between" WC="0.51" CC="5049138"/>
						<SP ID="P349_SP00092" HPOS="896" VPOS="1083" WIDTH="16"/>
						<String ID="P349_ST00104" HPOS="912" VPOS="1052" WIDTH="31" HEIGHT="23" CONTENT="30" WC="0.46" CC="91"/>
						<SP ID="P349_SP00093" HPOS="943" VPOS="1083" WIDTH="13"/>
						<String ID="P349_ST00105" HPOS="956" VPOS="1051" WIDTH="51" HEIGHT="24" CONTENT="and" WC="0.84" CC="040"/>
					</TextLine>
					<TextLine ID="P349_TL00013" HPOS="157" VPOS="1090" WIDTH="850" HEIGHT="33">
						<String ID="P349_ST00106" HPOS="157" VPOS="1093" WIDTH="32" HEIGHT="23" CONTENT="50" WC="0.34" CC="93"/>
						<SP ID="P349_SP00094" HPOS="189" VPOS="1116" WIDTH="13"/>
						<String ID="P349_ST00107" HPOS="202" VPOS="1100" WIDTH="4" HEIGHT="17" CONTENT=";" WC="0.72" CC="2"/>
						<SP ID="P349_SP00095" HPOS="206" VPOS="1117" WIDTH="32"/>
						<String ID="P349_ST00108" HPOS="238" VPOS="1091" WIDTH="37" HEIGHT="32" CONTENT="(3)" WC="0.60" CC="164"/>
						<SP ID="P349_SP00096" HPOS="275" VPOS="1123" WIDTH="31"/>
						<String ID="P349_ST00109" HPOS="306" VPOS="1090" WIDTH="110" HEIGHT="25" CONTENT="married" WC="0.66" CC="0729300"/>
						<SP ID="P349_SP00097" HPOS="416" VPOS="1123" WIDTH="26"/>
						<String ID="P349_ST00110" HPOS="442" VPOS="1099" WIDTH="65" HEIGHT="21" CONTENT="men," WC="0.68" CC="6060"/>
						<SP ID="P349_SP00098" HPOS="507" VPOS="1123" WIDTH="27"/>
						<String ID="P349_ST00111" HPOS="534" VPOS="1090" WIDTH="47" HEIGHT="24" CONTENT="but" WC="0.40" CC="745"/>
						<SP ID="P349_SP00099" HPOS="581" VPOS="1123" WIDTH="24"/>
						<String ID="P349_ST00112" HPOS="605" VPOS="1091" WIDTH="64" HEIGHT="23" CONTENT="with" WC="0.68" CC="0056"/>
						<SP ID="P349_SP00100" HPOS="669" VPOS="1123" WIDTH="25"/>
						<String ID="P349_ST00113" HPOS="694" VPOS="1094" WIDTH="46" HEIGHT="21" CONTENT="not" WC="0.71" CC="206"/>
						<SP ID="P349_SP00101" HPOS="740" VPOS="1123" WIDTH="29"/>
						<String ID="P349_ST00114" HPOS="769" VPOS="1099" WIDTH="68" HEIGHT="16" CONTENT="more" WC="0.72" CC="0550"/>
						<SP ID="P349_SP00102" HPOS="837" VPOS="1123" WIDTH="26"/>
						<String ID="P349_ST00115" HPOS="863" VPOS="1092" WIDTH="63" HEIGHT="23" CONTENT="than" WC="0.51" CC="3708"/>
						<SP ID="P349_SP00103" HPOS="926" VPOS="1123" WIDTH="30"/>
						<String ID="P349_ST00116" HPOS="956" VPOS="1094" WIDTH="51" HEIGHT="21" CONTENT="two" WC="0.71" CC="305"/>
					</TextLine>
					<TextLine ID="P349_TL00014" HPOS="156" VPOS="1130" WIDTH="850" HEIGHT="33">
						<String ID="P349_ST00117" HPOS="156" VPOS="1131" WIDTH="124" HEIGHT="29" CONTENT="children," WC="0.59" CC="373009370"/>
						<SP ID="P349_SP00104" HPOS="280" VPOS="1160" WIDTH="12"/>
						<String ID="P349_ST00118" HPOS="292" VPOS="1130" WIDTH="115" HEIGHT="24" CONTENT="between" WC="0.66" CC="0139007"/>
						<SP ID="P349_SP00105" HPOS="407" VPOS="1160" WIDTH="14"/>
						<String ID="P349_ST00119" HPOS="421" VPOS="1130" WIDTH="30" HEIGHT="24" CONTENT="17" WC="0.71" CC="50"/>
						<SP ID="P349_SP00106" HPOS="451" VPOS="1160" WIDTH="14"/>
						<String ID="P349_ST00120" HPOS="465" VPOS="1130" WIDTH="52" HEIGHT="24" CONTENT="and" WC="0.47" CC="860"/>
						<SP ID="P349_SP00107" HPOS="517" VPOS="1160" WIDTH="14"/>
						<String ID="P349_ST00121" HPOS="531" VPOS="1130" WIDTH="32" HEIGHT="24" CONTENT="30" WC="0.81" CC="03"/>
						<SP ID="P349_SP00108" HPOS="563" VPOS="1160" WIDTH="11"/>
						<String ID="P349_ST00122" HPOS="574" VPOS="1138" WIDTH="7" HEIGHT="22" CONTENT=";" WC="0.30" CC="6"/>
						<SP ID="P349_SP00109" HPOS="581" VPOS="1160" WIDTH="19"/>
						<String ID="P349_ST00123" HPOS="600" VPOS="1130" WIDTH="36" HEIGHT="33" CONTENT="(4)" WC="0.55" CC="174"/>
						<SP ID="P349_SP00110" HPOS="636" VPOS="1163" WIDTH="15"/>
						<String ID="P349_ST00124" HPOS="651" VPOS="1130" WIDTH="109" HEIGHT="24" CONTENT="married" WC="0.72" CC="0090404"/>
						<SP ID="P349_SP00111" HPOS="760" VPOS="1163" WIDTH="14"/>
						<String ID="P349_ST00125" HPOS="774" VPOS="1139" WIDTH="58" HEIGHT="15" CONTENT="men" WC="0.52" CC="904"/>
						<SP ID="P349_SP00112" HPOS="832" VPOS="1163" WIDTH="13"/>
						<String ID="P349_ST00126" HPOS="845" VPOS="1131" WIDTH="117" HEIGHT="23" CONTENT="between" WC="0.48" CC="6059138"/>
						<SP ID="P349_SP00113" HPOS="962" VPOS="1163" WIDTH="13"/>
						<String ID="P349_ST00127" HPOS="975" VPOS="1131" WIDTH="31" HEIGHT="23" CONTENT="30" WC="0.63" CC="24"/>
					</TextLine>
					<TextLine ID="P349_TL00015" HPOS="156" VPOS="1171" WIDTH="105" HEIGHT="22">
						<String ID="P349_ST00128" HPOS="156" VPOS="1171" WIDTH="51" HEIGHT="22" CONTENT="and" WC="0.50" CC="940"/>
						<SP ID="P349_SP00114" HPOS="207" VPOS="1193" WIDTH="15"/>
						<String ID="P349_ST00129" HPOS="222" VPOS="1171" WIDTH="39" HEIGHT="22" CONTENT="55." WC="0.95" CC="100"/>
					</TextLine>
				</TextBlock>
				<TextBlock ID="P349_TB00005" HPOS="155" VPOS="1209" WIDTH="852" HEIGHT="272" STYLEREFS="TXT_1 PAR_LEFT">
					<TextLine ID="P349_TL00016" HPOS="190" VPOS="1210" WIDTH="817" HEIGHT="32">
						<String ID="P349_ST00130" HPOS="190" VPOS="1211" WIDTH="54" HEIGHT="24" CONTENT="The" WC="0.78" CC="060"/>
						<SP ID="P349_SP00115" HPOS="244" VPOS="1235" WIDTH="20"/>
						<String ID="P349_ST00131" HPOS="264" VPOS="1219" WIDTH="87" HEIGHT="15" CONTENT="names" WC="0.56" CC="80607"/>
						<SP ID="P349_SP00116" HPOS="351" VPOS="1235" WIDTH="21"/>
						<String ID="P349_ST00132" HPOS="372" VPOS="1218" WIDTH="65" HEIGHT="16" CONTENT="were" WC="0.75" CC="0090"/>
						<SP ID="P349_SP00117" HPOS="437" VPOS="1235" WIDTH="21"/>
						<String ID="P349_ST00133" HPOS="458" VPOS="1215" WIDTH="26" HEIGHT="18" CONTENT="to" WC="1.00" CC="00"/>
						<SP ID="P349_SP00118" HPOS="484" VPOS="1235" WIDTH="20"/>
						<String ID="P349_ST00134" HPOS="504" VPOS="1210" WIDTH="32" HEIGHT="23" CONTENT="be" WC="0.62" CC="70"/>
						<SP ID="P349_SP00119" HPOS="536" VPOS="1235" WIDTH="20"/>
						<String ID="P349_ST00135" HPOS="556" VPOS="1210" WIDTH="90" HEIGHT="32" CONTENT="posted" WC="0.82" CC="007300"/>
						<SP ID="P349_SP00120" HPOS="646" VPOS="1242" WIDTH="18"/>
						<String ID="P349_ST00136" HPOS="664" VPOS="1218" WIDTH="67" HEIGHT="24" CONTENT="upon" WC="0.42" CC="8068"/>
						<SP ID="P349_SP00121" HPOS="731" VPOS="1242" WIDTH="17"/>
						<String ID="P349_ST00137" HPOS="748" VPOS="1210" WIDTH="34" HEIGHT="23" CONTENT="all" WC="0.94" CC="010"/>
						<SP ID="P349_SP00122" HPOS="782" VPOS="1242" WIDTH="17"/>
						<String ID="P349_ST00138" HPOS="799" VPOS="1210" WIDTH="95" HEIGHT="24" CONTENT="church" WC="0.58" CC="060745"/>
						<SP ID="P349_SP00123" HPOS="894" VPOS="1242" WIDTH="22"/>
						<String ID="P349_ST00139" HPOS="916" VPOS="1210" WIDTH="74" HEIGHT="24" CONTENT="doors" WC="0.75" CC="90002"/>
						<SP ID="P349_SP00124" HPOS="990" VPOS="1242" WIDTH="11"/>
						<String ID="P349_ST00140" HPOS="1001" VPOS="1219" WIDTH="6" HEIGHT="22" CONTENT=";" WC="0.31" CC="6"/>
					</TextLine>
					<TextLine ID="P349_TL00017" HPOS="156" VPOS="1250" WIDTH="851" HEIGHT="31">
						<String ID="P349_ST00141" HPOS="156" VPOS="1252" WIDTH="62" HEIGHT="24" CONTENT="each" WC="0.73" CC="3007"/>
						<SP ID="P349_SP00125" HPOS="218" VPOS="1276" WIDTH="14"/>
						<String ID="P349_ST00142" HPOS="232" VPOS="1259" WIDTH="61" HEIGHT="15" CONTENT="man" WC="0.48" CC="068"/>
						<SP ID="P349_SP00126" HPOS="293" VPOS="1276" WIDTH="16"/>
						<String ID="P349_ST00143" HPOS="309" VPOS="1259" WIDTH="51" HEIGHT="15" CONTENT="was" WC="0.94" CC="001"/>
						<SP ID="P349_SP00127" HPOS="360" VPOS="1276" WIDTH="13"/>
						<String ID="P349_ST00144" HPOS="373" VPOS="1253" WIDTH="28" HEIGHT="21" CONTENT="to" WC="0.49" CC="36"/>
						<SP ID="P349_SP00128" HPOS="401" VPOS="1276" WIDTH="16"/>
						<String ID="P349_ST00145" HPOS="417" VPOS="1250" WIDTH="98" HEIGHT="23" CONTENT="receive" WC="0.94" CC="4000000"/>
						<SP ID="P349_SP00129" HPOS="515" VPOS="1276" WIDTH="18"/>
						<String ID="P349_ST00146" HPOS="533" VPOS="1252" WIDTH="51" HEIGHT="21" CONTENT="two" WC="0.44" CC="709"/>
						<SP ID="P349_SP00130" HPOS="584" VPOS="1276" WIDTH="15"/>
						<String ID="P349_ST00147" HPOS="599" VPOS="1250" WIDTH="106" HEIGHT="31" CONTENT="guineas" WC="0.66" CC="0226065"/>
						<SP ID="P349_SP00131" HPOS="705" VPOS="1281" WIDTH="18"/>
						<String ID="P349_ST00148" HPOS="723" VPOS="1250" WIDTH="40" HEIGHT="24" CONTENT="for" WC="0.81" CC="050"/>
						<SP ID="P349_SP00132" HPOS="763" VPOS="1281" WIDTH="18"/>
						<String ID="P349_ST00149" HPOS="781" VPOS="1251" WIDTH="160" HEIGHT="29" CONTENT="necessaries," WC="0.85" CC="300070004020"/>
						<SP ID="P349_SP00133" HPOS="941" VPOS="1281" WIDTH="15"/>
						<String ID="P349_ST00150" HPOS="956" VPOS="1251" WIDTH="51" HEIGHT="24" CONTENT="and" WC="0.79" CC="060"/>
					</TextLine>
					<TextLine ID="P349_TL00018" HPOS="156" VPOS="1289" WIDTH="850" HEIGHT="34">
						<String ID="P349_ST00151" HPOS="156" VPOS="1300" WIDTH="49" HEIGHT="16" CONTENT="one" WC="0.61" CC="470"/>
						<SP ID="P349_SP00134" HPOS="205" VPOS="1316" WIDTH="22"/>
						<String ID="P349_ST00152" HPOS="227" VPOS="1292" WIDTH="94" HEIGHT="31" CONTENT="guinea" WC="0.45" CC="923817"/>
						<SP ID="P349_SP00135" HPOS="321" VPOS="1323" WIDTH="21"/>
						<String ID="P349_ST00153" HPOS="342" VPOS="1293" WIDTH="26" HEIGHT="21" CONTENT="at" WC="0.69" CC="06"/>
						<SP ID="P349_SP00136" HPOS="368" VPOS="1323" WIDTH="21"/>
						<String ID="P349_ST00154" HPOS="389" VPOS="1290" WIDTH="45" HEIGHT="23" CONTENT="the" WC="0.75" CC="051"/>
						<SP ID="P349_SP00137" HPOS="434" VPOS="1323" WIDTH="21"/>
						<String ID="P349_ST00155" HPOS="455" VPOS="1290" WIDTH="146" HEIGHT="31" CONTENT="expiration" WC="0.70" CC="1804005234"/>
						<SP ID="P349_SP00138" HPOS="601" VPOS="1323" WIDTH="22"/>
						<String ID="P349_ST00156" HPOS="623" VPOS="1290" WIDTH="26" HEIGHT="23" CONTENT="of" WC="0.95" CC="10"/>
						<SP ID="P349_SP00139" HPOS="649" VPOS="1323" WIDTH="25"/>
						<String ID="P349_ST00157" HPOS="674" VPOS="1289" WIDTH="40" HEIGHT="24" CONTENT="his" WC="0.57" CC="524"/>
						<SP ID="P349_SP00140" HPOS="714" VPOS="1323" WIDTH="24"/>
						<String ID="P349_ST00158" HPOS="738" VPOS="1290" WIDTH="88" HEIGHT="31" CONTENT="period" WC="0.84" CC="300500"/>
						<SP ID="P349_SP00141" HPOS="826" VPOS="1323" WIDTH="25"/>
						<String ID="P349_ST00159" HPOS="851" VPOS="1290" WIDTH="26" HEIGHT="24" CONTENT="of" WC="1.00" CC="00"/>
						<SP ID="P349_SP00142" HPOS="877" VPOS="1323" WIDTH="26"/>
						<String ID="P349_ST00160" HPOS="903" VPOS="1291" WIDTH="103" HEIGHT="23" CONTENT="service." WC="0.79" CC="30152030"/>
					</TextLine>
					<TextLine ID="P349_TL00019" HPOS="156" VPOS="1329" WIDTH="851" HEIGHT="34">
						<String ID="P349_ST00161" HPOS="156" VPOS="1331" WIDTH="126" HEIGHT="32" CONTENT="Training" WC="0.71" CC="04708300"/>
						<SP ID="P349_SP00143" HPOS="282" VPOS="1363" WIDTH="13"/>
						<String ID="P349_ST00162" HPOS="295" VPOS="1339" WIDTH="52" HEIGHT="14" CONTENT="was" WC="0.78" CC="006"/>
						<SP ID="P349_SP00144" HPOS="347" VPOS="1363" WIDTH="13"/>
						<String ID="P349_ST00163" HPOS="360" VPOS="1333" WIDTH="27" HEIGHT="21" CONTENT="to" WC="0.85" CC="11"/>
						<SP ID="P349_SP00145" HPOS="387" VPOS="1363" WIDTH="12"/>
						<String ID="P349_ST00164" HPOS="399" VPOS="1331" WIDTH="61" HEIGHT="22" CONTENT="take" WC="0.89" CC="4000"/>
						<SP ID="P349_SP00146" HPOS="460" VPOS="1363" WIDTH="14"/>
						<String ID="P349_ST00165" HPOS="474" VPOS="1330" WIDTH="71" HEIGHT="31" CONTENT="place" WC="0.92" CC="04000"/>
						<SP ID="P349_SP00147" HPOS="545" VPOS="1363" WIDTH="13"/>
						<String ID="P349_ST00166" HPOS="558" VPOS="1337" WIDTH="76" HEIGHT="25" CONTENT="every" WC="0.85" CC="07000"/>
						<SP ID="P349_SP00148" HPOS="634" VPOS="1363" WIDTH="13"/>
						<String ID="P349_ST00167" HPOS="647" VPOS="1329" WIDTH="112" HEIGHT="33" CONTENT="Sunday," WC="0.80" CC="6400002"/>
						<SP ID="P349_SP00149" HPOS="759" VPOS="1363" WIDTH="15"/>
						<String ID="P349_ST00168" HPOS="774" VPOS="1329" WIDTH="51" HEIGHT="24" CONTENT="and" WC="0.88" CC="030"/>
						<SP ID="P349_SP00150" HPOS="825" VPOS="1363" WIDTH="13"/>
						<String ID="P349_ST00169" HPOS="838" VPOS="1338" WIDTH="33" HEIGHT="15" CONTENT="no" WC="0.45" CC="82"/>
						<SP ID="P349_SP00151" HPOS="871" VPOS="1363" WIDTH="14"/>
						<String ID="P349_ST00170" HPOS="885" VPOS="1338" WIDTH="59" HEIGHT="15" CONTENT="man" WC="0.90" CC="002"/>
						<SP ID="P349_SP00152" HPOS="944" VPOS="1363" WIDTH="12"/>
						<String ID="P349_ST00171" HPOS="956" VPOS="1339" WIDTH="51" HEIGHT="15" CONTENT="was" WC="1.00" CC="000"/>
					</TextLine>
					<TextLine ID="P349_TL00020" HPOS="156" VPOS="1370" WIDTH="851" HEIGHT="34">
						<String ID="P349_ST00172" HPOS="156" VPOS="1375" WIDTH="27" HEIGHT="22" CONTENT="to" WC="0.86" CC="20"/>
						<SP ID="P349_SP00153" HPOS="183" VPOS="1397" WIDTH="13"/>
						<String ID="P349_ST00173" HPOS="196" VPOS="1380" WIDTH="32" HEIGHT="24" CONTENT="go" WC="0.82" CC="03"/>
						<SP ID="P349_SP00154" HPOS="228" VPOS="1404" WIDTH="13"/>
						<String ID="P349_ST00174" HPOS="241" VPOS="1379" WIDTH="69" HEIGHT="16" CONTENT="more" WC="0.55" CC="4542"/>
						<SP ID="P349_SP00155" HPOS="310" VPOS="1404" WIDTH="14"/>
						<String ID="P349_ST00175" HPOS="324" VPOS="1370" WIDTH="64" HEIGHT="24" CONTENT="than" WC="0.63" CC="1507"/>
						<SP ID="P349_SP00156" HPOS="388" VPOS="1404" WIDTH="14"/>
						<String ID="P349_ST00176" HPOS="402" VPOS="1370" WIDTH="72" HEIGHT="23" CONTENT="three" WC="0.53" CC="96700"/>
						<SP ID="P349_SP00157" HPOS="474" VPOS="1404" WIDTH="13"/>
						<String ID="P349_ST00177" HPOS="487" VPOS="1370" WIDTH="72" HEIGHT="23" CONTENT="miles" WC="0.58" CC="55009"/>
						<SP ID="P349_SP00158" HPOS="559" VPOS="1404" WIDTH="18"/>
						<String ID="P349_ST00178" HPOS="577" VPOS="1370" WIDTH="66" HEIGHT="23" CONTENT="from" WC="0.83" CC="0600"/>
						<SP ID="P349_SP00159" HPOS="643" VPOS="1404" WIDTH="13"/>
						<String ID="P349_ST00179" HPOS="656" VPOS="1370" WIDTH="40" HEIGHT="23" CONTENT="his" WC="0.82" CC="140"/>
						<SP ID="P349_SP00160" HPOS="696" VPOS="1404" WIDTH="17"/>
						<String ID="P349_ST00180" HPOS="713" VPOS="1370" WIDTH="72" HEIGHT="23" CONTENT="home" WC="0.41" CC="7690"/>
						<SP ID="P349_SP00161" HPOS="785" VPOS="1404" WIDTH="13"/>
						<String ID="P349_ST00181" HPOS="798" VPOS="1370" WIDTH="40" HEIGHT="23" CONTENT="for" WC="0.67" CC="090"/>
						<SP ID="P349_SP00162" HPOS="838" VPOS="1404" WIDTH="13"/>
						<String ID="P349_ST00182" HPOS="851" VPOS="1370" WIDTH="66" HEIGHT="23" CONTENT="drill." WC="0.78" CC="093000"/>
						<SP ID="P349_SP00163" HPOS="917" VPOS="1404" WIDTH="38"/>
						<String ID="P349_ST00183" HPOS="955" VPOS="1370" WIDTH="52" HEIGHT="24" CONTENT="The" WC="0.50" CC="562"/>
					</TextLine>
					<TextLine ID="P349_TL00021" HPOS="156" VPOS="1409" WIDTH="851" HEIGHT="36">
						<String ID="P349_ST00184" HPOS="156" VPOS="1412" WIDTH="106" HEIGHT="33" CONTENT="penalty" WC="0.58" CC="8080650"/>
						<SP ID="P349_SP00164" HPOS="262" VPOS="1445" WIDTH="14"/>
						<String ID="P349_ST00185" HPOS="276" VPOS="1411" WIDTH="40" HEIGHT="24" CONTENT="for" WC="0.71" CC="017"/>
						<SP ID="P349_SP00165" HPOS="316" VPOS="1445" WIDTH="13"/>
						<String ID="P349_ST00186" HPOS="329" VPOS="1410" WIDTH="108" HEIGHT="24" CONTENT="absence" WC="0.79" CC="0050800"/>
						<SP ID="P349_SP00166" HPOS="437" VPOS="1445" WIDTH="13"/>
						<String ID="P349_ST00187" HPOS="450" VPOS="1418" WIDTH="52" HEIGHT="15" CONTENT="was" WC="0.53" CC="067"/>
						<SP ID="P349_SP00167" HPOS="502" VPOS="1445" WIDTH="13"/>
						<String ID="P349_ST00188" HPOS="515" VPOS="1409" WIDTH="49" HEIGHT="24" CONTENT="five" WC="0.85" CC="0050"/>
						<SP ID="P349_SP00168" HPOS="564" VPOS="1445" WIDTH="13"/>
						<String ID="P349_ST00189" HPOS="577" VPOS="1409" WIDTH="124" HEIGHT="32" CONTENT="shillings," WC="0.48" CC="7723658090"/>
						<SP ID="P349_SP00169" HPOS="701" VPOS="1445" WIDTH="10"/>
						<String ID="P349_ST00190" HPOS="711" VPOS="1409" WIDTH="51" HEIGHT="24" CONTENT="and" WC="0.71" CC="080"/>
						<SP ID="P349_SP00170" HPOS="762" VPOS="1445" WIDTH="12"/>
						<String ID="P349_ST00191" HPOS="774" VPOS="1412" WIDTH="47" HEIGHT="21" CONTENT="not" WC="0.50" CC="806"/>
						<SP ID="P349_SP00171" HPOS="821" VPOS="1445" WIDTH="9"/>
						<String ID="P349_ST00192" HPOS="830" VPOS="1419" WIDTH="64" HEIGHT="15" CONTENT="even" WC="0.79" CC="0601"/>
						<SP ID="P349_SP00172" HPOS="894" VPOS="1445" WIDTH="10"/>
						<String ID="P349_ST00193" HPOS="904" VPOS="1419" WIDTH="103" HEIGHT="23" CONTENT="persons" WC="0.77" CC="0035330"/>
					</TextLine>
					<TextLine ID="P349_TL00022" HPOS="156" VPOS="1450" WIDTH="761" HEIGHT="31">
						<String ID="P349_ST00194" HPOS="156" VPOS="1452" WIDTH="105" HEIGHT="29" CONTENT="serving" WC="0.60" CC="5236440"/>
						<SP ID="P349_SP00173" HPOS="261" VPOS="1481" WIDTH="12"/>
						<String ID="P349_ST00195" HPOS="273" VPOS="1452" WIDTH="27" HEIGHT="23" CONTENT="in" WC="0.64" CC="42"/>
						<SP ID="P349_SP00174" HPOS="300" VPOS="1481" WIDTH="14"/>
						<String ID="P349_ST00196" HPOS="314" VPOS="1451" WIDTH="44" HEIGHT="24" CONTENT="the" WC="0.44" CC="573"/>
						<SP ID="P349_SP00175" HPOS="358" VPOS="1481" WIDTH="14"/>
						<String ID="P349_ST00197" HPOS="372" VPOS="1451" WIDTH="98" HEIGHT="23" CONTENT="Militia" WC="0.58" CC="9054540"/>
						<SP ID="P349_SP00176" HPOS="470" VPOS="1481" WIDTH="12"/>
						<String ID="P349_ST00198" HPOS="482" VPOS="1450" WIDTH="34" HEIGHT="31" CONTENT="by" WC="1.00" CC="00"/>
						<SP ID="P349_SP00177" HPOS="516" VPOS="1481" WIDTH="14"/>
						<String ID="P349_ST00199" HPOS="530" VPOS="1450" WIDTH="155" HEIGHT="24" CONTENT="substitutes" WC="0.55" CC="68790440006"/>
						<SP ID="P349_SP00178" HPOS="685" VPOS="1481" WIDTH="12"/>
						<String ID="P349_ST00200" HPOS="697" VPOS="1458" WIDTH="66" HEIGHT="16" CONTENT="were" WC="0.96" CC="0010"/>
						<SP ID="P349_SP00179" HPOS="763" VPOS="1481" WIDTH="12"/>
						<String ID="P349_ST00201" HPOS="775" VPOS="1451" WIDTH="142" HEIGHT="30" CONTENT="exempted." WC="0.94" CC="000003100"/>
					</TextLine>
				</TextBlock>
				<TextBlock ID="P349_TB00006" HPOS="155" VPOS="1489" WIDTH="854" HEIGHT="226" STYLEREFS="TXT_1 PAR_LEFT">
					<TextLine ID="P349_TL00023" HPOS="192" VPOS="1490" WIDTH="815" HEIGHT="30">
						<String ID="P349_ST00202" HPOS="192" VPOS="1493" WIDTH="36" HEIGHT="23" CONTENT="To" WC="1.00" CC="00"/>
						<SP ID="P349_SP00180" HPOS="228" VPOS="1516" WIDTH="22"/>
						<String ID="P349_ST00203" HPOS="250" VPOS="1491" WIDTH="51" HEIGHT="24" CONTENT="this" WC="0.59" CC="0744"/>
						<SP ID="P349_SP00181" HPOS="301" VPOS="1516" WIDTH="20"/>
						<String ID="P349_ST00204" HPOS="321" VPOS="1491" WIDTH="116" HEIGHT="22" CONTENT="national" WC="0.79" CC="50030502"/>
						<SP ID="P349_SP00182" HPOS="437" VPOS="1516" WIDTH="17"/>
						<String ID="P349_ST00205" HPOS="454" VPOS="1490" WIDTH="68" HEIGHT="23" CONTENT="force" WC="0.76" CC="04700"/>
						<SP ID="P349_SP00183" HPOS="522" VPOS="1516" WIDTH="18"/>
						<String ID="P349_ST00206" HPOS="540" VPOS="1490" WIDTH="73" HEIGHT="23" CONTENT="Kent" WC="0.82" CC="0070"/>
						<SP ID="P349_SP00184" HPOS="613" VPOS="1516" WIDTH="17"/>
						<String ID="P349_ST00207" HPOS="630" VPOS="1490" WIDTH="164" HEIGHT="23" CONTENT="contributed" WC="0.68" CC="01807275200"/>
						<SP ID="P349_SP00185" HPOS="794" VPOS="1516" WIDTH="16"/>
						<String ID="P349_ST00208" HPOS="810" VPOS="1491" WIDTH="74" HEIGHT="29" CONTENT="1,530" WC="0.68" CC="14540"/>
						<SP ID="P349_SP00186" HPOS="884" VPOS="1520" WIDTH="13"/>
						<String ID="P349_ST00209" HPOS="897" VPOS="1491" WIDTH="110" HEIGHT="29" CONTENT="cavalry," WC="0.55" CC="00592970"/>
					</TextLine>
					<TextLine ID="P349_TL00024" HPOS="162" VPOS="1529" WIDTH="847" HEIGHT="33">
						<String ID="P349_ST00210" HPOS="162" VPOS="1532" WIDTH="77" HEIGHT="30" CONTENT="8,800" WC="0.72" CC="50403"/>
						<SP ID="P349_SP00187" HPOS="239" VPOS="1562" WIDTH="32"/>
						<String ID="P349_ST00211" HPOS="271" VPOS="1530" WIDTH="124" HEIGHT="32" CONTENT="infantry," WC="0.70" CC="587050000"/>
						<SP ID="P349_SP00188" HPOS="395" VPOS="1562" WIDTH="26"/>
						<String ID="P349_ST00212" HPOS="421" VPOS="1530" WIDTH="50" HEIGHT="23" CONTENT="and" WC="0.54" CC="940"/>
						<SP ID="P349_SP00189" HPOS="471" VPOS="1562" WIDTH="27"/>
						<String ID="P349_ST00213" HPOS="498" VPOS="1530" WIDTH="49" HEIGHT="23" CONTENT="253" WC="0.91" CC="001"/>
						<SP ID="P349_SP00190" HPOS="547" VPOS="1562" WIDTH="24"/>
						<String ID="P349_ST00214" HPOS="571" VPOS="1530" WIDTH="125" HEIGHT="32" CONTENT="artillery," WC="0.92" CC="0400200000"/>
						<SP ID="P349_SP00191" HPOS="696" VPOS="1562" WIDTH="25"/>
						<String ID="P349_ST00215" HPOS="721" VPOS="1529" WIDTH="98" HEIGHT="24" CONTENT="besides" WC="0.78" CC="6020006"/>
						<SP ID="P349_SP00192" HPOS="819" VPOS="1562" WIDTH="33"/>
						<String ID="P349_ST00216" HPOS="852" VPOS="1530" WIDTH="73" HEIGHT="30" CONTENT="1,026" WC="0.72" CC="64003"/>
						<SP ID="P349_SP00193" HPOS="925" VPOS="1562" WIDTH="25"/>
						<String ID="P349_ST00217" HPOS="950" VPOS="1539" WIDTH="59" HEIGHT="16" CONTENT="men" WC="0.62" CC="046"/>
					</TextLine>
					<TextLine ID="P349_TL00025" HPOS="156" VPOS="1569" WIDTH="853" HEIGHT="34">
						<String ID="P349_ST00218" HPOS="156" VPOS="1572" WIDTH="140" HEIGHT="31" CONTENT="averaging" WC="0.62" CC="060990060"/>
						<SP ID="P349_SP00194" HPOS="296" VPOS="1603" WIDTH="25"/>
						<String ID="P349_ST00219" HPOS="321" VPOS="1571" WIDTH="15" HEIGHT="24" CONTENT="5" WC="1.00" CC="0"/>
						<SP ID="P349_SP00195" HPOS="336" VPOS="1603" WIDTH="24"/>
						<String ID="P349_ST00220" HPOS="360" VPOS="1570" WIDTH="53" HEIGHT="24" CONTENT="feet" WC="0.90" CC="0004"/>
						<SP ID="P349_SP00196" HPOS="413" VPOS="1603" WIDTH="26"/>
						<String ID="P349_ST00221" HPOS="439" VPOS="1570" WIDTH="13" HEIGHT="23" CONTENT="2" WC="1.00" CC="0"/>
						<SP ID="P349_SP00197" HPOS="452" VPOS="1603" WIDTH="25"/>
						<String ID="P349_ST00222" HPOS="477" VPOS="1569" WIDTH="87" HEIGHT="25" CONTENT="inches" WC="0.56" CC="380705"/>
						<SP ID="P349_SP00198" HPOS="564" VPOS="1603" WIDTH="24"/>
						<String ID="P349_ST00223" HPOS="588" VPOS="1570" WIDTH="27" HEIGHT="24" CONTENT="in" WC="0.67" CC="06"/>
						<SP ID="P349_SP00199" HPOS="615" VPOS="1603" WIDTH="25"/>
						<String ID="P349_ST00224" HPOS="640" VPOS="1569" WIDTH="96" HEIGHT="32" CONTENT="height," WC="0.66" CC="7020642"/>
						<SP ID="P349_SP00200" HPOS="736" VPOS="1603" WIDTH="22"/>
						<String ID="P349_ST00225" HPOS="758" VPOS="1572" WIDTH="27" HEIGHT="21" CONTENT="to" WC="0.70" CC="23"/>
						<SP ID="P349_SP00201" HPOS="785" VPOS="1603" WIDTH="24"/>
						<String ID="P349_ST00226" HPOS="809" VPOS="1570" WIDTH="45" HEIGHT="24" CONTENT="the" WC="0.71" CC="440"/>
						<SP ID="P349_SP00202" HPOS="854" VPOS="1603" WIDTH="24"/>
						<String ID="P349_ST00227" HPOS="878" VPOS="1571" WIDTH="82" HEIGHT="31" CONTENT="Army" WC="0.95" CC="0100"/>
						<SP ID="P349_SP00203" HPOS="960" VPOS="1603" WIDTH="22"/>
						<String ID="P349_ST00228" HPOS="982" VPOS="1571" WIDTH="27" HEIGHT="24" CONTENT="of" WC="1.00" CC="00"/>
					</TextLine>
					<TextLine ID="P349_TL00026" HPOS="159" VPOS="1609" WIDTH="850" HEIGHT="33">
						<String ID="P349_ST00229" HPOS="159" VPOS="1613" WIDTH="121" HEIGHT="24" CONTENT="Reserve." WC="0.81" CC="60000601"/>
						<SP ID="P349_SP00204" HPOS="280" VPOS="1637" WIDTH="38"/>
						<String ID="P349_ST00230" HPOS="318" VPOS="1610" WIDTH="56" HEIGHT="24" CONTENT="Nor" WC="0.84" CC="022"/>
						<SP ID="P349_SP00205" HPOS="374" VPOS="1637" WIDTH="14"/>
						<String ID="P349_ST00231" HPOS="388" VPOS="1618" WIDTH="50" HEIGHT="16" CONTENT="was" WC="0.90" CC="003"/>
						<SP ID="P349_SP00206" HPOS="438" VPOS="1637" WIDTH="14"/>
						<String ID="P349_ST00232" HPOS="452" VPOS="1610" WIDTH="52" HEIGHT="24" CONTENT="this" WC="0.51" CC="2555"/>
						<SP ID="P349_SP00207" HPOS="504" VPOS="1637" WIDTH="14"/>
						<String ID="P349_ST00233" HPOS="518" VPOS="1610" WIDTH="40" HEIGHT="24" CONTENT="all." WC="0.85" CC="0401"/>
						<SP ID="P349_SP00208" HPOS="558" VPOS="1637" WIDTH="39"/>
						<String ID="P349_ST00234" HPOS="597" VPOS="1610" WIDTH="25" HEIGHT="23" CONTENT="A" WC="1.00" CC="0"/>
						<SP ID="P349_SP00209" HPOS="622" VPOS="1637" WIDTH="19"/>
						<String ID="P349_ST00235" HPOS="641" VPOS="1613" WIDTH="95" HEIGHT="29" CONTENT="system" WC="0.86" CC="700010"/>
						<SP ID="P349_SP00210" HPOS="736" VPOS="1642" WIDTH="12"/>
						<String ID="P349_ST00236" HPOS="748" VPOS="1609" WIDTH="26" HEIGHT="24" CONTENT="of" WC="0.96" CC="00"/>
						<SP ID="P349_SP00211" HPOS="774" VPOS="1642" WIDTH="13"/>
						<String ID="P349_ST00237" HPOS="787" VPOS="1609" WIDTH="77" HEIGHT="24" CONTENT="Coast" WC="0.59" CC="70903"/>
						<SP ID="P349_SP00212" HPOS="864" VPOS="1642" WIDTH="15"/>
						<String ID="P349_ST00238" HPOS="879" VPOS="1609" WIDTH="130" HEIGHT="26" CONTENT="Fencibles" WC="0.38" CC="467737746"/>
					</TextLine>
					<TextLine ID="P349_TL00027" HPOS="155" VPOS="1649" WIDTH="853" HEIGHT="34">
						<String ID="P349_ST00239" HPOS="155" VPOS="1652" WIDTH="51" HEIGHT="25" CONTENT="had" WC="0.80" CC="500"/>
						<SP ID="P349_SP00213" HPOS="206" VPOS="1677" WIDTH="29"/>
						<String ID="P349_ST00240" HPOS="235" VPOS="1651" WIDTH="64" HEIGHT="25" CONTENT="been" WC="0.95" CC="0002"/>
						<SP ID="P349_SP00214" HPOS="299" VPOS="1677" WIDTH="20"/>
						<String ID="P349_ST00241" HPOS="319" VPOS="1650" WIDTH="153" HEIGHT="24" CONTENT="introduced" WC="0.67" CC="1627502600"/>
						<SP ID="P349_SP00215" HPOS="472" VPOS="1677" WIDTH="22"/>
						<String ID="P349_ST00242" HPOS="494" VPOS="1651" WIDTH="26" HEIGHT="22" CONTENT="in" WC="0.68" CC="60"/>
						<SP ID="P349_SP00216" HPOS="520" VPOS="1677" WIDTH="27"/>
						<String ID="P349_ST00243" HPOS="547" VPOS="1650" WIDTH="64" HEIGHT="24" CONTENT="1799" WC="0.80" CC="0007"/>
						<SP ID="P349_SP00217" HPOS="611" VPOS="1677" WIDTH="25"/>
						<String ID="P349_ST00244" HPOS="636" VPOS="1649" WIDTH="34" HEIGHT="33" CONTENT="by" WC="0.63" CC="70"/>
						<SP ID="P349_SP00218" HPOS="670" VPOS="1682" WIDTH="25"/>
						<String ID="P349_ST00245" HPOS="695" VPOS="1649" WIDTH="110" HEIGHT="32" CONTENT="Captain" WC="0.58" CC="3800942"/>
						<SP ID="P349_SP00219" HPOS="805" VPOS="1682" WIDTH="25"/>
						<String ID="P349_ST00246" HPOS="830" VPOS="1650" WIDTH="121" HEIGHT="32" CONTENT="Popham," WC="0.56" CC="6007870"/>
						<SP ID="P349_SP00220" HPOS="951" VPOS="1682" WIDTH="23"/>
						<String ID="P349_ST00247" HPOS="974" VPOS="1651" WIDTH="34" HEIGHT="32" CONTENT="by" WC="1.00" CC="00"/>
					</TextLine>
					<TextLine ID="P349_TL00028" HPOS="156" VPOS="1690" WIDTH="853" HEIGHT="25">
						<String ID="P349_ST00248" HPOS="156" VPOS="1692" WIDTH="83" HEIGHT="23" CONTENT="which" WC="0.71" CC="06007"/>
						<SP ID="P349_SP00221" HPOS="239" VPOS="1715" WIDTH="15"/>
						<String ID="P349_ST00249" HPOS="254" VPOS="1692" WIDTH="45" HEIGHT="23" CONTENT="the" WC="0.58" CC="570"/>
						<SP ID="P349_SP00222" HPOS="299" VPOS="1715" WIDTH="13"/>
						<String ID="P349_ST00250" HPOS="312" VPOS="1699" WIDTH="102" HEIGHT="16" CONTENT="seamen" WC="0.50" CC="649008"/>
						<SP ID="P349_SP00223" HPOS="414" VPOS="1715" WIDTH="13"/>
						<String ID="P349_ST00251" HPOS="427" VPOS="1690" WIDTH="51" HEIGHT="24" CONTENT="and" WC="0.42" CC="970"/>
						<SP ID="P349_SP00224" HPOS="478" VPOS="1715" WIDTH="14"/>
						<String ID="P349_ST00252" HPOS="492" VPOS="1690" WIDTH="136" HEIGHT="24" CONTENT="fishermen" WC="0.90" CC="000602000"/>
						<SP ID="P349_SP00225" HPOS="628" VPOS="1715" WIDTH="13"/>
						<String ID="P349_ST00253" HPOS="641" VPOS="1698" WIDTH="64" HEIGHT="16" CONTENT="were" WC="1.00" CC="0000"/>
						<SP ID="P349_SP00226" HPOS="705" VPOS="1715" WIDTH="14"/>
						<String ID="P349_ST00254" HPOS="719" VPOS="1690" WIDTH="112" HEIGHT="24" CONTENT="enrolled" WC="0.80" CC="02062400"/>
						<SP ID="P349_SP00227" HPOS="831" VPOS="1715" WIDTH="15"/>
						<String ID="P349_ST00255" HPOS="846" VPOS="1690" WIDTH="48" HEIGHT="24" CONTENT="and" WC="0.86" CC="040"/>
						<SP ID="P349_SP00228" HPOS="894" VPOS="1715" WIDTH="15"/>
						<String ID="P349_ST00256" HPOS="909" VPOS="1691" WIDTH="100" HEIGHT="24" CONTENT="trained" WC="0.46" CC="4700888"/>
					</TextLine>
				</TextBlock>
				<TextBlock ID="P349_TB00007" HPOS="750" VPOS="1754" WIDTH="12" HEIGHT="12" STYLEREFS="TXT_2 PAR_RIGHT">
					<TextLine ID="P349_TL00029" HPOS="750" VPOS="1755" WIDTH="12" HEIGHT="11">
						<String ID="P349_ST00257" HPOS="750" VPOS="1755" WIDTH="12" HEIGHT="11" CONTENT="u" WC="0.84" CC="1"/>
					</TextLine>
				</TextBlock>
			</PrintSpace>
		</Page>
	</Layout>
</alto>
