<?xml version="1.0" encoding="UTF-8"?>
<alto xmlns:xsi="http://www.w3.org/2001/XMLSchema-instance" xsi:noNamespaceSchemaLocation="http://www.bl.uk/schemas/alto/alto-1-4.xsd" xmlns:xlink="http://www.w3.org/1999/xlink">
	<Description>
		<MeasurementUnit>mm10</MeasurementUnit>
		<sourceImageInformation>
			<fileName>//head1/IN/2008-20/A0011615688/004720.jp2</fileName>
		</sourceImageInformation>
		<OCRProcessing ID="OCRPROCESSING_1">
			<preProcessingStep>
				<processingSoftware>
					<softwareCreator>CCS Content Conversion Specialists GmbH, Germany</softwareCreator>
					<softwareName>CCS docWORKS</softwareName>
					<softwareVersion>6.1-0.67</softwareVersion>
				</processingSoftware>
			</preProcessingStep>
			<ocrProcessingStep>
				<processingSoftware>
					<softwareCreator>ABBYY (BIT Software), Russia</softwareCreator>
					<softwareName>Finereader</softwareName>
				</processingSoftware>
			</ocrProcessingStep>
		</OCRProcessing>
	</Description>
	<Styles>
		<TextStyle ID="TXT_0" FONTSIZE="11" FONTFAMILY="Courier New"/>
		<TextStyle ID="TXT_1" FONTSIZE="9" FONTFAMILY="Courier New"/>
		<ParagraphStyle ID="PAR_LEFT" ALIGN="Left"/>
	</Styles>
	<Layout>
		<Page ID="P260" PHYSICAL_IMG_NR="260" HEIGHT="1823" WIDTH="1139" PRINTED_IMG_NR="208" POSITION="Left" ACCURACY="69.73">
			<TopMargin ID="P260_TM00001" HPOS="0" VPOS="0" WIDTH="1138" HEIGHT="136">
				<TextBlock ID="P260_TB00001" HPOS="110" VPOS="111" WIDTH="47" HEIGHT="23" STYLEREFS="TXT_0 PAR_LEFT">
					<TextLine ID="P260_TL00001" HPOS="110" VPOS="111" WIDTH="47" HEIGHT="23">
						<String ID="P260_ST00001" HPOS="110" VPOS="111" WIDTH="47" HEIGHT="23" CONTENT="208" WC="1.00" CC="000"/>
					</TextLine>
				</TextBlock>
				<TextBlock ID="P260_TB00002" HPOS="408" VPOS="115" WIDTH="256" HEIGHT="18" STYLEREFS="TXT_1 PAR_LEFT">
					<TextLine ID="P260_TL00002" HPOS="409" VPOS="116" WIDTH="255" HEIGHT="17">
						<String ID="P260_ST00002" HPOS="409" VPOS="117" WIDTH="111" HEIGHT="16" CONTENT="HISTORY" WC="0.68" CC="0070490"/>
						<SP ID="P260_SP00001" HPOS="520" VPOS="133" WIDTH="19"/>
						<String ID="P260_ST00003" HPOS="539" VPOS="117" WIDTH="32" HEIGHT="16" CONTENT="OF" WC="0.96" CC="00"/>
						<SP ID="P260_SP00002" HPOS="571" VPOS="133" WIDTH="19"/>
						<String ID="P260_ST00004" HPOS="590" VPOS="116" WIDTH="74" HEIGHT="17" CONTENT="KENT." WC="0.56" CC="04970"/>
					</TextLine>
				</TextBlock>
			</TopMargin>
			<LeftMargin ID="P260_LM00001" HPOS="0" VPOS="136" WIDTH="106" HEIGHT="1556"/>
			<RightMargin ID="P260_RM00001" HPOS="961" VPOS="136" WIDTH="177" HEIGHT="1556"/>
			<BottomMargin ID="P260_BM00001" HPOS="0" VPOS="1692" WIDTH="1138" HEIGHT="130"/>
			<PrintSpace ID="P260_PS00001" HPOS="106" VPOS="136" WIDTH="855" HEIGHT="1556">
				<TextBlock ID="P260_TB00003" HPOS="108" VPOS="184" WIDTH="853" HEIGHT="544" STYLEREFS="TXT_1 PAR_LEFT">
					<TextLine ID="P260_TL00003" HPOS="108" VPOS="185" WIDTH="853" HEIGHT="33">
						<String ID="P260_ST00005" HPOS="108" VPOS="192" WIDTH="88" HEIGHT="21" CONTENT="meant" WC="0.66" CC="30076"/>
						<SP ID="P260_SP00003" HPOS="196" VPOS="213" WIDTH="14"/>
						<String ID="P260_ST00006" HPOS="210" VPOS="192" WIDTH="26" HEIGHT="21" CONTENT="to" WC="0.46" CC="45"/>
						<SP ID="P260_SP00004" HPOS="236" VPOS="213" WIDTH="13"/>
						<String ID="P260_ST00007" HPOS="249" VPOS="189" WIDTH="64" HEIGHT="23" CONTENT="have" WC="0.47" CC="6670"/>
						<SP ID="P260_SP00005" HPOS="313" VPOS="213" WIDTH="14"/>
						<String ID="P260_ST00008" HPOS="327" VPOS="188" WIDTH="64" HEIGHT="24" CONTENT="been" WC="0.83" CC="6000"/>
						<SP ID="P260_SP00006" HPOS="391" VPOS="213" WIDTH="12"/>
						<String ID="P260_ST00009" HPOS="403" VPOS="187" WIDTH="81" HEIGHT="25" CONTENT="made." WC="1.00" CC="00000"/>
						<SP ID="P260_SP00007" HPOS="484" VPOS="213" WIDTH="39"/>
						<String ID="P260_ST00010" HPOS="523" VPOS="188" WIDTH="54" HEIGHT="23" CONTENT="But" WC="0.48" CC="616"/>
						<SP ID="P260_SP00008" HPOS="577" VPOS="213" WIDTH="7"/>
						<String ID="P260_ST00011" HPOS="584" VPOS="187" WIDTH="54" HEIGHT="24" CONTENT="alas" WC="0.45" CC="6095"/>
						<SP ID="P260_SP00009" HPOS="638" VPOS="213" WIDTH="11"/>
						<String ID="P260_ST00012" HPOS="649" VPOS="188" WIDTH="3" HEIGHT="23" CONTENT="!" WC="1.00" CC="0"/>
						<SP ID="P260_SP00010" HPOS="652" VPOS="213" WIDTH="19"/>
						<String ID="P260_ST00013" HPOS="671" VPOS="195" WIDTH="28" HEIGHT="15" CONTENT="as" WC="0.76" CC="40"/>
						<SP ID="P260_SP00011" HPOS="699" VPOS="213" WIDTH="13"/>
						<String ID="P260_ST00014" HPOS="712" VPOS="186" WIDTH="34" HEIGHT="23" CONTENT="all" WC="1.00" CC="000"/>
						<SP ID="P260_SP00012" HPOS="746" VPOS="213" WIDTH="13"/>
						<String ID="P260_ST00015" HPOS="759" VPOS="185" WIDTH="102" HEIGHT="33" CONTENT="earthly" WC="0.69" CC="0034760"/>
						<SP ID="P260_SP00013" HPOS="861" VPOS="218" WIDTH="14"/>
						<String ID="P260_ST00016" HPOS="875" VPOS="185" WIDTH="86" HEIGHT="32" CONTENT="things" WC="0.45" CC="070897"/>
					</TextLine>
					<TextLine ID="P260_TL00004" HPOS="108" VPOS="225" WIDTH="853" HEIGHT="36">
						<String ID="P260_ST00017" HPOS="108" VPOS="229" WIDTH="45" HEIGHT="24" CONTENT="fail" WC="0.76" CC="0054"/>
						<SP ID="P260_SP00014" HPOS="153" VPOS="253" WIDTH="21"/>
						<String ID="P260_ST00018" HPOS="174" VPOS="232" WIDTH="27" HEIGHT="21" CONTENT="to" WC="0.91" CC="10"/>
						<SP ID="P260_SP00015" HPOS="201" VPOS="253" WIDTH="18"/>
						<String ID="P260_ST00019" HPOS="219" VPOS="237" WIDTH="62" HEIGHT="24" CONTENT="poor" WC="0.50" CC="0099"/>
						<SP ID="P260_SP00016" HPOS="281" VPOS="261" WIDTH="20"/>
						<String ID="P260_ST00020" HPOS="301" VPOS="229" WIDTH="105" HEIGHT="23" CONTENT="mortals" WC="0.50" CC="8409029"/>
						<SP ID="P260_SP00017" HPOS="406" VPOS="261" WIDTH="22"/>
						<String ID="P260_ST00021" HPOS="428" VPOS="229" WIDTH="27" HEIGHT="23" CONTENT="in" WC="0.35" CC="57"/>
						<SP ID="P260_SP00018" HPOS="455" VPOS="261" WIDTH="17"/>
						<String ID="P260_ST00022" HPOS="472" VPOS="229" WIDTH="156" HEIGHT="30" CONTENT="enjoyment," WC="0.68" CC="0804070802"/>
						<SP ID="P260_SP00019" HPOS="628" VPOS="261" WIDTH="21"/>
						<String ID="P260_ST00023" HPOS="649" VPOS="234" WIDTH="27" HEIGHT="16" CONTENT="so" WC="0.92" CC="10"/>
						<SP ID="P260_SP00020" HPOS="676" VPOS="261" WIDTH="17"/>
						<String ID="P260_ST00024" HPOS="693" VPOS="225" WIDTH="96" HEIGHT="33" CONTENT="proved" WC="0.59" CC="506740"/>
						<SP ID="P260_SP00021" HPOS="789" VPOS="261" WIDTH="22"/>
						<String ID="P260_ST00025" HPOS="811" VPOS="226" WIDTH="59" HEIGHT="23" CONTENT="this." WC="0.69" CC="07070"/>
						<SP ID="P260_SP00022" HPOS="870" VPOS="261" WIDTH="38"/>
						<String ID="P260_ST00026" HPOS="908" VPOS="226" WIDTH="53" HEIGHT="23" CONTENT="The" WC="0.66" CC="027"/>
					</TextLine>
					<TextLine ID="P260_TL00005" HPOS="108" VPOS="266" WIDTH="853" HEIGHT="35">
						<String ID="P260_ST00027" HPOS="108" VPOS="269" WIDTH="60" HEIGHT="32" CONTENT="lady" WC="1.00" CC="0000"/>
						<SP ID="P260_SP00023" HPOS="168" VPOS="301" WIDTH="14"/>
						<String ID="P260_ST00028" HPOS="182" VPOS="269" WIDTH="57" HEIGHT="23" CONTENT="who" WC="0.65" CC="064"/>
						<SP ID="P260_SP00024" HPOS="239" VPOS="301" WIDTH="12"/>
						<String ID="P260_ST00029" HPOS="251" VPOS="267" WIDTH="93" HEIGHT="34" CONTENT="played" WC="0.67" CC="030960"/>
						<SP ID="P260_SP00025" HPOS="344" VPOS="301" WIDTH="18"/>
						<String ID="P260_ST00030" HPOS="362" VPOS="267" WIDTH="43" HEIGHT="24" CONTENT="the" WC="0.77" CC="060"/>
						<SP ID="P260_SP00026" HPOS="405" VPOS="301" WIDTH="14"/>
						<String ID="P260_ST00031" HPOS="419" VPOS="267" WIDTH="108" HEIGHT="29" CONTENT="Queen's" WC="0.64" CC="7000709"/>
						<SP ID="P260_SP00027" HPOS="527" VPOS="301" WIDTH="13"/>
						<String ID="P260_ST00032" HPOS="540" VPOS="269" WIDTH="59" HEIGHT="29" CONTENT="part" WC="0.81" CC="0042"/>
						<SP ID="P260_SP00028" HPOS="599" VPOS="301" WIDTH="17"/>
						<String ID="P260_ST00033" HPOS="616" VPOS="266" WIDTH="98" HEIGHT="24" CONTENT="carried" WC="0.87" CC="0050300"/>
						<SP ID="P260_SP00029" HPOS="714" VPOS="301" WIDTH="16"/>
						<String ID="P260_ST00034" HPOS="730" VPOS="266" WIDTH="115" HEIGHT="31" CONTENT="precious" WC="0.85" CC="00160003"/>
						<SP ID="P260_SP00030" HPOS="845" VPOS="301" WIDTH="14"/>
						<String ID="P260_ST00035" HPOS="859" VPOS="266" WIDTH="62" HEIGHT="31" CONTENT="gifts" WC="0.92" CC="00040"/>
						<SP ID="P260_SP00031" HPOS="921" VPOS="301" WIDTH="15"/>
						<String ID="P260_ST00036" HPOS="936" VPOS="269" WIDTH="25" HEIGHT="21" CONTENT="to" WC="0.75" CC="04"/>
					</TextLine>
					<TextLine ID="P260_TL00006" HPOS="109" VPOS="306" WIDTH="852" HEIGHT="33">
						<String ID="P260_ST00037" HPOS="109" VPOS="309" WIDTH="63" HEIGHT="24" CONTENT="both" WC="0.68" CC="7050"/>
						<SP ID="P260_SP00032" HPOS="172" VPOS="333" WIDTH="19"/>
						<String ID="P260_ST00038" HPOS="191" VPOS="308" WIDTH="67" HEIGHT="24" CONTENT="their" WC="0.72" CC="06007"/>
						<SP ID="P260_SP00033" HPOS="258" VPOS="333" WIDTH="18"/>
						<String ID="P260_ST00039" HPOS="276" VPOS="308" WIDTH="129" HEIGHT="31" CONTENT="majesties" WC="0.66" CC="094052502"/>
						<SP ID="P260_SP00034" HPOS="405" VPOS="339" WIDTH="10"/>
						<String ID="P260_ST00040" HPOS="415" VPOS="317" WIDTH="6" HEIGHT="20" CONTENT=";" WC="0.39" CC="6"/>
						<SP ID="P260_SP00035" HPOS="421" VPOS="339" WIDTH="18"/>
						<String ID="P260_ST00041" HPOS="439" VPOS="306" WIDTH="55" HEIGHT="30" CONTENT="but," WC="0.82" CC="7000"/>
						<SP ID="P260_SP00036" HPOS="494" VPOS="339" WIDTH="14"/>
						<String ID="P260_ST00042" HPOS="508" VPOS="306" WIDTH="143" HEIGHT="32" CONTENT="forgetting" WC="0.78" CC="0250041060"/>
						<SP ID="P260_SP00037" HPOS="651" VPOS="339" WIDTH="19"/>
						<String ID="P260_ST00043" HPOS="670" VPOS="306" WIDTH="44" HEIGHT="23" CONTENT="the" WC="0.54" CC="670"/>
						<SP ID="P260_SP00038" HPOS="714" VPOS="339" WIDTH="18"/>
						<String ID="P260_ST00044" HPOS="732" VPOS="308" WIDTH="70" HEIGHT="29" CONTENT="steps" WC="0.65" CC="44304"/>
						<SP ID="P260_SP00039" HPOS="802" VPOS="339" WIDTH="18"/>
						<String ID="P260_ST00045" HPOS="820" VPOS="306" WIDTH="97" HEIGHT="31" CONTENT="arising" WC="0.82" CC="0002460"/>
						<SP ID="P260_SP00040" HPOS="917" VPOS="339" WIDTH="19"/>
						<String ID="P260_ST00046" HPOS="936" VPOS="308" WIDTH="25" HEIGHT="21" CONTENT="to" WC="0.48" CC="46"/>
					</TextLine>
					<TextLine ID="P260_TL00007" HPOS="108" VPOS="345" WIDTH="853" HEIGHT="35">
						<String ID="P260_ST00047" HPOS="108" VPOS="349" WIDTH="45" HEIGHT="23" CONTENT="the" WC="0.76" CC="420"/>
						<SP ID="P260_SP00041" HPOS="153" VPOS="372" WIDTH="13"/>
						<String ID="P260_ST00048" HPOS="166" VPOS="356" WIDTH="105" HEIGHT="24" CONTENT="canopy," WC="1.00" CC="0000000"/>
						<SP ID="P260_SP00042" HPOS="271" VPOS="380" WIDTH="14"/>
						<String ID="P260_ST00049" HPOS="285" VPOS="350" WIDTH="100" HEIGHT="22" CONTENT="overset" WC="0.83" CC="0600004"/>
						<SP ID="P260_SP00043" HPOS="385" VPOS="380" WIDTH="17"/>
						<String ID="P260_ST00050" HPOS="402" VPOS="347" WIDTH="46" HEIGHT="24" CONTENT="her" WC="0.71" CC="610"/>
						<SP ID="P260_SP00044" HPOS="448" VPOS="380" WIDTH="19"/>
						<String ID="P260_ST00051" HPOS="467" VPOS="346" WIDTH="101" HEIGHT="24" CONTENT="caskets" WC="0.66" CC="0450066"/>
						<SP ID="P260_SP00045" HPOS="568" VPOS="380" WIDTH="16"/>
						<String ID="P260_ST00052" HPOS="584" VPOS="346" WIDTH="57" HEIGHT="23" CONTENT="into" WC="0.47" CC="2359"/>
						<SP ID="P260_SP00046" HPOS="641" VPOS="380" WIDTH="13"/>
						<String ID="P260_ST00053" HPOS="654" VPOS="345" WIDTH="40" HEIGHT="24" CONTENT="his" WC="0.52" CC="607"/>
						<SP ID="P260_SP00047" HPOS="694" VPOS="380" WIDTH="16"/>
						<String ID="P260_ST00054" HPOS="710" VPOS="345" WIDTH="99" HEIGHT="24" CONTENT="Danish" WC="0.16" CC="998497"/>
						<SP ID="P260_SP00048" HPOS="809" VPOS="380" WIDTH="19"/>
						<String ID="P260_ST00055" HPOS="828" VPOS="345" WIDTH="133" HEIGHT="33" CONTENT="Majesty's" WC="0.91" CC="001005000"/>
					</TextLine>
					<TextLine ID="P260_TL00008" HPOS="108" VPOS="385" WIDTH="853" HEIGHT="35">
						<String ID="P260_ST00056" HPOS="108" VPOS="389" WIDTH="50" HEIGHT="31" CONTENT="lap," WC="1.00" CC="0000"/>
						<SP ID="P260_SP00049" HPOS="158" VPOS="420" WIDTH="14"/>
						<String ID="P260_ST00057" HPOS="172" VPOS="388" WIDTH="51" HEIGHT="23" CONTENT="and" WC="0.86" CC="040"/>
						<SP ID="P260_SP00050" HPOS="223" VPOS="420" WIDTH="19"/>
						<String ID="P260_ST00058" HPOS="242" VPOS="388" WIDTH="44" HEIGHT="23" CONTENT="fell" WC="0.65" CC="0904"/>
						<SP ID="P260_SP00051" HPOS="286" VPOS="420" WIDTH="21"/>
						<String ID="P260_ST00059" HPOS="307" VPOS="390" WIDTH="27" HEIGHT="21" CONTENT="at" WC="0.35" CC="66"/>
						<SP ID="P260_SP00052" HPOS="334" VPOS="420" WIDTH="22"/>
						<String ID="P260_ST00060" HPOS="356" VPOS="387" WIDTH="39" HEIGHT="24" CONTENT="his" WC="0.62" CC="640"/>
						<SP ID="P260_SP00053" HPOS="395" VPOS="420" WIDTH="20"/>
						<String ID="P260_ST00061" HPOS="415" VPOS="387" WIDTH="60" HEIGHT="29" CONTENT="feet," WC="0.85" CC="00070"/>
						<SP ID="P260_SP00054" HPOS="475" VPOS="420" WIDTH="15"/>
						<String ID="P260_ST00062" HPOS="490" VPOS="394" WIDTH="28" HEIGHT="16" CONTENT="or" WC="0.70" CC="05"/>
						<SP ID="P260_SP00055" HPOS="518" VPOS="420" WIDTH="21"/>
						<String ID="P260_ST00063" HPOS="539" VPOS="385" WIDTH="88" HEIGHT="24" CONTENT="rather" WC="0.52" CC="393605"/>
						<SP ID="P260_SP00056" HPOS="627" VPOS="420" WIDTH="20"/>
						<String ID="P260_ST00064" HPOS="647" VPOS="386" WIDTH="56" HEIGHT="23" CONTENT="into" WC="0.78" CC="0530"/>
						<SP ID="P260_SP00057" HPOS="703" VPOS="420" WIDTH="20"/>
						<String ID="P260_ST00065" HPOS="723" VPOS="385" WIDTH="40" HEIGHT="24" CONTENT="his" WC="0.47" CC="725"/>
						<SP ID="P260_SP00058" HPOS="763" VPOS="420" WIDTH="18"/>
						<String ID="P260_ST00066" HPOS="781" VPOS="385" WIDTH="61" HEIGHT="24" CONTENT="face." WC="0.82" CC="08000"/>
						<SP ID="P260_SP00059" HPOS="842" VPOS="420" WIDTH="39"/>
						<String ID="P260_ST00067" HPOS="881" VPOS="386" WIDTH="80" HEIGHT="23" CONTENT="Much" WC="0.44" CC="6267"/>
					</TextLine>
					<TextLine ID="P260_TL00009" HPOS="109" VPOS="425" WIDTH="852" HEIGHT="34">
						<String ID="P260_ST00068" HPOS="109" VPOS="428" WIDTH="80" HEIGHT="31" CONTENT="hurry" WC="0.60" CC="70560"/>
						<SP ID="P260_SP00060" HPOS="189" VPOS="459" WIDTH="13"/>
						<String ID="P260_ST00069" HPOS="202" VPOS="427" WIDTH="50" HEIGHT="24" CONTENT="and" WC="0.86" CC="040"/>
						<SP ID="P260_SP00061" HPOS="252" VPOS="459" WIDTH="14"/>
						<String ID="P260_ST00070" HPOS="266" VPOS="427" WIDTH="134" HEIGHT="23" CONTENT="confusion" WC="0.56" CC="058066407"/>
						<SP ID="P260_SP00062" HPOS="400" VPOS="459" WIDTH="13"/>
						<String ID="P260_ST00071" HPOS="413" VPOS="426" WIDTH="103" HEIGHT="29" CONTENT="ensued," WC="0.85" CC="0130004"/>
						<SP ID="P260_SP00063" HPOS="516" VPOS="459" WIDTH="14"/>
						<String ID="P260_ST00072" HPOS="530" VPOS="425" WIDTH="51" HEIGHT="24" CONTENT="and" WC="0.79" CC="060"/>
						<SP ID="P260_SP00064" HPOS="581" VPOS="459" WIDTH="15"/>
						<String ID="P260_ST00073" HPOS="596" VPOS="425" WIDTH="82" HEIGHT="24" CONTENT="cloths" WC="0.71" CC="003427"/>
						<SP ID="P260_SP00065" HPOS="678" VPOS="459" WIDTH="17"/>
						<String ID="P260_ST00074" HPOS="695" VPOS="425" WIDTH="53" HEIGHT="24" CONTENT="and" WC="0.55" CC="660"/>
						<SP ID="P260_SP00066" HPOS="748" VPOS="459" WIDTH="12"/>
						<String ID="P260_ST00075" HPOS="760" VPOS="425" WIDTH="110" HEIGHT="31" CONTENT="napkins" WC="0.49" CC="8005489"/>
						<SP ID="P260_SP00067" HPOS="870" VPOS="459" WIDTH="17"/>
						<String ID="P260_ST00076" HPOS="887" VPOS="425" WIDTH="74" HEIGHT="24" CONTENT="made" WC="1.00" CC="0000"/>
					</TextLine>
					<TextLine ID="P260_TL00010" HPOS="109" VPOS="464" WIDTH="852" HEIGHT="34">
						<String ID="P260_ST00077" HPOS="109" VPOS="468" WIDTH="34" HEIGHT="23" CONTENT="all" WC="1.00" CC="000"/>
						<SP ID="P260_SP00068" HPOS="143" VPOS="491" WIDTH="13"/>
						<String ID="P260_ST00078" HPOS="156" VPOS="467" WIDTH="79" HEIGHT="24" CONTENT="clean." WC="0.85" CC="000080"/>
						<SP ID="P260_SP00069" HPOS="235" VPOS="491" WIDTH="38"/>
						<String ID="P260_ST00079" HPOS="273" VPOS="466" WIDTH="50" HEIGHT="24" CONTENT="His" WC="0.47" CC="356"/>
						<SP ID="P260_SP00070" HPOS="323" VPOS="491" WIDTH="14"/>
						<String ID="P260_ST00080" HPOS="337" VPOS="466" WIDTH="113" HEIGHT="32" CONTENT="Majesty" WC="0.54" CC="0900569"/>
						<SP ID="P260_SP00071" HPOS="450" VPOS="498" WIDTH="14"/>
						<String ID="P260_ST00081" HPOS="464" VPOS="466" WIDTH="63" HEIGHT="23" CONTENT="then" WC="0.81" CC="0700"/>
						<SP ID="P260_SP00072" HPOS="527" VPOS="498" WIDTH="12"/>
						<String ID="P260_ST00082" HPOS="539" VPOS="468" WIDTH="44" HEIGHT="29" CONTENT="got" WC="0.30" CC="992"/>
						<SP ID="P260_SP00073" HPOS="583" VPOS="498" WIDTH="14"/>
						<String ID="P260_ST00083" HPOS="597" VPOS="473" WIDTH="34" HEIGHT="23" CONTENT="up" WC="0.72" CC="50"/>
						<SP ID="P260_SP00074" HPOS="631" VPOS="498" WIDTH="13"/>
						<String ID="P260_ST00084" HPOS="644" VPOS="464" WIDTH="51" HEIGHT="24" CONTENT="and" WC="0.80" CC="050"/>
						<SP ID="P260_SP00075" HPOS="695" VPOS="498" WIDTH="13"/>
						<String ID="P260_ST00085" HPOS="708" VPOS="464" WIDTH="85" HEIGHT="24" CONTENT="would" WC="0.84" CC="00610"/>
						<SP ID="P260_SP00076" HPOS="793" VPOS="498" WIDTH="12"/>
						<String ID="P260_ST00086" HPOS="805" VPOS="465" WIDTH="80" HEIGHT="23" CONTENT="dance" WC="1.00" CC="00000"/>
						<SP ID="P260_SP00077" HPOS="885" VPOS="498" WIDTH="12"/>
						<String ID="P260_ST00087" HPOS="897" VPOS="466" WIDTH="64" HEIGHT="22" CONTENT="with" WC="0.80" CC="0250"/>
					</TextLine>
					<TextLine ID="P260_TL00011" HPOS="109" VPOS="504" WIDTH="852" HEIGHT="31">
						<String ID="P260_ST00088" HPOS="109" VPOS="507" WIDTH="45" HEIGHT="23" CONTENT="the" WC="0.82" CC="500"/>
						<SP ID="P260_SP00078" HPOS="154" VPOS="530" WIDTH="25"/>
						<String ID="P260_ST00089" HPOS="179" VPOS="506" WIDTH="88" HEIGHT="29" CONTENT="Queen" WC="0.83" CC="00008"/>
						<SP ID="P260_SP00079" HPOS="267" VPOS="535" WIDTH="24"/>
						<String ID="P260_ST00090" HPOS="291" VPOS="506" WIDTH="27" HEIGHT="24" CONTENT="of" WC="0.50" CC="90"/>
						<SP ID="P260_SP00080" HPOS="318" VPOS="535" WIDTH="24"/>
						<String ID="P260_ST00091" HPOS="342" VPOS="505" WIDTH="85" HEIGHT="24" CONTENT="Sheba" WC="0.56" CC="77070"/>
						<String ID="P260_ST00092" HPOS="438" VPOS="515" WIDTH="6" HEIGHT="20" CONTENT=";" WC="0.57" CC="4"/>
						<SP ID="P260_SP00081" HPOS="444" VPOS="535" WIDTH="23"/>
						<String ID="P260_ST00093" HPOS="467" VPOS="505" WIDTH="49" HEIGHT="24" CONTENT="but" WC="0.33" CC="765"/>
						<SP ID="P260_SP00082" HPOS="516" VPOS="535" WIDTH="23"/>
						<String ID="P260_ST00094" HPOS="539" VPOS="505" WIDTH="33" HEIGHT="23" CONTENT="he" WC="0.62" CC="70"/>
						<SP ID="P260_SP00083" HPOS="572" VPOS="535" WIDTH="23"/>
						<String ID="P260_ST00095" HPOS="595" VPOS="505" WIDTH="45" HEIGHT="23" CONTENT="fell" WC="1.00" CC="0000"/>
						<SP ID="P260_SP00084" HPOS="640" VPOS="535" WIDTH="24"/>
						<String ID="P260_ST00096" HPOS="664" VPOS="504" WIDTH="76" HEIGHT="23" CONTENT="down" WC="0.93" CC="0200"/>
						<SP ID="P260_SP00085" HPOS="740" VPOS="535" WIDTH="25"/>
						<String ID="P260_ST00097" HPOS="765" VPOS="504" WIDTH="51" HEIGHT="24" CONTENT="and" WC="0.77" CC="060"/>
						<SP ID="P260_SP00086" HPOS="816" VPOS="535" WIDTH="24"/>
						<String ID="P260_ST00098" HPOS="840" VPOS="505" WIDTH="121" HEIGHT="23" CONTENT="humbled" WC="0.56" CC="6587200"/>
					</TextLine>
					<TextLine ID="P260_TL00012" HPOS="110" VPOS="544" WIDTH="849" HEIGHT="31">
						<String ID="P260_ST00099" HPOS="110" VPOS="546" WIDTH="103" HEIGHT="24" CONTENT="himself" WC="0.59" CC="6408070"/>
						<SP ID="P260_SP00087" HPOS="213" VPOS="570" WIDTH="19"/>
						<String ID="P260_ST00100" HPOS="232" VPOS="546" WIDTH="86" HEIGHT="24" CONTENT="before" WC="0.66" CC="600930"/>
						<SP ID="P260_SP00088" HPOS="318" VPOS="570" WIDTH="16"/>
						<String ID="P260_ST00101" HPOS="334" VPOS="545" WIDTH="52" HEIGHT="30" CONTENT="her," WC="0.75" CC="7020"/>
						<SP ID="P260_SP00089" HPOS="386" VPOS="575" WIDTH="17"/>
						<String ID="P260_ST00102" HPOS="403" VPOS="545" WIDTH="51" HEIGHT="24" CONTENT="and" WC="0.77" CC="060"/>
						<SP ID="P260_SP00090" HPOS="454" VPOS="575" WIDTH="15"/>
						<String ID="P260_ST00103" HPOS="469" VPOS="553" WIDTH="52" HEIGHT="15" CONTENT="was" WC="0.81" CC="005"/>
						<SP ID="P260_SP00091" HPOS="521" VPOS="575" WIDTH="16"/>
						<String ID="P260_ST00104" HPOS="537" VPOS="544" WIDTH="99" HEIGHT="24" CONTENT="carried" WC="0.90" CC="0024000"/>
						<SP ID="P260_SP00092" HPOS="636" VPOS="575" WIDTH="15"/>
						<String ID="P260_ST00105" HPOS="651" VPOS="547" WIDTH="27" HEIGHT="21" CONTENT="to" WC="0.77" CC="40"/>
						<SP ID="P260_SP00093" HPOS="678" VPOS="575" WIDTH="15"/>
						<String ID="P260_ST00106" HPOS="693" VPOS="553" WIDTH="34" HEIGHT="14" CONTENT="an" WC="0.84" CC="03"/>
						<SP ID="P260_SP00094" HPOS="727" VPOS="575" WIDTH="16"/>
						<String ID="P260_ST00107" HPOS="743" VPOS="545" WIDTH="75" HEIGHT="23" CONTENT="inner" WC="0.70" CC="27004"/>
						<SP ID="P260_SP00095" HPOS="818" VPOS="575" WIDTH="15"/>
						<String ID="P260_ST00108" HPOS="833" VPOS="544" WIDTH="126" HEIGHT="30" CONTENT="chamber," WC="0.78" CC="07006030"/>
					</TextLine>
					<TextLine ID="P260_TL00013" HPOS="110" VPOS="584" WIDTH="850" HEIGHT="30">
						<String ID="P260_ST00109" HPOS="110" VPOS="586" WIDTH="50" HEIGHT="24" CONTENT="and" WC="0.87" CC="030"/>
						<SP ID="P260_SP00096" HPOS="160" VPOS="610" WIDTH="14"/>
						<String ID="P260_ST00110" HPOS="174" VPOS="586" WIDTH="50" HEIGHT="24" CONTENT="laid" WC="0.81" CC="2500"/>
						<SP ID="P260_SP00097" HPOS="224" VPOS="610" WIDTH="20"/>
						<String ID="P260_ST00111" HPOS="244" VPOS="586" WIDTH="26" HEIGHT="23" CONTENT="in" WC="0.58" CC="08"/>
						<SP ID="P260_SP00098" HPOS="270" VPOS="610" WIDTH="19"/>
						<String ID="P260_ST00112" HPOS="289" VPOS="594" WIDTH="15" HEIGHT="15" CONTENT="a" WC="1.00" CC="0"/>
						<SP ID="P260_SP00099" HPOS="304" VPOS="610" WIDTH="18"/>
						<String ID="P260_ST00113" HPOS="322" VPOS="585" WIDTH="49" HEIGHT="24" CONTENT="bed" WC="0.75" CC="700"/>
						<SP ID="P260_SP00100" HPOS="371" VPOS="610" WIDTH="18"/>
						<String ID="P260_ST00114" HPOS="389" VPOS="585" WIDTH="28" HEIGHT="24" CONTENT="of" WC="1.00" CC="00"/>
						<SP ID="P260_SP00101" HPOS="417" VPOS="610" WIDTH="14"/>
						<String ID="P260_ST00115" HPOS="431" VPOS="588" WIDTH="75" HEIGHT="26" CONTENT="state," WC="0.80" CC="530101"/>
						<SP ID="P260_SP00102" HPOS="506" VPOS="614" WIDTH="15"/>
						<String ID="P260_ST00116" HPOS="521" VPOS="584" WIDTH="84" HEIGHT="24" CONTENT="which" WC="0.62" CC="06137"/>
						<SP ID="P260_SP00103" HPOS="605" VPOS="614" WIDTH="19"/>
						<String ID="P260_ST00117" HPOS="624" VPOS="593" WIDTH="51" HEIGHT="15" CONTENT="was" WC="0.81" CC="005"/>
						<SP ID="P260_SP00104" HPOS="675" VPOS="614" WIDTH="16"/>
						<String ID="P260_ST00118" HPOS="691" VPOS="588" WIDTH="46" HEIGHT="20" CONTENT="not" WC="0.72" CC="304"/>
						<SP ID="P260_SP00105" HPOS="737" VPOS="614" WIDTH="14"/>
						<String ID="P260_ST00119" HPOS="751" VPOS="593" WIDTH="15" HEIGHT="15" CONTENT="a" WC="0.26" CC="7"/>
						<SP ID="P260_SP00106" HPOS="766" VPOS="614" WIDTH="18"/>
						<String ID="P260_ST00120" HPOS="784" VPOS="585" WIDTH="69" HEIGHT="23" CONTENT="little" WC="0.87" CC="000340"/>
						<SP ID="P260_SP00107" HPOS="853" VPOS="614" WIDTH="17"/>
						<String ID="P260_ST00121" HPOS="870" VPOS="584" WIDTH="90" HEIGHT="25" CONTENT="defiled" WC="0.82" CC="0036200"/>
					</TextLine>
					<TextLine ID="P260_TL00014" HPOS="109" VPOS="624" WIDTH="852" HEIGHT="33">
						<String ID="P260_ST00122" HPOS="109" VPOS="626" WIDTH="64" HEIGHT="23" CONTENT="with" WC="0.82" CC="0024"/>
						<SP ID="P260_SP00108" HPOS="173" VPOS="649" WIDTH="25"/>
						<String ID="P260_ST00123" HPOS="198" VPOS="626" WIDTH="44" HEIGHT="23" CONTENT="the" WC="0.67" CC="350"/>
						<SP ID="P260_SP00109" HPOS="242" VPOS="649" WIDTH="25"/>
						<String ID="P260_ST00124" HPOS="267" VPOS="627" WIDTH="116" HEIGHT="30" CONTENT="presents" WC="0.80" CC="04000650"/>
						<SP ID="P260_SP00110" HPOS="383" VPOS="657" WIDTH="23"/>
						<String ID="P260_ST00125" HPOS="406" VPOS="625" WIDTH="85" HEIGHT="23" CONTENT="which" WC="0.67" CC="07116"/>
						<SP ID="P260_SP00111" HPOS="491" VPOS="657" WIDTH="25"/>
						<String ID="P260_ST00126" HPOS="516" VPOS="624" WIDTH="50" HEIGHT="24" CONTENT="had" WC="0.44" CC="690"/>
						<SP ID="P260_SP00112" HPOS="566" VPOS="657" WIDTH="20"/>
						<String ID="P260_ST00127" HPOS="586" VPOS="624" WIDTH="65" HEIGHT="24" CONTENT="been" WC="0.83" CC="6000"/>
						<SP ID="P260_SP00113" HPOS="651" VPOS="657" WIDTH="24"/>
						<String ID="P260_ST00128" HPOS="675" VPOS="624" WIDTH="129" HEIGHT="24" CONTENT="bestowed" WC="0.76" CC="70740000"/>
						<SP ID="P260_SP00114" HPOS="804" VPOS="657" WIDTH="25"/>
						<String ID="P260_ST00129" HPOS="829" VPOS="632" WIDTH="68" HEIGHT="24" CONTENT="upon" WC="0.57" CC="4803"/>
						<SP ID="P260_SP00115" HPOS="897" VPOS="657" WIDTH="24"/>
						<String ID="P260_ST00130" HPOS="921" VPOS="625" WIDTH="40" HEIGHT="23" CONTENT="his" WC="0.80" CC="600"/>
					</TextLine>
					<TextLine ID="P260_TL00015" HPOS="110" VPOS="664" WIDTH="851" HEIGHT="34">
						<String ID="P260_ST00131" HPOS="110" VPOS="668" WIDTH="130" HEIGHT="30" CONTENT="garments" WC="0.55" CC="02690376"/>
						<SP ID="P260_SP00116" HPOS="240" VPOS="698" WIDTH="11"/>
						<String ID="P260_ST00132" HPOS="251" VPOS="674" WIDTH="6" HEIGHT="22" CONTENT=";" WC="0.29" CC="7"/>
						<SP ID="P260_SP00117" HPOS="257" VPOS="698" WIDTH="19"/>
						<String ID="P260_ST00133" HPOS="276" VPOS="665" WIDTH="60" HEIGHT="23" CONTENT="such" WC="0.67" CC="0507"/>
						<SP ID="P260_SP00118" HPOS="336" VPOS="698" WIDTH="15"/>
						<String ID="P260_ST00134" HPOS="351" VPOS="673" WIDTH="27" HEIGHT="15" CONTENT="as" WC="1.00" CC="00"/>
						<SP ID="P260_SP00119" HPOS="378" VPOS="698" WIDTH="12"/>
						<String ID="P260_ST00135" HPOS="390" VPOS="665" WIDTH="73" HEIGHT="28" CONTENT="wine," WC="0.66" CC="05452"/>
						<SP ID="P260_SP00120" HPOS="463" VPOS="698" WIDTH="10"/>
						<String ID="P260_ST00136" HPOS="473" VPOS="672" WIDTH="91" HEIGHT="21" CONTENT="cream," WC="0.72" CC="050801"/>
						<SP ID="P260_SP00121" HPOS="564" VPOS="698" WIDTH="10"/>
						<String ID="P260_ST00137" HPOS="574" VPOS="664" WIDTH="69" HEIGHT="32" CONTENT="jelly," WC="0.75" CC="461200"/>
						<SP ID="P260_SP00122" HPOS="643" VPOS="698" WIDTH="10"/>
						<String ID="P260_ST00138" HPOS="653" VPOS="665" WIDTH="88" HEIGHT="31" CONTENT="spices," WC="0.70" CC="4030434"/>
						<SP ID="P260_SP00123" HPOS="741" VPOS="698" WIDTH="9"/>
						<String ID="P260_ST00139" HPOS="750" VPOS="664" WIDTH="52" HEIGHT="23" CONTENT="and" WC="0.67" CC="009"/>
						<SP ID="P260_SP00124" HPOS="802" VPOS="698" WIDTH="13"/>
						<String ID="P260_ST00140" HPOS="815" VPOS="664" WIDTH="73" HEIGHT="23" CONTENT="other" WC="0.68" CC="33601"/>
						<SP ID="P260_SP00125" HPOS="888" VPOS="698" WIDTH="8"/>
						<String ID="P260_ST00141" HPOS="896" VPOS="664" WIDTH="65" HEIGHT="32" CONTENT="good" WC="0.75" CC="0900"/>
					</TextLine>
					<TextLine ID="P260_TL00016" HPOS="110" VPOS="708" WIDTH="114" HEIGHT="20">
						<String ID="P260_ST00142" HPOS="110" VPOS="708" WIDTH="114" HEIGHT="20" CONTENT="matters." WC="0.74" CC="00560250"/>
					</TextLine>
				</TextBlock>
				<TextBlock ID="P260_TB00004" HPOS="106" VPOS="743" WIDTH="854" HEIGHT="778" STYLEREFS="TXT_1 PAR_LEFT">
					<TextLine ID="P260_TL00017" HPOS="146" VPOS="743" WIDTH="814" HEIGHT="30">
						<String ID="P260_ST00143" HPOS="146" VPOS="748" WIDTH="14" HEIGHT="11" CONTENT='"' WC="1.00" CC="0"/>
						<SP ID="P260_SP00126" HPOS="160" VPOS="759" WIDTH="9"/>
						<String ID="P260_ST00144" HPOS="169" VPOS="745" WIDTH="52" HEIGHT="24" CONTENT="The" WC="0.76" CC="070"/>
						<SP ID="P260_SP00127" HPOS="221" VPOS="769" WIDTH="13"/>
						<String ID="P260_ST00145" HPOS="234" VPOS="745" WIDTH="203" HEIGHT="24" CONTENT="entertainment" WC="0.59" CC="0840049280086"/>
						<SP ID="P260_SP00128" HPOS="437" VPOS="769" WIDTH="15"/>
						<String ID="P260_ST00146" HPOS="452" VPOS="743" WIDTH="51" HEIGHT="25" CONTENT="and" WC="0.47" CC="950"/>
						<SP ID="P260_SP00129" HPOS="503" VPOS="769" WIDTH="17"/>
						<String ID="P260_ST00147" HPOS="520" VPOS="743" WIDTH="68" HEIGHT="24" CONTENT="show" WC="0.84" CC="0600"/>
						<SP ID="P260_SP00130" HPOS="588" VPOS="769" WIDTH="18"/>
						<String ID="P260_ST00148" HPOS="606" VPOS="746" WIDTH="70" HEIGHT="21" CONTENT="went" WC="0.82" CC="0007"/>
						<SP ID="P260_SP00131" HPOS="676" VPOS="769" WIDTH="14"/>
						<String ID="P260_ST00149" HPOS="690" VPOS="743" WIDTH="119" HEIGHT="30" CONTENT="forward," WC="0.67" CC="00709701"/>
						<SP ID="P260_SP00132" HPOS="809" VPOS="773" WIDTH="18"/>
						<String ID="P260_ST00150" HPOS="827" VPOS="744" WIDTH="50" HEIGHT="24" CONTENT="and" WC="0.51" CC="680"/>
						<SP ID="P260_SP00133" HPOS="877" VPOS="773" WIDTH="17"/>
						<String ID="P260_ST00151" HPOS="894" VPOS="748" WIDTH="66" HEIGHT="21" CONTENT="most" WC="0.70" CC="0074"/>
					</TextLine>
					<TextLine ID="P260_TL00018" HPOS="109" VPOS="783" WIDTH="851" HEIGHT="33">
						<String ID="P260_ST00152" HPOS="109" VPOS="785" WIDTH="26" HEIGHT="24" CONTENT="of" WC="0.73" CC="50"/>
						<SP ID="P260_SP00134" HPOS="135" VPOS="809" WIDTH="19"/>
						<String ID="P260_ST00153" HPOS="154" VPOS="785" WIDTH="43" HEIGHT="23" CONTENT="the" WC="0.56" CC="462"/>
						<SP ID="P260_SP00135" HPOS="197" VPOS="809" WIDTH="21"/>
						<String ID="P260_ST00154" HPOS="218" VPOS="786" WIDTH="144" HEIGHT="30" CONTENT="presenters" WC="0.87" CC="0007000004"/>
						<SP ID="P260_SP00136" HPOS="362" VPOS="816" WIDTH="20"/>
						<String ID="P260_ST00155" HPOS="382" VPOS="786" WIDTH="69" HEIGHT="22" CONTENT="went" WC="0.83" CC="0006"/>
						<SP ID="P260_SP00137" HPOS="451" VPOS="816" WIDTH="20"/>
						<String ID="P260_ST00156" HPOS="471" VPOS="783" WIDTH="158" HEIGHT="30" CONTENT="backwards," WC="0.57" CC="7062077090"/>
						<SP ID="P260_SP00138" HPOS="629" VPOS="816" WIDTH="14"/>
						<String ID="P260_ST00157" HPOS="643" VPOS="792" WIDTH="28" HEIGHT="16" CONTENT="or" WC="0.75" CC="04"/>
						<SP ID="P260_SP00139" HPOS="671" VPOS="816" WIDTH="22"/>
						<String ID="P260_ST00158" HPOS="693" VPOS="783" WIDTH="44" HEIGHT="25" CONTENT="fell" WC="0.78" CC="4120"/>
						<SP ID="P260_SP00140" HPOS="737" VPOS="816" WIDTH="17"/>
						<String ID="P260_ST00159" HPOS="754" VPOS="783" WIDTH="83" HEIGHT="31" CONTENT="down," WC="0.72" CC="05070"/>
						<SP ID="P260_SP00141" HPOS="837" VPOS="816" WIDTH="14"/>
						<String ID="P260_ST00160" HPOS="851" VPOS="785" WIDTH="66" HEIGHT="23" CONTENT="wine" WC="0.70" CC="0560"/>
						<SP ID="P260_SP00142" HPOS="917" VPOS="816" WIDTH="17"/>
						<String ID="P260_ST00161" HPOS="934" VPOS="793" WIDTH="26" HEIGHT="15" CONTENT="so" WC="0.24" CC="59"/>
					</TextLine>
					<TextLine ID="P260_TL00019" HPOS="110" VPOS="823" WIDTH="850" HEIGHT="33">
						<String ID="P260_ST00162" HPOS="110" VPOS="824" WIDTH="121" HEIGHT="32" CONTENT="occupied" WC="0.92" CC="00060000"/>
						<SP ID="P260_SP00143" HPOS="231" VPOS="856" WIDTH="20"/>
						<String ID="P260_ST00163" HPOS="251" VPOS="824" WIDTH="67" HEIGHT="23" CONTENT="their" WC="0.54" CC="67035"/>
						<SP ID="P260_SP00144" HPOS="318" VPOS="856" WIDTH="20"/>
						<String ID="P260_ST00164" HPOS="338" VPOS="831" WIDTH="80" HEIGHT="24" CONTENT="upper" WC="0.86" CC="20003"/>
						<SP ID="P260_SP00145" HPOS="418" VPOS="856" WIDTH="20"/>
						<String ID="P260_ST00165" HPOS="438" VPOS="823" WIDTH="139" HEIGHT="24" CONTENT="chambers." WC="0.75" CC="079000050"/>
						<SP ID="P260_SP00146" HPOS="577" VPOS="856" WIDTH="45"/>
						<String ID="P260_ST00166" HPOS="622" VPOS="824" WIDTH="72" HEIGHT="23" CONTENT="Then" WC="0.81" CC="0601"/>
						<SP ID="P260_SP00147" HPOS="694" VPOS="856" WIDTH="20"/>
						<String ID="P260_ST00167" HPOS="714" VPOS="824" WIDTH="126" HEIGHT="31" CONTENT="appeared" WC="1.00" CC="00000000"/>
						<SP ID="P260_SP00148" HPOS="840" VPOS="856" WIDTH="19"/>
						<String ID="P260_ST00168" HPOS="859" VPOS="825" WIDTH="27" HEIGHT="22" CONTENT="in" WC="0.51" CC="45"/>
						<SP ID="P260_SP00149" HPOS="886" VPOS="856" WIDTH="21"/>
						<String ID="P260_ST00169" HPOS="907" VPOS="825" WIDTH="53" HEIGHT="23" CONTENT="rich" WC="0.48" CC="7076"/>
					</TextLine>
					<TextLine ID="P260_TL00020" HPOS="110" VPOS="863" WIDTH="848" HEIGHT="33">
						<String ID="P260_ST00170" HPOS="110" VPOS="864" WIDTH="105" HEIGHT="28" CONTENT="dresses," WC="0.76" CC="00076050"/>
						<SP ID="P260_SP00150" HPOS="215" VPOS="892" WIDTH="15"/>
						<String ID="P260_ST00171" HPOS="230" VPOS="864" WIDTH="85" HEIGHT="28" CONTENT="Faith," WC="0.52" CC="792160"/>
						<SP ID="P260_SP00151" HPOS="315" VPOS="892" WIDTH="16"/>
						<String ID="P260_ST00172" HPOS="331" VPOS="864" WIDTH="82" HEIGHT="28" CONTENT="Hope," WC="0.45" CC="85930"/>
						<SP ID="P260_SP00152" HPOS="413" VPOS="892" WIDTH="15"/>
						<String ID="P260_ST00173" HPOS="428" VPOS="863" WIDTH="52" HEIGHT="23" CONTENT="and" WC="0.75" CC="070"/>
						<SP ID="P260_SP00153" HPOS="480" VPOS="892" WIDTH="14"/>
						<String ID="P260_ST00174" HPOS="494" VPOS="863" WIDTH="115" HEIGHT="32" CONTENT="Charity." WC="0.82" CC="15060000"/>
						<SP ID="P260_SP00154" HPOS="609" VPOS="895" WIDTH="45"/>
						<String ID="P260_ST00175" HPOS="654" VPOS="863" WIDTH="77" HEIGHT="31" CONTENT="Hope" WC="0.74" CC="6300"/>
						<SP ID="P260_SP00155" HPOS="731" VPOS="895" WIDTH="16"/>
						<String ID="P260_ST00176" HPOS="747" VPOS="863" WIDTH="68" HEIGHT="24" CONTENT="tried" WC="0.84" CC="16000"/>
						<SP ID="P260_SP00156" HPOS="815" VPOS="895" WIDTH="16"/>
						<String ID="P260_ST00177" HPOS="831" VPOS="867" WIDTH="27" HEIGHT="20" CONTENT="to" WC="0.62" CC="25"/>
						<SP ID="P260_SP00157" HPOS="858" VPOS="895" WIDTH="15"/>
						<String ID="P260_ST00178" HPOS="873" VPOS="864" WIDTH="85" HEIGHT="32" CONTENT="speak," WC="0.81" CC="702001"/>
					</TextLine>
					<TextLine ID="P260_TL00021" HPOS="111" VPOS="902" WIDTH="848" HEIGHT="32">
						<String ID="P260_ST00179" HPOS="111" VPOS="903" WIDTH="48" HEIGHT="24" CONTENT="but" WC="0.43" CC="736"/>
						<SP ID="P260_SP00158" HPOS="159" VPOS="927" WIDTH="16"/>
						<String ID="P260_ST00180" HPOS="175" VPOS="904" WIDTH="65" HEIGHT="23" CONTENT="wine" WC="1.00" CC="0000"/>
						<SP ID="P260_SP00159" HPOS="240" VPOS="927" WIDTH="15"/>
						<String ID="P260_ST00181" HPOS="255" VPOS="911" WIDTH="27" HEIGHT="16" CONTENT="so" WC="0.64" CC="70"/>
						<SP ID="P260_SP00160" HPOS="282" VPOS="927" WIDTH="15"/>
						<String ID="P260_ST00182" HPOS="297" VPOS="902" WIDTH="133" HEIGHT="24" CONTENT="enfeebled" WC="0.67" CC="019036700"/>
						<SP ID="P260_SP00161" HPOS="430" VPOS="927" WIDTH="15"/>
						<String ID="P260_ST00183" HPOS="445" VPOS="902" WIDTH="46" HEIGHT="24" CONTENT="her" WC="0.56" CC="705"/>
						<SP ID="P260_SP00162" HPOS="491" VPOS="927" WIDTH="14"/>
						<String ID="P260_ST00184" HPOS="505" VPOS="902" WIDTH="160" HEIGHT="24" CONTENT="endeavours" WC="0.58" CC="0800470594"/>
						<SP ID="P260_SP00163" HPOS="665" VPOS="927" WIDTH="19"/>
						<String ID="P260_ST00185" HPOS="684" VPOS="902" WIDTH="59" HEIGHT="24" CONTENT="that" WC="0.46" CC="6716"/>
						<SP ID="P260_SP00164" HPOS="743" VPOS="927" WIDTH="15"/>
						<String ID="P260_ST00186" HPOS="758" VPOS="903" WIDTH="44" HEIGHT="24" CONTENT="she" WC="0.53" CC="670"/>
						<SP ID="P260_SP00165" HPOS="802" VPOS="927" WIDTH="15"/>
						<String ID="P260_ST00187" HPOS="817" VPOS="903" WIDTH="142" HEIGHT="31" CONTENT="withdrew," WC="0.72" CC="045706000"/>
					</TextLine>
					<TextLine ID="P260_TL00022" HPOS="113" VPOS="942" WIDTH="847" HEIGHT="33">
						<String ID="P260_ST00188" HPOS="113" VPOS="943" WIDTH="51" HEIGHT="24" CONTENT="and" WC="0.48" CC="950"/>
						<SP ID="P260_SP00166" HPOS="164" VPOS="967" WIDTH="20"/>
						<String ID="P260_ST00189" HPOS="184" VPOS="942" WIDTH="83" HEIGHT="32" CONTENT="hoped" WC="0.95" CC="20000"/>
						<SP ID="P260_SP00167" HPOS="267" VPOS="974" WIDTH="20"/>
						<String ID="P260_ST00190" HPOS="287" VPOS="942" WIDTH="45" HEIGHT="24" CONTENT="the" WC="0.49" CC="770"/>
						<SP ID="P260_SP00168" HPOS="332" VPOS="974" WIDTH="19"/>
						<String ID="P260_ST00191" HPOS="351" VPOS="942" WIDTH="74" HEIGHT="32" CONTENT="King" WC="0.93" CC="2000"/>
						<SP ID="P260_SP00169" HPOS="425" VPOS="974" WIDTH="20"/>
						<String ID="P260_ST00192" HPOS="445" VPOS="942" WIDTH="83" HEIGHT="24" CONTENT="would" WC="0.78" CC="03600"/>
						<SP ID="P260_SP00170" HPOS="528" VPOS="974" WIDTH="21"/>
						<String ID="P260_ST00193" HPOS="549" VPOS="951" WIDTH="91" HEIGHT="15" CONTENT="excuse" WC="0.61" CC="090660"/>
						<SP ID="P260_SP00171" HPOS="640" VPOS="974" WIDTH="20"/>
						<String ID="P260_ST00194" HPOS="660" VPOS="942" WIDTH="45" HEIGHT="24" CONTENT="her" WC="0.60" CC="704"/>
						<SP ID="P260_SP00172" HPOS="705" VPOS="974" WIDTH="21"/>
						<String ID="P260_ST00195" HPOS="726" VPOS="942" WIDTH="110" HEIGHT="33" CONTENT="brevity." WC="0.89" CC="71000000"/>
						<SP ID="P260_SP00173" HPOS="836" VPOS="975" WIDTH="46"/>
						<String ID="P260_ST00196" HPOS="882" VPOS="944" WIDTH="78" HEIGHT="23" CONTENT="Faith" WC="0.39" CC="79165"/>
					</TextLine>
					<TextLine ID="P260_TL00023" HPOS="109" VPOS="982" WIDTH="851" HEIGHT="33">
						<String ID="P260_ST00197" HPOS="109" VPOS="983" WIDTH="119" HEIGHT="24" CONTENT="followed" WC="0.64" CC="45033910"/>
						<SP ID="P260_SP00174" HPOS="228" VPOS="1007" WIDTH="23"/>
						<String ID="P260_ST00198" HPOS="251" VPOS="983" WIDTH="47" HEIGHT="23" CONTENT="her" WC="0.52" CC="707"/>
						<SP ID="P260_SP00175" HPOS="298" VPOS="1007" WIDTH="23"/>
						<String ID="P260_ST00199" HPOS="321" VPOS="982" WIDTH="66" HEIGHT="24" CONTENT="from" WC="0.80" CC="0520"/>
						<SP ID="P260_SP00176" HPOS="387" VPOS="1007" WIDTH="25"/>
						<String ID="P260_ST00200" HPOS="412" VPOS="982" WIDTH="44" HEIGHT="24" CONTENT="the" WC="1.00" CC="000"/>
						<SP ID="P260_SP00177" HPOS="456" VPOS="1007" WIDTH="24"/>
						<String ID="P260_ST00201" HPOS="480" VPOS="983" WIDTH="72" HEIGHT="30" CONTENT="royal" WC="0.66" CC="60090"/>
						<SP ID="P260_SP00178" HPOS="552" VPOS="1013" WIDTH="26"/>
						<String ID="P260_ST00202" HPOS="578" VPOS="991" WIDTH="121" HEIGHT="22" CONTENT="presence" WC="0.85" CC="05000600"/>
						<SP ID="P260_SP00179" HPOS="699" VPOS="1013" WIDTH="23"/>
						<String ID="P260_ST00203" HPOS="722" VPOS="983" WIDTH="28" HEIGHT="23" CONTENT="in" WC="0.58" CC="07"/>
						<SP ID="P260_SP00180" HPOS="750" VPOS="1013" WIDTH="25"/>
						<String ID="P260_ST00204" HPOS="775" VPOS="991" WIDTH="14" HEIGHT="15" CONTENT="a" WC="0.01" CC="9"/>
						<SP ID="P260_SP00181" HPOS="789" VPOS="1013" WIDTH="24"/>
						<String ID="P260_ST00205" HPOS="813" VPOS="984" WIDTH="147" HEIGHT="31" CONTENT="staggering" WC="0.83" CC="1000015080"/>
					</TextLine>
					<TextLine ID="P260_TL00024" HPOS="110" VPOS="1022" WIDTH="850" HEIGHT="34">
						<String ID="P260_ST00206" HPOS="110" VPOS="1023" WIDTH="138" HEIGHT="23" CONTENT="condition." WC="0.65" CC="0280413680"/>
						<SP ID="P260_SP00182" HPOS="248" VPOS="1046" WIDTH="46"/>
						<String ID="P260_ST00207" HPOS="294" VPOS="1022" WIDTH="108" HEIGHT="31" CONTENT="Charity" WC="0.82" CC="0403030"/>
						<SP ID="P260_SP00183" HPOS="402" VPOS="1053" WIDTH="14"/>
						<String ID="P260_ST00208" HPOS="416" VPOS="1029" WIDTH="68" HEIGHT="17" CONTENT="came" WC="1.00" CC="0000"/>
						<SP ID="P260_SP00184" HPOS="484" VPOS="1053" WIDTH="14"/>
						<String ID="P260_ST00209" HPOS="498" VPOS="1024" WIDTH="28" HEIGHT="22" CONTENT="to" WC="0.76" CC="40"/>
						<SP ID="P260_SP00185" HPOS="526" VPOS="1053" WIDTH="13"/>
						<String ID="P260_ST00210" HPOS="539" VPOS="1022" WIDTH="44" HEIGHT="24" CONTENT="the" WC="0.91" CC="200"/>
						<SP ID="P260_SP00186" HPOS="583" VPOS="1053" WIDTH="13"/>
						<String ID="P260_ST00211" HPOS="596" VPOS="1022" WIDTH="92" HEIGHT="31" CONTENT="King's" WC="0.47" CC="668009"/>
						<SP ID="P260_SP00187" HPOS="688" VPOS="1053" WIDTH="13"/>
						<String ID="P260_ST00212" HPOS="701" VPOS="1022" WIDTH="60" HEIGHT="30" CONTENT="feet," WC="0.85" CC="00070"/>
						<SP ID="P260_SP00188" HPOS="761" VPOS="1053" WIDTH="15"/>
						<String ID="P260_ST00213" HPOS="776" VPOS="1023" WIDTH="58" HEIGHT="29" CONTENT="and," WC="0.81" CC="0700"/>
						<SP ID="P260_SP00189" HPOS="834" VPOS="1053" WIDTH="14"/>
						<String ID="P260_ST00214" HPOS="848" VPOS="1024" WIDTH="112" HEIGHT="32" CONTENT="seeming" SUBS_TYPE="HypPart1" SUBS_CONTENT="seemingdesirous" WC="0.63" CC="40604608"/>
						<HYP CONTENT="-"/>
					</TextLine>
					<TextLine ID="P260_TL00025" HPOS="108" VPOS="1062" WIDTH="852" HEIGHT="29">
						<String ID="P260_ST00215" HPOS="108" VPOS="1062" WIDTH="115" HEIGHT="23" CONTENT="desirous" SUBS_TYPE="HypPart2" SUBS_CONTENT="seemingdesirous" WC="0.81" CC="00720102"/>
						<SP ID="P260_SP00190" HPOS="223" VPOS="1085" WIDTH="20"/>
						<String ID="P260_ST00216" HPOS="243" VPOS="1065" WIDTH="27" HEIGHT="20" CONTENT="to" WC="0.98" CC="00"/>
						<SP ID="P260_SP00191" HPOS="270" VPOS="1085" WIDTH="20"/>
						<String ID="P260_ST00217" HPOS="290" VPOS="1070" WIDTH="75" HEIGHT="15" CONTENT="cover" WC="0.73" CC="00606"/>
						<SP ID="P260_SP00192" HPOS="365" VPOS="1085" WIDTH="19"/>
						<String ID="P260_ST00218" HPOS="384" VPOS="1062" WIDTH="44" HEIGHT="23" CONTENT="the" WC="0.80" CC="060"/>
						<SP ID="P260_SP00193" HPOS="428" VPOS="1085" WIDTH="20"/>
						<String ID="P260_ST00219" HPOS="448" VPOS="1062" WIDTH="52" HEIGHT="23" CONTENT="sins" WC="0.44" CC="9343"/>
						<SP ID="P260_SP00194" HPOS="500" VPOS="1085" WIDTH="21"/>
						<String ID="P260_ST00220" HPOS="521" VPOS="1062" WIDTH="27" HEIGHT="23" CONTENT="of" WC="0.58" CC="43"/>
						<SP ID="P260_SP00195" HPOS="548" VPOS="1085" WIDTH="14"/>
						<String ID="P260_ST00221" HPOS="562" VPOS="1062" WIDTH="46" HEIGHT="23" CONTENT="her" WC="0.83" CC="004"/>
						<SP ID="P260_SP00196" HPOS="608" VPOS="1085" WIDTH="19"/>
						<String ID="P260_ST00222" HPOS="627" VPOS="1062" WIDTH="95" HEIGHT="29" CONTENT="sisters," WC="0.74" CC="32740300"/>
						<SP ID="P260_SP00197" HPOS="722" VPOS="1091" WIDTH="15"/>
						<String ID="P260_ST00223" HPOS="737" VPOS="1062" WIDTH="73" HEIGHT="24" CONTENT="made" WC="0.83" CC="6000"/>
						<SP ID="P260_SP00198" HPOS="810" VPOS="1091" WIDTH="21"/>
						<String ID="P260_ST00224" HPOS="831" VPOS="1072" WIDTH="14" HEIGHT="14" CONTENT="a" WC="1.00" CC="0"/>
						<SP ID="P260_SP00199" HPOS="845" VPOS="1091" WIDTH="19"/>
						<String ID="P260_ST00225" HPOS="864" VPOS="1066" WIDTH="54" HEIGHT="21" CONTENT="sort" WC="0.54" CC="6416"/>
						<SP ID="P260_SP00200" HPOS="918" VPOS="1091" WIDTH="17"/>
						<String ID="P260_ST00226" HPOS="935" VPOS="1064" WIDTH="25" HEIGHT="24" CONTENT="of" WC="0.83" CC="30"/>
					</TextLine>
					<TextLine ID="P260_TL00026" HPOS="108" VPOS="1101" WIDTH="852" HEIGHT="32">
						<String ID="P260_ST00227" HPOS="108" VPOS="1101" WIDTH="133" HEIGHT="24" CONTENT="obeisance" WC="0.65" CC="570098000"/>
						<String ID="P260_ST00228" HPOS="251" VPOS="1110" WIDTH="6" HEIGHT="21" CONTENT=";" WC="0.38" CC="6"/>
						<SP ID="P260_SP00201" HPOS="257" VPOS="1131" WIDTH="18"/>
						<String ID="P260_ST00229" HPOS="275" VPOS="1101" WIDTH="45" HEIGHT="24" CONTENT="she" WC="0.77" CC="600"/>
						<SP ID="P260_SP00202" HPOS="320" VPOS="1131" WIDTH="20"/>
						<String ID="P260_ST00230" HPOS="340" VPOS="1101" WIDTH="112" HEIGHT="32" CONTENT="brought" WC="0.79" CC="0030055"/>
						<SP ID="P260_SP00203" HPOS="452" VPOS="1133" WIDTH="20"/>
						<String ID="P260_ST00231" HPOS="472" VPOS="1101" WIDTH="70" HEIGHT="32" CONTENT="gifts," WC="0.89" CC="002400"/>
						<SP ID="P260_SP00204" HPOS="542" VPOS="1133" WIDTH="14"/>
						<String ID="P260_ST00232" HPOS="556" VPOS="1101" WIDTH="48" HEIGHT="23" CONTENT="but" WC="0.69" CC="504"/>
						<SP ID="P260_SP00205" HPOS="604" VPOS="1133" WIDTH="21"/>
						<String ID="P260_ST00233" HPOS="625" VPOS="1101" WIDTH="54" HEIGHT="24" CONTENT="said" WC="0.64" CC="4900"/>
						<SP ID="P260_SP00206" HPOS="679" VPOS="1133" WIDTH="21"/>
						<String ID="P260_ST00234" HPOS="700" VPOS="1101" WIDTH="44" HEIGHT="24" CONTENT="she" WC="0.50" CC="770"/>
						<SP ID="P260_SP00207" HPOS="744" VPOS="1133" WIDTH="21"/>
						<String ID="P260_ST00235" HPOS="765" VPOS="1102" WIDTH="84" HEIGHT="24" CONTENT="would" WC="0.89" CC="03100"/>
						<SP ID="P260_SP00208" HPOS="849" VPOS="1133" WIDTH="21"/>
						<String ID="P260_ST00236" HPOS="870" VPOS="1106" WIDTH="90" HEIGHT="21" CONTENT="return" WC="0.60" CC="200758"/>
					</TextLine>
					<TextLine ID="P260_TL00027" HPOS="108" VPOS="1140" WIDTH="851" HEIGHT="33">
						<String ID="P260_ST00237" HPOS="108" VPOS="1141" WIDTH="74" HEIGHT="24" CONTENT="home" WC="0.79" CC="6200"/>
						<SP ID="P260_SP00209" HPOS="182" VPOS="1165" WIDTH="16"/>
						<String ID="P260_ST00238" HPOS="198" VPOS="1141" WIDTH="75" HEIGHT="31" CONTENT="again" WC="0.92" CC="00030"/>
						<SP ID="P260_SP00210" HPOS="273" VPOS="1172" WIDTH="10"/>
						<String ID="P260_ST00239" HPOS="283" VPOS="1150" WIDTH="6" HEIGHT="21" CONTENT=";" WC="0.65" CC="3"/>
						<SP ID="P260_SP00211" HPOS="289" VPOS="1172" WIDTH="18"/>
						<String ID="P260_ST00240" HPOS="307" VPOS="1141" WIDTH="44" HEIGHT="23" CONTENT="she" WC="0.54" CC="670"/>
						<SP ID="P260_SP00212" HPOS="351" VPOS="1172" WIDTH="21"/>
						<String ID="P260_ST00241" HPOS="372" VPOS="1140" WIDTH="63" HEIGHT="24" CONTENT="then" WC="0.80" CC="0601"/>
						<SP ID="P260_SP00213" HPOS="435" VPOS="1172" WIDTH="21"/>
						<String ID="P260_ST00242" HPOS="456" VPOS="1140" WIDTH="121" HEIGHT="24" CONTENT="returned" WC="0.78" CC="30503500"/>
						<SP ID="P260_SP00214" HPOS="577" VPOS="1172" WIDTH="21"/>
						<String ID="P260_ST00243" HPOS="598" VPOS="1145" WIDTH="27" HEIGHT="20" CONTENT="to" WC="0.68" CC="06"/>
						<SP ID="P260_SP00215" HPOS="625" VPOS="1172" WIDTH="21"/>
						<String ID="P260_ST00244" HPOS="646" VPOS="1141" WIDTH="75" HEIGHT="32" CONTENT="Hope" WC="0.66" CC="7600"/>
						<SP ID="P260_SP00216" HPOS="721" VPOS="1173" WIDTH="16"/>
						<String ID="P260_ST00245" HPOS="737" VPOS="1141" WIDTH="50" HEIGHT="24" CONTENT="and" WC="0.72" CC="080"/>
						<SP ID="P260_SP00217" HPOS="787" VPOS="1173" WIDTH="16"/>
						<String ID="P260_ST00246" HPOS="803" VPOS="1142" WIDTH="85" HEIGHT="30" CONTENT="Faith," WC="0.73" CC="600062"/>
						<SP ID="P260_SP00218" HPOS="888" VPOS="1173" WIDTH="15"/>
						<String ID="P260_ST00247" HPOS="903" VPOS="1143" WIDTH="56" HEIGHT="23" CONTENT="who" WC="0.68" CC="062"/>
					</TextLine>
					<TextLine ID="P260_TL00028" HPOS="108" VPOS="1180" WIDTH="851" HEIGHT="34">
						<String ID="P260_ST00248" HPOS="108" VPOS="1190" WIDTH="66" HEIGHT="15" CONTENT="were" WC="1.00" CC="0000"/>
						<SP ID="P260_SP00219" HPOS="174" VPOS="1205" WIDTH="20"/>
						<String ID="P260_ST00249" HPOS="194" VPOS="1181" WIDTH="63" HEIGHT="24" CONTENT="both" WC="0.58" CC="1545"/>
						<SP ID="P260_SP00220" HPOS="257" VPOS="1205" WIDTH="16"/>
						<String ID="P260_ST00250" HPOS="273" VPOS="1181" WIDTH="53" HEIGHT="24" CONTENT="sick" WC="0.62" CC="7070"/>
						<SP ID="P260_SP00221" HPOS="326" VPOS="1205" WIDTH="16"/>
						<String ID="P260_ST00251" HPOS="342" VPOS="1181" WIDTH="27" HEIGHT="23" CONTENT="in" WC="0.28" CC="58"/>
						<SP ID="P260_SP00222" HPOS="369" VPOS="1205" WIDTH="15"/>
						<String ID="P260_ST00252" HPOS="384" VPOS="1181" WIDTH="44" HEIGHT="23" CONTENT="the" WC="0.70" CC="071"/>
						<SP ID="P260_SP00223" HPOS="428" VPOS="1205" WIDTH="17"/>
						<String ID="P260_ST00253" HPOS="445" VPOS="1181" WIDTH="77" HEIGHT="23" CONTENT="lower" WC="0.75" CC="61004"/>
						<SP ID="P260_SP00224" HPOS="522" VPOS="1205" WIDTH="15"/>
						<String ID="P260_ST00254" HPOS="537" VPOS="1180" WIDTH="59" HEIGHT="24" CONTENT="hall." WC="0.76" CC="70201"/>
						<SP ID="P260_SP00225" HPOS="596" VPOS="1205" WIDTH="38"/>
						<String ID="P260_ST00255" HPOS="634" VPOS="1181" WIDTH="72" HEIGHT="24" CONTENT="Next" WC="0.65" CC="7060"/>
						<SP ID="P260_SP00226" HPOS="706" VPOS="1205" WIDTH="16"/>
						<String ID="P260_ST00256" HPOS="722" VPOS="1190" WIDTH="70" HEIGHT="16" CONTENT="came" WC="1.00" CC="0000"/>
						<SP ID="P260_SP00227" HPOS="792" VPOS="1206" WIDTH="15"/>
						<String ID="P260_ST00257" HPOS="807" VPOS="1182" WIDTH="109" HEIGHT="32" CONTENT="Victory" WC="0.86" CC="7100000"/>
						<SP ID="P260_SP00228" HPOS="916" VPOS="1214" WIDTH="16"/>
						<String ID="P260_ST00258" HPOS="932" VPOS="1184" WIDTH="27" HEIGHT="22" CONTENT="in" WC="0.41" CC="47"/>
					</TextLine>
					<TextLine ID="P260_TL00029" HPOS="108" VPOS="1220" WIDTH="850" HEIGHT="34">
						<String ID="P260_ST00259" HPOS="108" VPOS="1220" WIDTH="88" HEIGHT="31" CONTENT="bright" WC="0.54" CC="730079"/>
						<SP ID="P260_SP00229" HPOS="196" VPOS="1251" WIDTH="20"/>
						<String ID="P260_ST00260" HPOS="216" VPOS="1228" WIDTH="109" HEIGHT="22" CONTENT="armour," WC="0.73" CC="9050200"/>
						<SP ID="P260_SP00230" HPOS="325" VPOS="1251" WIDTH="15"/>
						<String ID="P260_ST00261" HPOS="340" VPOS="1220" WIDTH="51" HEIGHT="24" CONTENT="and" WC="0.47" CC="780"/>
						<SP ID="P260_SP00231" HPOS="391" VPOS="1251" WIDTH="21"/>
						<String ID="P260_ST00262" HPOS="412" VPOS="1220" WIDTH="136" HEIGHT="31" CONTENT="presented" WC="0.85" CC="000606000"/>
						<SP ID="P260_SP00232" HPOS="548" VPOS="1251" WIDTH="19"/>
						<String ID="P260_ST00263" HPOS="567" VPOS="1229" WIDTH="16" HEIGHT="15" CONTENT="a" WC="1.00" CC="0"/>
						<SP ID="P260_SP00233" HPOS="583" VPOS="1251" WIDTH="19"/>
						<String ID="P260_ST00264" HPOS="602" VPOS="1221" WIDTH="54" HEIGHT="23" CONTENT="rich" WC="0.29" CC="9566"/>
						<SP ID="P260_SP00234" HPOS="656" VPOS="1251" WIDTH="17"/>
						<String ID="P260_ST00265" HPOS="673" VPOS="1221" WIDTH="84" HEIGHT="24" CONTENT="sword" WC="0.77" CC="70030"/>
						<SP ID="P260_SP00235" HPOS="757" VPOS="1251" WIDTH="15"/>
						<String ID="P260_ST00266" HPOS="772" VPOS="1224" WIDTH="27" HEIGHT="21" CONTENT="to" WC="0.82" CC="03"/>
						<SP ID="P260_SP00236" HPOS="799" VPOS="1251" WIDTH="16"/>
						<String ID="P260_ST00267" HPOS="815" VPOS="1222" WIDTH="44" HEIGHT="23" CONTENT="the" WC="0.74" CC="070"/>
						<SP ID="P260_SP00237" HPOS="859" VPOS="1251" WIDTH="20"/>
						<String ID="P260_ST00268" HPOS="879" VPOS="1222" WIDTH="79" HEIGHT="32" CONTENT="King," WC="0.63" CC="00890"/>
					</TextLine>
					<TextLine ID="P260_TL00030" HPOS="108" VPOS="1259" WIDTH="851" HEIGHT="34">
						<String ID="P260_ST00269" HPOS="108" VPOS="1260" WIDTH="56" HEIGHT="23" CONTENT="who" WC="0.34" CC="972"/>
						<SP ID="P260_SP00238" HPOS="164" VPOS="1283" WIDTH="20"/>
						<String ID="P260_ST00270" HPOS="184" VPOS="1260" WIDTH="87" HEIGHT="23" CONTENT="waved" WC="0.57" CC="00758"/>
						<SP ID="P260_SP00239" HPOS="271" VPOS="1283" WIDTH="21"/>
						<String ID="P260_ST00271" HPOS="292" VPOS="1261" WIDTH="21" HEIGHT="22" CONTENT="it" WC="0.78" CC="22"/>
						<SP ID="P260_SP00240" HPOS="313" VPOS="1283" WIDTH="21"/>
						<String ID="P260_ST00272" HPOS="334" VPOS="1268" WIDTH="78" HEIGHT="23" CONTENT="away," WC="0.77" CC="90001"/>
						<SP ID="P260_SP00241" HPOS="412" VPOS="1291" WIDTH="21"/>
						<String ID="P260_ST00273" HPOS="433" VPOS="1259" WIDTH="48" HEIGHT="24" CONTENT="but" WC="0.43" CC="645"/>
						<SP ID="P260_SP00242" HPOS="481" VPOS="1291" WIDTH="19"/>
						<String ID="P260_ST00274" HPOS="500" VPOS="1260" WIDTH="110" HEIGHT="32" CONTENT="Victory" WC="0.76" CC="7302020"/>
						<SP ID="P260_SP00243" HPOS="610" VPOS="1292" WIDTH="19"/>
						<String ID="P260_ST00275" HPOS="629" VPOS="1261" WIDTH="125" HEIGHT="31" CONTENT="persisted" WC="0.83" CC="006403000"/>
						<SP ID="P260_SP00244" HPOS="754" VPOS="1292" WIDTH="20"/>
						<String ID="P260_ST00276" HPOS="774" VPOS="1261" WIDTH="27" HEIGHT="24" CONTENT="in" WC="0.67" CC="06"/>
						<SP ID="P260_SP00245" HPOS="801" VPOS="1292" WIDTH="20"/>
						<String ID="P260_ST00277" HPOS="821" VPOS="1270" WIDTH="15" HEIGHT="14" CONTENT="a" WC="0.01" CC="9"/>
						<SP ID="P260_SP00246" HPOS="836" VPOS="1292" WIDTH="19"/>
						<String ID="P260_ST00278" HPOS="855" VPOS="1265" WIDTH="104" HEIGHT="28" CONTENT="strange" WC="0.69" CC="5007800"/>
					</TextLine>
					<TextLine ID="P260_TL00031" HPOS="108" VPOS="1300" WIDTH="850" HEIGHT="32">
						<String ID="P260_ST00279" HPOS="108" VPOS="1300" WIDTH="99" HEIGHT="32" CONTENT="medley" WC="0.71" CC="000709"/>
						<SP ID="P260_SP00247" HPOS="207" VPOS="1332" WIDTH="33"/>
						<String ID="P260_ST00280" HPOS="240" VPOS="1300" WIDTH="26" HEIGHT="23" CONTENT="of" WC="0.77" CC="40"/>
						<SP ID="P260_SP00248" HPOS="266" VPOS="1332" WIDTH="35"/>
						<String ID="P260_ST00281" HPOS="301" VPOS="1300" WIDTH="178" HEIGHT="29" CONTENT="versification," WC="0.66" CC="00796005005470"/>
						<SP ID="P260_SP00249" HPOS="479" VPOS="1332" WIDTH="33"/>
						<String ID="P260_ST00282" HPOS="512" VPOS="1300" WIDTH="48" HEIGHT="29" CONTENT="till," WC="0.76" CC="00172"/>
						<SP ID="P260_SP00250" HPOS="560" VPOS="1332" WIDTH="34"/>
						<String ID="P260_ST00283" HPOS="594" VPOS="1300" WIDTH="68" HEIGHT="23" CONTENT="after" WC="0.65" CC="00709"/>
						<SP ID="P260_SP00251" HPOS="662" VPOS="1332" WIDTH="34"/>
						<String ID="P260_ST00284" HPOS="696" VPOS="1301" WIDTH="75" HEIGHT="23" CONTENT="much" WC="0.59" CC="0267"/>
						<SP ID="P260_SP00252" HPOS="771" VPOS="1332" WIDTH="33"/>
						<String ID="P260_ST00285" HPOS="804" VPOS="1301" WIDTH="154" HEIGHT="24" CONTENT="lamentable" WC="0.57" CC="0726800638"/>
					</TextLine>
					<TextLine ID="P260_TL00032" HPOS="108" VPOS="1339" WIDTH="850" HEIGHT="33">
						<String ID="P260_ST00286" HPOS="108" VPOS="1343" WIDTH="143" HEIGHT="26" CONTENT="utterance," WC="0.80" CC="7040003003"/>
						<SP ID="P260_SP00253" HPOS="251" VPOS="1369" WIDTH="15"/>
						<String ID="P260_ST00287" HPOS="266" VPOS="1339" WIDTH="44" HEIGHT="24" CONTENT="she" WC="0.45" CC="672"/>
						<SP ID="P260_SP00254" HPOS="310" VPOS="1369" WIDTH="20"/>
						<String ID="P260_ST00288" HPOS="330" VPOS="1348" WIDTH="51" HEIGHT="15" CONTENT="was" WC="0.85" CC="030"/>
						<SP ID="P260_SP00255" HPOS="381" VPOS="1369" WIDTH="19"/>
						<String ID="P260_ST00289" HPOS="400" VPOS="1339" WIDTH="42" HEIGHT="24" CONTENT="led" WC="0.89" CC="030"/>
						<SP ID="P260_SP00256" HPOS="442" VPOS="1369" WIDTH="19"/>
						<String ID="P260_ST00290" HPOS="461" VPOS="1348" WIDTH="73" HEIGHT="24" CONTENT="away" WC="0.82" CC="0070"/>
						<SP ID="P260_SP00257" HPOS="534" VPOS="1372" WIDTH="21"/>
						<String ID="P260_ST00291" HPOS="555" VPOS="1340" WIDTH="52" HEIGHT="23" CONTENT="like" WC="1.00" CC="0000"/>
						<SP ID="P260_SP00258" HPOS="607" VPOS="1372" WIDTH="21"/>
						<String ID="P260_ST00292" HPOS="628" VPOS="1349" WIDTH="15" HEIGHT="14" CONTENT="a" WC="1.00" CC="0"/>
						<SP ID="P260_SP00259" HPOS="643" VPOS="1372" WIDTH="19"/>
						<String ID="P260_ST00293" HPOS="662" VPOS="1341" WIDTH="108" HEIGHT="31" CONTENT="captive," WC="0.64" CC="20904660"/>
						<SP ID="P260_SP00260" HPOS="770" VPOS="1372" WIDTH="18"/>
						<String ID="P260_ST00294" HPOS="788" VPOS="1341" WIDTH="50" HEIGHT="24" CONTENT="and" WC="0.76" CC="070"/>
						<SP ID="P260_SP00261" HPOS="838" VPOS="1372" WIDTH="21"/>
						<String ID="P260_ST00295" HPOS="859" VPOS="1342" WIDTH="52" HEIGHT="24" CONTENT="laid" WC="0.66" CC="3900"/>
						<SP ID="P260_SP00262" HPOS="911" VPOS="1372" WIDTH="20"/>
						<String ID="P260_ST00296" HPOS="931" VPOS="1345" WIDTH="27" HEIGHT="21" CONTENT="to" WC="0.89" CC="02"/>
					</TextLine>
					<TextLine ID="P260_TL00033" HPOS="108" VPOS="1379" WIDTH="850" HEIGHT="32">
						<String ID="P260_ST00297" HPOS="108" VPOS="1380" WIDTH="66" HEIGHT="31" CONTENT="sleep" WC="0.80" CC="63000"/>
						<SP ID="P260_SP00263" HPOS="174" VPOS="1411" WIDTH="14"/>
						<String ID="P260_ST00298" HPOS="188" VPOS="1388" WIDTH="33" HEIGHT="15" CONTENT="on" WC="0.86" CC="02"/>
						<SP ID="P260_SP00264" HPOS="221" VPOS="1411" WIDTH="14"/>
						<String ID="P260_ST00299" HPOS="235" VPOS="1379" WIDTH="43" HEIGHT="24" CONTENT="the" WC="0.66" CC="630"/>
						<SP ID="P260_SP00265" HPOS="278" VPOS="1411" WIDTH="13"/>
						<String ID="P260_ST00300" HPOS="291" VPOS="1383" WIDTH="75" HEIGHT="20" CONTENT="outer" WC="0.84" CC="01600"/>
						<SP ID="P260_SP00266" HPOS="366" VPOS="1411" WIDTH="12"/>
						<String ID="P260_ST00301" HPOS="378" VPOS="1382" WIDTH="68" HEIGHT="28" CONTENT="steps" WC="0.79" CC="07100"/>
						<SP ID="P260_SP00267" HPOS="446" VPOS="1411" WIDTH="14"/>
						<String ID="P260_ST00302" HPOS="460" VPOS="1379" WIDTH="26" HEIGHT="24" CONTENT="of" WC="0.84" CC="30"/>
						<SP ID="P260_SP00268" HPOS="486" VPOS="1411" WIDTH="13"/>
						<String ID="P260_ST00303" HPOS="499" VPOS="1380" WIDTH="45" HEIGHT="24" CONTENT="the" WC="0.73" CC="160"/>
						<SP ID="P260_SP00269" HPOS="544" VPOS="1411" WIDTH="12"/>
						<String ID="P260_ST00304" HPOS="556" VPOS="1380" WIDTH="198" HEIGHT="25" CONTENT="ante-chamber." WC="0.69" CC="6300005056830"/>
						<SP ID="P260_SP00270" HPOS="754" VPOS="1411" WIDTH="50"/>
						<String ID="P260_ST00305" HPOS="804" VPOS="1381" WIDTH="80" HEIGHT="24" CONTENT="Peace" WC="0.74" CC="70050"/>
						<SP ID="P260_SP00271" HPOS="884" VPOS="1411" WIDTH="13"/>
						<String ID="P260_ST00306" HPOS="897" VPOS="1383" WIDTH="61" HEIGHT="23" CONTENT="took" WC="0.58" CC="0069"/>
					</TextLine>
					<TextLine ID="P260_TL00034" HPOS="107" VPOS="1419" WIDTH="851" HEIGHT="34">
						<String ID="P260_ST00307" HPOS="107" VPOS="1420" WIDTH="95" HEIGHT="24" CONTENT="offence" WC="0.71" CC="5000831"/>
						<SP ID="P260_SP00272" HPOS="202" VPOS="1444" WIDTH="23"/>
						<String ID="P260_ST00308" HPOS="225" VPOS="1420" WIDTH="28" HEIGHT="23" CONTENT="in" WC="0.48" CC="18"/>
						<SP ID="P260_SP00273" HPOS="253" VPOS="1444" WIDTH="25"/>
						<String ID="P260_ST00309" HPOS="278" VPOS="1419" WIDTH="191" HEIGHT="31" CONTENT="endeavouring" WC="0.74" CC="070006040480"/>
						<SP ID="P260_SP00274" HPOS="469" VPOS="1450" WIDTH="25"/>
						<String ID="P260_ST00310" HPOS="494" VPOS="1421" WIDTH="27" HEIGHT="22" CONTENT="to" WC="0.65" CC="15"/>
						<SP ID="P260_SP00275" HPOS="521" VPOS="1450" WIDTH="23"/>
						<String ID="P260_ST00311" HPOS="544" VPOS="1422" WIDTH="44" HEIGHT="29" CONTENT="get" WC="0.56" CC="606"/>
						<SP ID="P260_SP00276" HPOS="588" VPOS="1451" WIDTH="28"/>
						<String ID="P260_ST00312" HPOS="616" VPOS="1428" WIDTH="33" HEIGHT="23" CONTENT="up" WC="0.58" CC="80"/>
						<SP ID="P260_SP00277" HPOS="649" VPOS="1451" WIDTH="27"/>
						<String ID="P260_ST00313" HPOS="676" VPOS="1424" WIDTH="26" HEIGHT="20" CONTENT="to" WC="0.79" CC="04"/>
						<SP ID="P260_SP00278" HPOS="702" VPOS="1451" WIDTH="31"/>
						<String ID="P260_ST00314" HPOS="733" VPOS="1421" WIDTH="43" HEIGHT="23" CONTENT="the" WC="0.50" CC="671"/>
						<SP ID="P260_SP00279" HPOS="776" VPOS="1451" WIDTH="26"/>
						<String ID="P260_ST00315" HPOS="802" VPOS="1421" WIDTH="79" HEIGHT="32" CONTENT="King," WC="0.81" CC="01800"/>
						<SP ID="P260_SP00280" HPOS="881" VPOS="1453" WIDTH="26"/>
						<String ID="P260_ST00316" HPOS="907" VPOS="1422" WIDTH="51" HEIGHT="24" CONTENT="and" WC="0.47" CC="780"/>
					</TextLine>
					<TextLine ID="P260_TL00035" HPOS="109" VPOS="1458" WIDTH="849" HEIGHT="35">
						<String ID="P260_ST00317" HPOS="109" VPOS="1459" WIDTH="106" HEIGHT="23" CONTENT="wielded" WC="0.81" CC="0404050"/>
						<SP ID="P260_SP00281" HPOS="215" VPOS="1482" WIDTH="12"/>
						<String ID="P260_ST00318" HPOS="227" VPOS="1459" WIDTH="45" HEIGHT="23" CONTENT="her" WC="0.79" CC="600"/>
						<SP ID="P260_SP00282" HPOS="272" VPOS="1482" WIDTH="13"/>
						<String ID="P260_ST00319" HPOS="285" VPOS="1459" WIDTH="66" HEIGHT="23" CONTENT="olive" WC="0.56" CC="06590"/>
						<SP ID="P260_SP00283" HPOS="351" VPOS="1482" WIDTH="11"/>
						<String ID="P260_ST00320" HPOS="362" VPOS="1458" WIDTH="98" HEIGHT="24" CONTENT="branch" WC="0.77" CC="704001"/>
						<SP ID="P260_SP00284" HPOS="460" VPOS="1482" WIDTH="13"/>
						<String ID="P260_ST00321" HPOS="473" VPOS="1459" WIDTH="27" HEIGHT="23" CONTENT="in" WC="0.62" CC="07"/>
						<SP ID="P260_SP00285" HPOS="500" VPOS="1482" WIDTH="14"/>
						<String ID="P260_ST00322" HPOS="514" VPOS="1459" WIDTH="104" HEIGHT="24" CONTENT="warlike" WC="0.50" CC="9840380"/>
						<SP ID="P260_SP00286" HPOS="618" VPOS="1483" WIDTH="14"/>
						<String ID="P260_ST00323" HPOS="632" VPOS="1460" WIDTH="97" HEIGHT="24" CONTENT="assault" WC="0.84" CC="0040105"/>
						<SP ID="P260_SP00287" HPOS="729" VPOS="1484" WIDTH="13"/>
						<String ID="P260_ST00324" HPOS="742" VPOS="1469" WIDTH="69" HEIGHT="24" CONTENT="upon" WC="0.64" CC="4900"/>
						<SP ID="P260_SP00288" HPOS="811" VPOS="1493" WIDTH="12"/>
						<String ID="P260_ST00325" HPOS="823" VPOS="1461" WIDTH="44" HEIGHT="24" CONTENT="the" WC="0.45" CC="266"/>
						<SP ID="P260_SP00289" HPOS="867" VPOS="1493" WIDTH="14"/>
						<String ID="P260_ST00326" HPOS="881" VPOS="1461" WIDTH="77" HEIGHT="25" CONTENT="heads" WC="0.68" CC="70008"/>
					</TextLine>
					<TextLine ID="P260_TL00036" HPOS="107" VPOS="1498" WIDTH="271" HEIGHT="23">
						<String ID="P260_ST00327" HPOS="107" VPOS="1499" WIDTH="26" HEIGHT="22" CONTENT="of" WC="0.63" CC="70"/>
						<SP ID="P260_SP00290" HPOS="133" VPOS="1521" WIDTH="13"/>
						<String ID="P260_ST00328" HPOS="146" VPOS="1499" WIDTH="44" HEIGHT="22" CONTENT="the" WC="0.67" CC="063"/>
						<SP ID="P260_SP00291" HPOS="190" VPOS="1521" WIDTH="12"/>
						<String ID="P260_ST00329" HPOS="202" VPOS="1498" WIDTH="176" HEIGHT="23" CONTENT='attendants."' WC="0.67" CC="852180036002"/>
					</TextLine>
				</TextBlock>
				<TextBlock ID="P260_TB00005" HPOS="107" VPOS="1537" WIDTH="850" HEIGHT="155" STYLEREFS="TXT_1 PAR_LEFT">
					<TextLine ID="P260_TL00037" HPOS="141" VPOS="1537" WIDTH="816" HEIGHT="34">
						<String ID="P260_ST00330" HPOS="141" VPOS="1538" WIDTH="91" HEIGHT="23" CONTENT="Prince" WC="0.65" CC="707500"/>
						<SP ID="P260_SP00292" HPOS="232" VPOS="1561" WIDTH="14"/>
						<String ID="P260_ST00331" HPOS="246" VPOS="1537" WIDTH="93" HEIGHT="33" CONTENT="Henry" WC="0.80" CC="24200"/>
						<SP ID="P260_SP00293" HPOS="339" VPOS="1570" WIDTH="12"/>
						<String ID="P260_ST00332" HPOS="351" VPOS="1541" WIDTH="27" HEIGHT="20" CONTENT="at" WC="1.00" CC="00"/>
						<SP ID="P260_SP00294" HPOS="378" VPOS="1570" WIDTH="14"/>
						<String ID="P260_ST00333" HPOS="392" VPOS="1537" WIDTH="52" HEIGHT="24" CONTENT="this" WC="0.83" CC="0600"/>
						<SP ID="P260_SP00295" HPOS="444" VPOS="1570" WIDTH="14"/>
						<String ID="P260_ST00334" HPOS="458" VPOS="1538" WIDTH="61" HEIGHT="23" CONTENT="time" WC="0.79" CC="0602"/>
						<SP ID="P260_SP00296" HPOS="519" VPOS="1570" WIDTH="14"/>
						<String ID="P260_ST00335" HPOS="533" VPOS="1538" WIDTH="100" HEIGHT="25" CONTENT="resided" WC="0.81" CC="7050000"/>
						<SP ID="P260_SP00297" HPOS="633" VPOS="1570" WIDTH="15"/>
						<String ID="P260_ST00336" HPOS="648" VPOS="1539" WIDTH="63" HEIGHT="24" CONTENT="with" WC="0.79" CC="0025"/>
						<SP ID="P260_SP00298" HPOS="711" VPOS="1570" WIDTH="14"/>
						<String ID="P260_ST00337" HPOS="725" VPOS="1540" WIDTH="40" HEIGHT="24" CONTENT="his" WC="0.52" CC="049"/>
						<SP ID="P260_SP00299" HPOS="765" VPOS="1570" WIDTH="14"/>
						<String ID="P260_ST00338" HPOS="779" VPOS="1543" WIDTH="78" HEIGHT="28" CONTENT="tutor," WC="0.67" CC="500390"/>
						<SP ID="P260_SP00300" HPOS="857" VPOS="1571" WIDTH="15"/>
						<String ID="P260_ST00339" HPOS="872" VPOS="1541" WIDTH="85" HEIGHT="24" CONTENT="Adam" WC="1.00" CC="0000"/>
					</TextLine>
					<TextLine ID="P260_TL00038" HPOS="107" VPOS="1577" WIDTH="850" HEIGHT="35">
						<String ID="P260_ST00340" HPOS="107" VPOS="1578" WIDTH="119" HEIGHT="29" CONTENT="Newton," WC="0.80" CC="7000060"/>
						<SP ID="P260_SP00301" HPOS="226" VPOS="1607" WIDTH="15"/>
						<String ID="P260_ST00341" HPOS="241" VPOS="1580" WIDTH="27" HEIGHT="21" CONTENT="at" WC="0.64" CC="07"/>
						<SP ID="P260_SP00302" HPOS="268" VPOS="1607" WIDTH="14"/>
						<String ID="P260_ST00342" HPOS="282" VPOS="1577" WIDTH="125" HEIGHT="24" CONTENT="Charlton" WC="0.67" CC="50006256"/>
						<SP ID="P260_SP00303" HPOS="407" VPOS="1607" WIDTH="14"/>
						<String ID="P260_ST00343" HPOS="421" VPOS="1577" WIDTH="96" HEIGHT="25" CONTENT="House." WC="0.66" CC="350550"/>
						<SP ID="P260_SP00304" HPOS="517" VPOS="1607" WIDTH="38"/>
						<String ID="P260_ST00344" HPOS="555" VPOS="1578" WIDTH="44" HEIGHT="25" CONTENT="He" WC="0.78" CC="40"/>
						<SP ID="P260_SP00305" HPOS="599" VPOS="1607" WIDTH="18"/>
						<String ID="P260_ST00345" HPOS="617" VPOS="1587" WIDTH="52" HEIGHT="16" CONTENT="was" WC="0.77" CC="006"/>
						<SP ID="P260_SP00306" HPOS="669" VPOS="1607" WIDTH="19"/>
						<String ID="P260_ST00346" HPOS="688" VPOS="1588" WIDTH="14" HEIGHT="15" CONTENT="a" WC="0.01" CC="9"/>
						<SP ID="P260_SP00307" HPOS="702" VPOS="1607" WIDTH="19"/>
						<String ID="P260_ST00347" HPOS="721" VPOS="1588" WIDTH="87" HEIGHT="24" CONTENT="young" WC="0.77" CC="01450"/>
						<SP ID="P260_SP00308" HPOS="808" VPOS="1612" WIDTH="18"/>
						<String ID="P260_ST00348" HPOS="826" VPOS="1582" WIDTH="88" HEIGHT="30" CONTENT="prince" WC="0.94" CC="003000"/>
						<SP ID="P260_SP00309" HPOS="914" VPOS="1612" WIDTH="17"/>
						<String ID="P260_ST00349" HPOS="931" VPOS="1582" WIDTH="26" HEIGHT="23" CONTENT="of" WC="0.79" CC="40"/>
					</TextLine>
					<TextLine ID="P260_TL00039" HPOS="108" VPOS="1617" WIDTH="849" HEIGHT="36">
						<String ID="P260_ST00350" HPOS="108" VPOS="1620" WIDTH="72" HEIGHT="28" CONTENT="great" WC="0.66" CC="81006"/>
						<SP ID="P260_SP00310" HPOS="180" VPOS="1648" WIDTH="20"/>
						<String ID="P260_ST00351" HPOS="200" VPOS="1617" WIDTH="108" HEIGHT="31" CONTENT="promise" WC="0.84" CC="0000550"/>
						<SP ID="P260_SP00311" HPOS="308" VPOS="1648" WIDTH="20"/>
						<String ID="P260_ST00352" HPOS="328" VPOS="1617" WIDTH="50" HEIGHT="24" CONTENT="and" WC="0.96" CC="010"/>
						<SP ID="P260_SP00312" HPOS="378" VPOS="1648" WIDTH="17"/>
						<String ID="P260_ST00353" HPOS="395" VPOS="1626" WIDTH="51" HEIGHT="15" CONTENT="was" WC="0.34" CC="099"/>
						<SP ID="P260_SP00313" HPOS="446" VPOS="1648" WIDTH="19"/>
						<String ID="P260_ST00354" HPOS="465" VPOS="1617" WIDTH="89" HEIGHT="32" CONTENT="dearly" WC="0.83" CC="000900"/>
						<SP ID="P260_SP00314" HPOS="554" VPOS="1649" WIDTH="18"/>
						<String ID="P260_ST00355" HPOS="572" VPOS="1618" WIDTH="106" HEIGHT="24" CONTENT="beloved" WC="0.67" CC="7034700"/>
						<SP ID="P260_SP00315" HPOS="678" VPOS="1649" WIDTH="21"/>
						<String ID="P260_ST00356" HPOS="699" VPOS="1619" WIDTH="33" HEIGHT="32" CONTENT="by" WC="0.63" CC="70"/>
						<SP ID="P260_SP00316" HPOS="732" VPOS="1651" WIDTH="12"/>
						<String ID="P260_ST00357" HPOS="744" VPOS="1620" WIDTH="44" HEIGHT="24" CONTENT="the" WC="0.77" CC="060"/>
						<SP ID="P260_SP00317" HPOS="788" VPOS="1651" WIDTH="20"/>
						<String ID="P260_ST00358" HPOS="808" VPOS="1621" WIDTH="88" HEIGHT="32" CONTENT="people" WC="0.95" CC="000020"/>
						<SP ID="P260_SP00318" HPOS="896" VPOS="1653" WIDTH="11"/>
						<String ID="P260_ST00359" HPOS="907" VPOS="1630" WIDTH="6" HEIGHT="21" CONTENT=";" WC="0.31" CC="6"/>
						<SP ID="P260_SP00319" HPOS="913" VPOS="1653" WIDTH="18"/>
						<String ID="P260_ST00360" HPOS="931" VPOS="1622" WIDTH="26" HEIGHT="23" CONTENT="of" WC="0.81" CC="30"/>
					</TextLine>
					<TextLine ID="P260_TL00040" HPOS="108" VPOS="1656" WIDTH="849" HEIGHT="36">
						<String ID="P260_ST00361" HPOS="108" VPOS="1657" WIDTH="53" HEIGHT="24" CONTENT="him" WC="0.51" CC="509"/>
						<SP ID="P260_SP00320" HPOS="161" VPOS="1681" WIDTH="13"/>
						<String ID="P260_ST00362" HPOS="174" VPOS="1657" WIDTH="44" HEIGHT="24" CONTENT="the" WC="0.78" CC="060"/>
						<SP ID="P260_SP00321" HPOS="218" VPOS="1681" WIDTH="13"/>
						<String ID="P260_ST00363" HPOS="231" VPOS="1656" WIDTH="70" HEIGHT="25" CONTENT="elder" WC="1.00" CC="00000"/>
						<SP ID="P260_SP00322" HPOS="301" VPOS="1681" WIDTH="13"/>
						<String ID="P260_ST00364" HPOS="314" VPOS="1657" WIDTH="110" HEIGHT="24" CONTENT="Disraeli" WC="0.59" CC="53943400"/>
						<SP ID="P260_SP00323" HPOS="424" VPOS="1681" WIDTH="14"/>
						<String ID="P260_ST00365" HPOS="438" VPOS="1665" WIDTH="57" HEIGHT="25" CONTENT="says" WC="0.26" CC="9990"/>
						<SP ID="P260_SP00324" HPOS="495" VPOS="1690" WIDTH="12"/>
						<String ID="P260_ST00366" HPOS="507" VPOS="1667" WIDTH="4" HEIGHT="14" CONTENT=":" WC="0.44" CC="5"/>
						<String ID="P260_ST00367" HPOS="513" VPOS="1673" WIDTH="34" HEIGHT="2" CONTENT="—" WC="0.20" CC="8"/>
						<String ID="P260_ST00368" HPOS="550" VPOS="1658" WIDTH="66" HEIGHT="24" CONTENT='"He' WC="0.72" CC="430"/>
						<SP ID="P260_SP00325" HPOS="616" VPOS="1690" WIDTH="14"/>
						<String ID="P260_ST00369" HPOS="630" VPOS="1659" WIDTH="84" HEIGHT="24" CONTENT="would" WC="0.81" CC="00530"/>
						<SP ID="P260_SP00326" HPOS="714" VPOS="1690" WIDTH="12"/>
						<String ID="P260_ST00370" HPOS="726" VPOS="1659" WIDTH="66" HEIGHT="25" CONTENT="have" WC="0.44" CC="6950"/>
						<SP ID="P260_SP00327" HPOS="792" VPOS="1690" WIDTH="17"/>
						<String ID="P260_ST00371" HPOS="809" VPOS="1660" WIDTH="97" HEIGHT="32" CONTENT="proved" WC="0.75" CC="900500"/>
						<SP ID="P260_SP00328" HPOS="906" VPOS="1692" WIDTH="18"/>
						<String ID="P260_ST00372" HPOS="924" VPOS="1670" WIDTH="33" HEIGHT="17" CONTENT="an" WC="0.24" CC="59"/>
					</TextLine>
				</TextBlock>
			</PrintSpace>
		</Page>
	</Layout>
</alto>
