<?xml version="1.0" encoding="UTF-8"?>
<alto xmlns:xsi="http://www.w3.org/2001/XMLSchema-instance" xsi:noNamespaceSchemaLocation="http://www.bl.uk/schemas/alto/alto-1-4.xsd" xmlns:xlink="http://www.w3.org/1999/xlink">
	<Description>
		<MeasurementUnit>mm10</MeasurementUnit>
		<sourceImageInformation>
			<fileName>//head1/IN/2008-20/A0011615688/004701.jp2</fileName>
		</sourceImageInformation>
		<OCRProcessing ID="OCRPROCESSING_1">
			<preProcessingStep>
				<processingSoftware>
					<softwareCreator>CCS Content Conversion Specialists GmbH, Germany</softwareCreator>
					<softwareName>CCS docWORKS</softwareName>
					<softwareVersion>6.1-0.67</softwareVersion>
				</processingSoftware>
			</preProcessingStep>
			<ocrProcessingStep>
				<processingSoftware>
					<softwareCreator>ABBYY (BIT Software), Russia</softwareCreator>
					<softwareName>Finereader</softwareName>
				</processingSoftware>
			</ocrProcessingStep>
		</OCRProcessing>
	</Description>
	<Styles>
		<TextStyle ID="TXT_0" FONTSIZE="11" FONTFAMILY="Courier New"/>
		<TextStyle ID="TXT_1" FONTSIZE="9" FONTFAMILY="Courier New"/>
		<TextStyle ID="TXT_2" FONTSIZE="10" FONTFAMILY="Courier New"/>
		<ParagraphStyle ID="PAR_RIGHT" ALIGN="Right"/>
		<ParagraphStyle ID="PAR_LEFT" ALIGN="Left"/>
	</Styles>
	<Layout>
		<Page ID="P243" PHYSICAL_IMG_NR="243" HEIGHT="1823" WIDTH="1139" PRINTED_IMG_NR="193" POSITION="Right" ACCURACY="73.19">
			<TopMargin ID="P243_TM00001" HPOS="0" VPOS="0" WIDTH="1138" HEIGHT="148">
				<TextBlock ID="P243_TB00001" HPOS="962" VPOS="122" WIDTH="47" HEIGHT="23" STYLEREFS="TXT_0 PAR_RIGHT">
					<TextLine ID="P243_TL00001" HPOS="962" VPOS="122" WIDTH="47" HEIGHT="23">
						<String ID="P243_ST00001" HPOS="962" VPOS="122" WIDTH="47" HEIGHT="23" CONTENT="193" WC="1.00" CC="000"/>
					</TextLine>
				</TextBlock>
				<TextBlock ID="P243_TB00002" HPOS="510" VPOS="130" WIDTH="181" HEIGHT="18" STYLEREFS="TXT_1 PAR_RIGHT">
					<TextLine ID="P243_TL00002" HPOS="510" VPOS="130" WIDTH="181" HEIGHT="18">
						<String ID="P243_ST00002" HPOS="510" VPOS="131" WIDTH="87" HEIGHT="17" CONTENT="TUDOR" WC="0.38" CC="94609"/>
						<SP ID="P243_SP00001" HPOS="597" VPOS="148" WIDTH="19"/>
						<String ID="P243_ST00003" HPOS="616" VPOS="130" WIDTH="75" HEIGHT="18" CONTENT="KENT." WC="0.69" CC="06800"/>
					</TextLine>
				</TextBlock>
			</TopMargin>
			<LeftMargin ID="P243_LM00001" HPOS="0" VPOS="147" WIDTH="159" HEIGHT="1573"/>
			<RightMargin ID="P243_RM00001" HPOS="1015" VPOS="147" WIDTH="123" HEIGHT="1573"/>
			<BottomMargin ID="P243_BM00001" HPOS="0" VPOS="1720" WIDTH="1138" HEIGHT="102"/>
			<PrintSpace ID="P243_PS00001" HPOS="159" VPOS="147" WIDTH="856" HEIGHT="1573">
				<TextBlock ID="P243_TB00003" HPOS="161" VPOS="200" WIDTH="848" HEIGHT="153" STYLEREFS="TXT_1 PAR_LEFT">
					<TextLine ID="P243_TL00003" HPOS="195" VPOS="201" WIDTH="814" HEIGHT="29">
						<String ID="P243_ST00004" HPOS="195" VPOS="201" WIDTH="72" HEIGHT="25" CONTENT="Most" WC="0.70" CC="0308"/>
						<SP ID="P243_SP00002" HPOS="267" VPOS="226" WIDTH="13"/>
						<String ID="P243_ST00005" HPOS="280" VPOS="201" WIDTH="26" HEIGHT="25" CONTENT="of" WC="1.00" CC="00"/>
						<SP ID="P243_SP00003" HPOS="306" VPOS="226" WIDTH="18"/>
						<String ID="P243_ST00006" HPOS="324" VPOS="210" WIDTH="46" HEIGHT="16" CONTENT="our" WC="0.65" CC="054"/>
						<SP ID="P243_SP00004" HPOS="370" VPOS="226" WIDTH="14"/>
						<String ID="P243_ST00007" HPOS="384" VPOS="202" WIDTH="115" HEIGHT="24" CONTENT="Kentish" WC="0.60" CC="3072076"/>
						<SP ID="P243_SP00005" HPOS="499" VPOS="226" WIDTH="18"/>
						<String ID="P243_ST00008" HPOS="517" VPOS="203" WIDTH="134" HEIGHT="23" CONTENT="Grammar" WC="0.51" CC="4900584"/>
						<SP ID="P243_SP00006" HPOS="651" VPOS="226" WIDTH="18"/>
						<String ID="P243_ST00009" HPOS="669" VPOS="201" WIDTH="109" HEIGHT="29" CONTENT="Schools," WC="0.61" CC="70703290"/>
						<SP ID="P243_SP00007" HPOS="778" VPOS="230" WIDTH="15"/>
						<String ID="P243_ST00010" HPOS="793" VPOS="201" WIDTH="52" HEIGHT="24" CONTENT="like" WC="0.67" CC="3360"/>
						<SP ID="P243_SP00008" HPOS="845" VPOS="230" WIDTH="16"/>
						<String ID="P243_ST00011" HPOS="861" VPOS="201" WIDTH="72" HEIGHT="24" CONTENT="those" WC="0.59" CC="35560"/>
						<SP ID="P243_SP00009" HPOS="933" VPOS="230" WIDTH="18"/>
						<String ID="P243_ST00012" HPOS="951" VPOS="201" WIDTH="58" HEIGHT="23" CONTENT="else" SUBS_TYPE="HypPart1" SUBS_CONTENT="elsewhere," WC="0.87" CC="06000"/>
						<HYP CONTENT="-"/>
					</TextLine>
					<TextLine ID="P243_TL00004" HPOS="161" VPOS="241" WIDTH="848" HEIGHT="33">
						<String ID="P243_ST00013" HPOS="161" VPOS="241" WIDTH="92" HEIGHT="31" CONTENT="where," SUBS_TYPE="HypPart2" SUBS_CONTENT="elsewhere," WC="0.78" CC="070500"/>
						<SP ID="P243_SP00010" HPOS="253" VPOS="272" WIDTH="20"/>
						<String ID="P243_ST00014" HPOS="273" VPOS="251" WIDTH="66" HEIGHT="16" CONTENT="were" WC="0.87" CC="0500"/>
						<SP ID="P243_SP00011" HPOS="339" VPOS="272" WIDTH="22"/>
						<String ID="P243_ST00015" HPOS="361" VPOS="242" WIDTH="113" HEIGHT="25" CONTENT="founded" WC="0.77" CC="0555000"/>
						<SP ID="P243_SP00012" HPOS="474" VPOS="272" WIDTH="22"/>
						<String ID="P243_ST00016" HPOS="496" VPOS="242" WIDTH="34" HEIGHT="32" CONTENT="by" WC="0.70" CC="50"/>
						<SP ID="P243_SP00013" HPOS="530" VPOS="274" WIDTH="22"/>
						<String ID="P243_ST00017" HPOS="552" VPOS="243" WIDTH="43" HEIGHT="24" CONTENT="the" WC="0.54" CC="670"/>
						<SP ID="P243_SP00014" HPOS="595" VPOS="274" WIDTH="20"/>
						<String ID="P243_ST00018" HPOS="615" VPOS="241" WIDTH="104" HEIGHT="30" CONTENT="Tudors," WC="0.92" CC="0004010"/>
						<SP ID="P243_SP00015" HPOS="719" VPOS="274" WIDTH="21"/>
						<String ID="P243_ST00019" HPOS="740" VPOS="241" WIDTH="122" HEIGHT="32" CONTENT="although" WC="0.62" CC="06375007"/>
						<SP ID="P243_SP00016" HPOS="862" VPOS="274" WIDTH="20"/>
						<String ID="P243_ST00020" HPOS="882" VPOS="241" WIDTH="43" HEIGHT="24" CONTENT="the" WC="0.77" CC="060"/>
						<SP ID="P243_SP00017" HPOS="925" VPOS="274" WIDTH="18"/>
						<String ID="P243_ST00021" HPOS="943" VPOS="244" WIDTH="66" HEIGHT="21" CONTENT="most" WC="0.56" CC="5164"/>
					</TextLine>
					<TextLine ID="P243_TL00005" HPOS="161" VPOS="282" WIDTH="848" HEIGHT="30">
						<String ID="P243_ST00022" HPOS="161" VPOS="283" WIDTH="112" HEIGHT="29" CONTENT="ancient," WC="0.78" CC="04060410"/>
						<SP ID="P243_SP00018" HPOS="273" VPOS="312" WIDTH="20"/>
						<String ID="P243_ST00023" HPOS="293" VPOS="283" WIDTH="59" HEIGHT="23" CONTENT="that" WC="0.50" CC="7605"/>
						<SP ID="P243_SP00019" HPOS="352" VPOS="312" WIDTH="18"/>
						<String ID="P243_ST00024" HPOS="370" VPOS="283" WIDTH="27" HEIGHT="24" CONTENT="of" WC="0.50" CC="90"/>
						<SP ID="P243_SP00020" HPOS="397" VPOS="312" WIDTH="24"/>
						<String ID="P243_ST00025" HPOS="421" VPOS="283" WIDTH="153" HEIGHT="29" CONTENT="Sevenoaks," WC="0.61" CC="7060800590"/>
						<SP ID="P243_SP00021" HPOS="574" VPOS="312" WIDTH="19"/>
						<String ID="P243_ST00026" HPOS="593" VPOS="283" WIDTH="73" HEIGHT="23" CONTENT="dates" WC="0.94" CC="00300"/>
						<SP ID="P243_SP00022" HPOS="666" VPOS="312" WIDTH="18"/>
						<String ID="P243_ST00027" HPOS="684" VPOS="283" WIDTH="64" HEIGHT="23" CONTENT="back" WC="0.58" CC="7710"/>
						<SP ID="P243_SP00023" HPOS="748" VPOS="312" WIDTH="26"/>
						<String ID="P243_ST00028" HPOS="774" VPOS="285" WIDTH="27" HEIGHT="21" CONTENT="to" WC="1.00" CC="00"/>
						<SP ID="P243_SP00024" HPOS="801" VPOS="312" WIDTH="21"/>
						<String ID="P243_ST00029" HPOS="822" VPOS="282" WIDTH="70" HEIGHT="24" CONTENT="1418." WC="0.84" CC="07000"/>
						<SP ID="P243_SP00025" HPOS="892" VPOS="312" WIDTH="38"/>
						<String ID="P243_ST00030" HPOS="930" VPOS="282" WIDTH="79" HEIGHT="23" CONTENT="These" WC="0.60" CC="06570"/>
					</TextLine>
					<TextLine ID="P243_TL00006" HPOS="161" VPOS="323" WIDTH="255" HEIGHT="30">
						<String ID="P243_ST00031" HPOS="161" VPOS="330" WIDTH="43" HEIGHT="15" CONTENT="are" WC="0.68" CC="071"/>
						<SP ID="P243_SP00026" HPOS="204" VPOS="345" WIDTH="13"/>
						<String ID="P243_ST00032" HPOS="217" VPOS="323" WIDTH="45" HEIGHT="23" CONTENT="the" WC="0.62" CC="470"/>
						<SP ID="P243_SP00027" HPOS="262" VPOS="346" WIDTH="13"/>
						<String ID="P243_ST00033" HPOS="275" VPOS="323" WIDTH="126" HEIGHT="30" CONTENT="principal" WC="0.76" CC="052560000"/>
						<SP ID="P243_SP00028" HPOS="401" VPOS="353" WIDTH="12"/>
						<String ID="P243_ST00034" HPOS="413" VPOS="333" WIDTH="3" HEIGHT="14" CONTENT=":" WC="1.00" CC="0"/>
					</TextLine>
				</TextBlock>
				<TextBlock ID="P243_TB00004" HPOS="161" VPOS="360" WIDTH="849" HEIGHT="191" STYLEREFS="TXT_1 PAR_LEFT">
					<TextLine ID="P243_TL00007" HPOS="195" VPOS="361" WIDTH="813" HEIGHT="33">
						<String ID="P243_ST00035" HPOS="195" VPOS="362" WIDTH="153" HEIGHT="31" CONTENT="Tenterden," WC="0.83" CC="0084000030"/>
						<SP ID="P243_SP00029" HPOS="348" VPOS="393" WIDTH="12"/>
						<String ID="P243_ST00036" HPOS="360" VPOS="364" WIDTH="66" HEIGHT="23" CONTENT="1520" WC="0.91" CC="1200"/>
						<SP ID="P243_SP00030" HPOS="426" VPOS="393" WIDTH="10"/>
						<String ID="P243_ST00037" HPOS="436" VPOS="372" WIDTH="6" HEIGHT="22" CONTENT=";" WC="0.68" CC="3"/>
						<SP ID="P243_SP00031" HPOS="442" VPOS="394" WIDTH="20"/>
						<String ID="P243_ST00038" HPOS="462" VPOS="362" WIDTH="158" HEIGHT="30" CONTENT="Biddenden," WC="0.59" CC="5770080280"/>
						<SP ID="P243_SP00032" HPOS="620" VPOS="394" WIDTH="12"/>
						<String ID="P243_ST00039" HPOS="632" VPOS="363" WIDTH="78" HEIGHT="30" CONTENT="1522;" WC="0.72" CC="34006"/>
						<SP ID="P243_SP00033" HPOS="710" VPOS="394" WIDTH="13"/>
						<String ID="P243_ST00040" HPOS="723" VPOS="362" WIDTH="160" HEIGHT="30" CONTENT="Faversham," WC="0.54" CC="6973007091"/>
						<SP ID="P243_SP00034" HPOS="883" VPOS="394" WIDTH="13"/>
						<String ID="P243_ST00041" HPOS="896" VPOS="361" WIDTH="112" HEIGHT="25" CONTENT="founded" WC="0.89" CC="0070000"/>
					</TextLine>
					<TextLine ID="P243_TL00008" HPOS="161" VPOS="401" WIDTH="849" HEIGHT="32">
						<String ID="P243_ST00042" HPOS="161" VPOS="402" WIDTH="29" HEIGHT="23" CONTENT="in" WC="0.62" CC="07"/>
						<SP ID="P243_SP00035" HPOS="190" VPOS="425" WIDTH="21"/>
						<String ID="P243_ST00043" HPOS="211" VPOS="403" WIDTH="72" HEIGHT="30" CONTENT="1527," WC="0.91" CC="03000"/>
						<SP ID="P243_SP00036" HPOS="283" VPOS="433" WIDTH="15"/>
						<String ID="P243_ST00044" HPOS="298" VPOS="402" WIDTH="130" HEIGHT="25" CONTENT="abolished" WC="0.65" CC="075356300"/>
						<SP ID="P243_SP00037" HPOS="428" VPOS="433" WIDTH="19"/>
						<String ID="P243_ST00045" HPOS="447" VPOS="405" WIDTH="28" HEIGHT="22" CONTENT="at" WC="0.73" CC="05"/>
						<SP ID="P243_SP00038" HPOS="475" VPOS="433" WIDTH="19"/>
						<String ID="P243_ST00046" HPOS="494" VPOS="403" WIDTH="44" HEIGHT="23" CONTENT="the" WC="0.60" CC="470"/>
						<SP ID="P243_SP00039" HPOS="538" VPOS="433" WIDTH="19"/>
						<String ID="P243_ST00047" HPOS="557" VPOS="403" WIDTH="167" HEIGHT="29" CONTENT="Dissolution," WC="0.72" CC="503710320063"/>
						<SP ID="P243_SP00040" HPOS="724" VPOS="433" WIDTH="21"/>
						<String ID="P243_ST00048" HPOS="745" VPOS="402" WIDTH="50" HEIGHT="24" CONTENT="and" WC="0.71" CC="080"/>
						<SP ID="P243_SP00041" HPOS="795" VPOS="433" WIDTH="20"/>
						<String ID="P243_ST00049" HPOS="815" VPOS="401" WIDTH="148" HEIGHT="25" CONTENT="re-founded" WC="0.82" CC="5200046000"/>
						<SP ID="P243_SP00042" HPOS="963" VPOS="433" WIDTH="20"/>
						<String ID="P243_ST00050" HPOS="983" VPOS="402" WIDTH="27" HEIGHT="22" CONTENT="in" WC="0.67" CC="06"/>
					</TextLine>
					<TextLine ID="P243_TL00009" HPOS="165" VPOS="441" WIDTH="845" HEIGHT="33">
						<String ID="P243_ST00051" HPOS="165" VPOS="441" WIDTH="82" HEIGHT="31" CONTENT="1576;" WC="0.76" CC="02054"/>
						<SP ID="P243_SP00043" HPOS="247" VPOS="472" WIDTH="19"/>
						<String ID="P243_ST00052" HPOS="266" VPOS="443" WIDTH="149" HEIGHT="29" CONTENT="Rochester," WC="0.83" CC="3006060000"/>
						<SP ID="P243_SP00044" HPOS="415" VPOS="472" WIDTH="17"/>
						<String ID="P243_ST00053" HPOS="432" VPOS="443" WIDTH="81" HEIGHT="29" CONTENT="1542;" WC="0.86" CC="06000"/>
						<SP ID="P243_SP00045" HPOS="513" VPOS="472" WIDTH="25"/>
						<String ID="P243_ST00054" HPOS="538" VPOS="442" WIDTH="169" HEIGHT="32" CONTENT="Canterbury," WC="0.64" CC="58000546700"/>
						<SP ID="P243_SP00046" HPOS="707" VPOS="474" WIDTH="21"/>
						<String ID="P243_ST00055" HPOS="728" VPOS="443" WIDTH="82" HEIGHT="29" CONTENT="1542;" WC="0.72" CC="00706"/>
						<SP ID="P243_SP00047" HPOS="810" VPOS="474" WIDTH="23"/>
						<String ID="P243_ST00056" HPOS="833" VPOS="441" WIDTH="74" HEIGHT="33" CONTENT="Wye," WC="0.48" CC="9901"/>
						<SP ID="P243_SP00048" HPOS="907" VPOS="474" WIDTH="20"/>
						<String ID="P243_ST00057" HPOS="927" VPOS="442" WIDTH="83" HEIGHT="29" CONTENT="1545;" WC="0.72" CC="70006"/>
					</TextLine>
					<TextLine ID="P243_TL00010" HPOS="162" VPOS="481" WIDTH="848" HEIGHT="33">
						<String ID="P243_ST00058" HPOS="162" VPOS="482" WIDTH="156" HEIGHT="32" CONTENT="Tunbridge," WC="0.83" CC="0166200000"/>
						<SP ID="P243_SP00049" HPOS="318" VPOS="514" WIDTH="28"/>
						<String ID="P243_ST00059" HPOS="346" VPOS="483" WIDTH="83" HEIGHT="29" CONTENT="1552;" WC="0.73" CC="06007"/>
						<SP ID="P243_SP00050" HPOS="429" VPOS="514" WIDTH="31"/>
						<String ID="P243_ST00060" HPOS="460" VPOS="482" WIDTH="153" HEIGHT="29" CONTENT="Maidstone," WC="0.93" CC="0000330000"/>
						<SP ID="P243_SP00051" HPOS="613" VPOS="514" WIDTH="28"/>
						<String ID="P243_ST00061" HPOS="641" VPOS="483" WIDTH="81" HEIGHT="28" CONTENT="1562;" WC="0.83" CC="10204"/>
						<SP ID="P243_SP00052" HPOS="722" VPOS="514" WIDTH="36"/>
						<String ID="P243_ST00062" HPOS="758" VPOS="481" WIDTH="142" HEIGHT="29" CONTENT="Sandwich," WC="0.71" CC="708000170"/>
						<SP ID="P243_SP00053" HPOS="900" VPOS="514" WIDTH="28"/>
						<String ID="P243_ST00063" HPOS="928" VPOS="481" WIDTH="82" HEIGHT="29" CONTENT="1563;" WC="0.72" CC="02046"/>
					</TextLine>
					<TextLine ID="P243_TL00011" HPOS="162" VPOS="521" WIDTH="657" HEIGHT="30">
						<String ID="P243_ST00064" HPOS="162" VPOS="521" WIDTH="158" HEIGHT="30" CONTENT="Cranbrook," WC="0.59" CC="5498660000"/>
						<SP ID="P243_SP00054" HPOS="320" VPOS="551" WIDTH="17"/>
						<String ID="P243_ST00065" HPOS="337" VPOS="523" WIDTH="82" HEIGHT="28" CONTENT="1574;" WC="0.75" CC="06006"/>
						<SP ID="P243_SP00055" HPOS="419" VPOS="551" WIDTH="18"/>
						<String ID="P243_ST00066" HPOS="437" VPOS="521" WIDTH="52" HEIGHT="24" CONTENT="and" WC="0.79" CC="060"/>
						<SP ID="P243_SP00056" HPOS="489" VPOS="551" WIDTH="13"/>
						<String ID="P243_ST00067" HPOS="502" VPOS="521" WIDTH="95" HEIGHT="24" CONTENT="Sutton" WC="0.60" CC="664410"/>
						<SP ID="P243_SP00057" HPOS="597" VPOS="551" WIDTH="16"/>
						<String ID="P243_ST00068" HPOS="613" VPOS="521" WIDTH="118" HEIGHT="30" CONTENT="Valence," WC="0.77" CC="00606032"/>
						<SP ID="P243_SP00058" HPOS="731" VPOS="551" WIDTH="17"/>
						<String ID="P243_ST00069" HPOS="748" VPOS="521" WIDTH="71" HEIGHT="24" CONTENT="1578." WC="0.89" CC="05000"/>
					</TextLine>
				</TextBlock>
				<TextBlock ID="P243_TB00005" HPOS="198" VPOS="561" WIDTH="630" HEIGHT="31" STYLEREFS="TXT_1 PAR_LEFT">
					<TextLine ID="P243_TL00012" HPOS="198" VPOS="561" WIDTH="630" HEIGHT="31">
						<String ID="P243_ST00070" HPOS="198" VPOS="561" WIDTH="73" HEIGHT="24" CONTENT="Some" WC="0.59" CC="7450"/>
						<SP ID="P243_SP00059" HPOS="271" VPOS="585" WIDTH="14"/>
						<String ID="P243_ST00071" HPOS="285" VPOS="561" WIDTH="86" HEIGHT="24" CONTENT="Tudor" WC="0.76" CC="09001"/>
						<SP ID="P243_SP00060" HPOS="371" VPOS="585" WIDTH="12"/>
						<String ID="P243_ST00072" HPOS="383" VPOS="562" WIDTH="81" HEIGHT="30" CONTENT="prices" WC="0.96" CC="002000"/>
						<SP ID="P243_SP00061" HPOS="464" VPOS="592" WIDTH="12"/>
						<String ID="P243_ST00073" HPOS="476" VPOS="562" WIDTH="28" HEIGHT="23" CONTENT="in" WC="0.61" CC="07"/>
						<SP ID="P243_SP00062" HPOS="504" VPOS="592" WIDTH="13"/>
						<String ID="P243_ST00074" HPOS="517" VPOS="561" WIDTH="74" HEIGHT="24" CONTENT="Kent" WC="0.77" CC="1007"/>
						<SP ID="P243_SP00063" HPOS="591" VPOS="592" WIDTH="12"/>
						<String ID="P243_ST00075" HPOS="603" VPOS="570" WIDTH="43" HEIGHT="15" CONTENT="are" WC="0.56" CC="930"/>
						<SP ID="P243_SP00064" HPOS="646" VPOS="592" WIDTH="13"/>
						<String ID="P243_ST00076" HPOS="659" VPOS="562" WIDTH="153" HEIGHT="30" CONTENT="interesting" WC="0.66" CC="06300040569"/>
						<SP ID="P243_SP00065" HPOS="812" VPOS="592" WIDTH="12"/>
						<String ID="P243_ST00077" HPOS="824" VPOS="571" WIDTH="4" HEIGHT="14" CONTENT=":" WC="1.00" CC="0"/>
					</TextLine>
				</TextBlock>
				<TextBlock ID="P243_TB00006" HPOS="162" VPOS="600" WIDTH="848" HEIGHT="110" STYLEREFS="TXT_1 PAR_LEFT">
					<TextLine ID="P243_TL00013" HPOS="198" VPOS="600" WIDTH="810" HEIGHT="31">
						<String ID="P243_ST00078" HPOS="198" VPOS="601" WIDTH="26" HEIGHT="24" CONTENT="A" WC="0.55" CC="4"/>
						<SP ID="P243_SP00066" HPOS="224" VPOS="625" WIDTH="13"/>
						<String ID="P243_ST00079" HPOS="237" VPOS="601" WIDTH="102" HEIGHT="24" CONTENT="bullock" WC="1.00" CC="0000000"/>
						<SP ID="P243_SP00067" HPOS="339" VPOS="625" WIDTH="11"/>
						<String ID="P243_ST00080" HPOS="350" VPOS="601" WIDTH="26" HEIGHT="25" CONTENT="of" WC="0.72" CC="50"/>
						<SP ID="P243_SP00068" HPOS="376" VPOS="626" WIDTH="13"/>
						<String ID="P243_ST00081" HPOS="389" VPOS="601" WIDTH="50" HEIGHT="26" CONTENT="iOh" WC="0.29" CC="379"/>
						<SP ID="P243_SP00069" HPOS="439" VPOS="627" WIDTH="13"/>
						<String ID="P243_ST00082" HPOS="452" VPOS="604" WIDTH="79" HEIGHT="27" CONTENT="stone," WC="0.63" CC="650801"/>
						<SP ID="P243_SP00070" HPOS="531" VPOS="631" WIDTH="13"/>
						<String ID="P243_ST00083" HPOS="544" VPOS="604" WIDTH="27" HEIGHT="21" CONTENT="at" WC="0.63" CC="07"/>
						<SP ID="P243_SP00071" HPOS="571" VPOS="631" WIDTH="14"/>
						<String ID="P243_ST00084" HPOS="585" VPOS="601" WIDTH="61" HEIGHT="24" CONTENT="81bs." WC="0.55" CC="54371"/>
						<SP ID="P243_SP00072" HPOS="646" VPOS="631" WIDTH="13"/>
						<String ID="P243_ST00085" HPOS="659" VPOS="604" WIDTH="26" HEIGHT="21" CONTENT="to" WC="0.88" CC="02"/>
						<SP ID="P243_SP00073" HPOS="685" VPOS="631" WIDTH="13"/>
						<String ID="P243_ST00086" HPOS="698" VPOS="601" WIDTH="44" HEIGHT="24" CONTENT="the" WC="0.52" CC="670"/>
						<SP ID="P243_SP00074" HPOS="742" VPOS="631" WIDTH="14"/>
						<String ID="P243_ST00087" HPOS="756" VPOS="604" WIDTH="78" HEIGHT="26" CONTENT="stone," WC="0.83" CC="040401"/>
						<SP ID="P243_SP00075" HPOS="834" VPOS="631" WIDTH="12"/>
						<String ID="P243_ST00088" HPOS="846" VPOS="603" WIDTH="54" HEIGHT="22" CONTENT="cost" WC="0.75" CC="0072"/>
						<SP ID="P243_SP00076" HPOS="900" VPOS="631" WIDTH="12"/>
						<String ID="P243_ST00089" HPOS="912" VPOS="600" WIDTH="37" HEIGHT="24" CONTENT="£2" WC="1.00" CC="00"/>
						<SP ID="P243_SP00077" HPOS="949" VPOS="631" WIDTH="16"/>
						<String ID="P243_ST00090" HPOS="965" VPOS="600" WIDTH="43" HEIGHT="29" CONTENT="5s.," WC="0.65" CC="4603"/>
					</TextLine>
					<TextLine ID="P243_TL00014" HPOS="163" VPOS="640" WIDTH="847" HEIGHT="33">
						<String ID="P243_ST00091" HPOS="163" VPOS="641" WIDTH="87" HEIGHT="24" CONTENT="Tudor" WC="0.77" CC="05005"/>
						<SP ID="P243_SP00078" HPOS="250" VPOS="665" WIDTH="21"/>
						<String ID="P243_ST00092" HPOS="271" VPOS="649" WIDTH="91" HEIGHT="24" CONTENT="money" WC="0.89" CC="05000"/>
						<SP ID="P243_SP00079" HPOS="362" VPOS="673" WIDTH="11"/>
						<String ID="P243_ST00093" HPOS="373" VPOS="650" WIDTH="6" HEIGHT="21" CONTENT=";" WC="0.63" CC="3"/>
						<SP ID="P243_SP00080" HPOS="379" VPOS="673" WIDTH="18"/>
						<String ID="P243_ST00094" HPOS="397" VPOS="650" WIDTH="15" HEIGHT="15" CONTENT="a" WC="0.10" CC="8"/>
						<SP ID="P243_SP00081" HPOS="412" VPOS="673" WIDTH="22"/>
						<String ID="P243_ST00095" HPOS="434" VPOS="641" WIDTH="96" HEIGHT="24" CONTENT="wether" WC="0.82" CC="000505"/>
						<SP ID="P243_SP00082" HPOS="530" VPOS="673" WIDTH="18"/>
						<String ID="P243_ST00096" HPOS="548" VPOS="643" WIDTH="54" HEIGHT="22" CONTENT="cost" WC="0.63" CC="0066"/>
						<SP ID="P243_SP00083" HPOS="602" VPOS="673" WIDTH="20"/>
						<String ID="P243_ST00097" HPOS="622" VPOS="641" WIDTH="33" HEIGHT="24" CONTENT="6s." WC="0.76" CC="070"/>
						<SP ID="P243_SP00084" HPOS="655" VPOS="673" WIDTH="16"/>
						<String ID="P243_ST00098" HPOS="671" VPOS="641" WIDTH="39" HEIGHT="24" CONTENT="6d." WC="1.00" CC="000"/>
						<String ID="P243_ST00099" HPOS="722" VPOS="649" WIDTH="6" HEIGHT="22" CONTENT=";" WC="0.52" CC="4"/>
						<SP ID="P243_SP00085" HPOS="728" VPOS="673" WIDTH="17"/>
						<String ID="P243_ST00100" HPOS="745" VPOS="649" WIDTH="34" HEIGHT="16" CONTENT="an" WC="0.46" CC="73"/>
						<SP ID="P243_SP00086" HPOS="779" VPOS="673" WIDTH="18"/>
						<String ID="P243_ST00101" HPOS="797" VPOS="649" WIDTH="59" HEIGHT="21" CONTENT="ewe," WC="0.65" CC="0903"/>
						<SP ID="P243_SP00087" HPOS="856" VPOS="673" WIDTH="15"/>
						<String ID="P243_ST00102" HPOS="871" VPOS="641" WIDTH="34" HEIGHT="24" CONTENT="5s." WC="0.60" CC="560"/>
						<SP ID="P243_SP00088" HPOS="905" VPOS="673" WIDTH="16"/>
						<String ID="P243_ST00103" HPOS="921" VPOS="640" WIDTH="39" HEIGHT="25" CONTENT="5d." WC="1.00" CC="000"/>
						<String ID="P243_ST00104" HPOS="971" VPOS="648" WIDTH="6" HEIGHT="22" CONTENT=";" WC="0.62" CC="3"/>
						<SP ID="P243_SP00089" HPOS="977" VPOS="673" WIDTH="19"/>
						<String ID="P243_ST00105" HPOS="996" VPOS="648" WIDTH="14" HEIGHT="16" CONTENT="a" WC="0.01" CC="9"/>
					</TextLine>
					<TextLine ID="P243_TL00015" HPOS="163" VPOS="681" WIDTH="182" HEIGHT="29">
						<String ID="P243_ST00106" HPOS="163" VPOS="681" WIDTH="75" HEIGHT="29" CONTENT="lamb," WC="0.92" CC="10100"/>
						<SP ID="P243_SP00090" HPOS="238" VPOS="710" WIDTH="17"/>
						<String ID="P243_ST00107" HPOS="255" VPOS="682" WIDTH="34" HEIGHT="22" CONTENT="2s." WC="0.48" CC="860"/>
						<SP ID="P243_SP00091" HPOS="289" VPOS="710" WIDTH="16"/>
						<String ID="P243_ST00108" HPOS="305" VPOS="681" WIDTH="40" HEIGHT="23" CONTENT="6d." WC="0.99" CC="000"/>
					</TextLine>
				</TextBlock>
				<TextBlock ID="P243_TB00007" HPOS="163" VPOS="719" WIDTH="847" HEIGHT="111" STYLEREFS="TXT_1 PAR_LEFT">
					<TextLine ID="P243_TL00016" HPOS="198" VPOS="720" WIDTH="812" HEIGHT="33">
						<String ID="P243_ST00109" HPOS="198" VPOS="720" WIDTH="91" HEIGHT="30" CONTENT="Bread," WC="0.78" CC="600600"/>
						<SP ID="P243_SP00092" HPOS="289" VPOS="750" WIDTH="15"/>
						<String ID="P243_ST00110" HPOS="304" VPOS="729" WIDTH="57" HEIGHT="15" CONTENT="now" WC="0.75" CC="700"/>
						<SP ID="P243_SP00093" HPOS="361" VPOS="750" WIDTH="13"/>
						<String ID="P243_ST00111" HPOS="374" VPOS="723" WIDTH="29" HEIGHT="21" CONTENT="at" WC="0.80" CC="04"/>
						<SP ID="P243_SP00094" HPOS="403" VPOS="750" WIDTH="12"/>
						<String ID="P243_ST00112" HPOS="415" VPOS="720" WIDTH="40" HEIGHT="25" CONTENT="7d." WC="1.00" CC="000"/>
						<SP ID="P243_SP00095" HPOS="455" VPOS="750" WIDTH="14"/>
						<String ID="P243_ST00113" HPOS="469" VPOS="720" WIDTH="45" HEIGHT="24" CONTENT="the" WC="0.71" CC="440"/>
						<SP ID="P243_SP00096" HPOS="514" VPOS="750" WIDTH="14"/>
						<String ID="P243_ST00114" HPOS="528" VPOS="720" WIDTH="48" HEIGHT="24" CONTENT="41b." WC="0.83" CC="0600"/>
						<SP ID="P243_SP00097" HPOS="576" VPOS="750" WIDTH="15"/>
						<String ID="P243_ST00115" HPOS="591" VPOS="720" WIDTH="59" HEIGHT="30" CONTENT="loaf," WC="0.96" CC="20000"/>
						<SP ID="P243_SP00098" HPOS="650" VPOS="750" WIDTH="14"/>
						<String ID="P243_ST00116" HPOS="664" VPOS="723" WIDTH="54" HEIGHT="22" CONTENT="cost" WC="0.49" CC="0594"/>
						<SP ID="P243_SP00099" HPOS="718" VPOS="750" WIDTH="15"/>
						<String ID="P243_ST00117" HPOS="733" VPOS="721" WIDTH="33" HEIGHT="23" CONTENT="2s." WC="0.78" CC="060"/>
						<SP ID="P243_SP00100" HPOS="766" VPOS="750" WIDTH="17"/>
						<String ID="P243_ST00118" HPOS="783" VPOS="720" WIDTH="55" HEIGHT="33" CONTENT="6^d." WC="0.69" CC="4800"/>
						<SP ID="P243_SP00101" HPOS="838" VPOS="753" WIDTH="14"/>
						<String ID="P243_ST00119" HPOS="852" VPOS="729" WIDTH="5" HEIGHT="21" CONTENT=";" WC="0.59" CC="4"/>
						<SP ID="P243_SP00102" HPOS="857" VPOS="753" WIDTH="19"/>
						<String ID="P243_ST00120" HPOS="876" VPOS="720" WIDTH="63" HEIGHT="29" CONTENT="beef," WC="0.85" CC="70000"/>
						<SP ID="P243_SP00103" HPOS="939" VPOS="753" WIDTH="15"/>
						<String ID="P243_ST00121" HPOS="954" VPOS="727" WIDTH="56" HEIGHT="16" CONTENT="now" WC="1.00" CC="000"/>
					</TextLine>
					<TextLine ID="P243_TL00017" HPOS="163" VPOS="759" WIDTH="847" HEIGHT="31">
						<String ID="P243_ST00122" HPOS="163" VPOS="760" WIDTH="80" HEIGHT="24" CONTENT="about" WC="0.62" CC="66023"/>
						<SP ID="P243_SP00104" HPOS="243" VPOS="784" WIDTH="15"/>
						<String ID="P243_ST00123" HPOS="258" VPOS="759" WIDTH="73" HEIGHT="27" CONTENT="10?,d." WC="0.75" CC="248000"/>
						<SP ID="P243_SP00105" HPOS="331" VPOS="786" WIDTH="15"/>
						<String ID="P243_ST00124" HPOS="346" VPOS="769" WIDTH="15" HEIGHT="14" CONTENT="a" WC="1.00" CC="0"/>
						<SP ID="P243_SP00106" HPOS="361" VPOS="786" WIDTH="15"/>
						<String ID="P243_ST00125" HPOS="376" VPOS="759" WIDTH="43" HEIGHT="31" CONTENT="lb.," WC="0.89" CC="4000"/>
						<SP ID="P243_SP00107" HPOS="419" VPOS="790" WIDTH="14"/>
						<String ID="P243_ST00126" HPOS="433" VPOS="768" WIDTH="52" HEIGHT="16" CONTENT="was" WC="0.94" CC="001"/>
						<SP ID="P243_SP00108" HPOS="485" VPOS="790" WIDTH="15"/>
						<String ID="P243_ST00127" HPOS="500" VPOS="760" WIDTH="32" HEIGHT="24" CONTENT="Is." WC="0.76" CC="060"/>
						<SP ID="P243_SP00109" HPOS="532" VPOS="790" WIDTH="16"/>
						<String ID="P243_ST00128" HPOS="548" VPOS="759" WIDTH="57" HEIGHT="25" CONTENT="3ld." WC="0.79" CC="0800"/>
						<String ID="P243_ST00129" HPOS="617" VPOS="769" WIDTH="6" HEIGHT="21" CONTENT=";" WC="0.66" CC="3"/>
						<SP ID="P243_SP00110" HPOS="623" VPOS="790" WIDTH="17"/>
						<String ID="P243_ST00130" HPOS="640" VPOS="759" WIDTH="60" HEIGHT="25" CONTENT="beer" WC="0.82" CC="7000"/>
						<SP ID="P243_SP00111" HPOS="700" VPOS="790" WIDTH="18"/>
						<String ID="P243_ST00131" HPOS="718" VPOS="768" WIDTH="51" HEIGHT="15" CONTENT="was" WC="0.77" CC="006"/>
						<SP ID="P243_SP00112" HPOS="769" VPOS="790" WIDTH="18"/>
						<String ID="P243_ST00132" HPOS="787" VPOS="760" WIDTH="74" HEIGHT="23" CONTENT="much" WC="0.59" CC="7107"/>
						<SP ID="P243_SP00113" HPOS="861" VPOS="790" WIDTH="22"/>
						<String ID="P243_ST00133" HPOS="883" VPOS="759" WIDTH="42" HEIGHT="24" CONTENT="the" WC="0.68" CC="260"/>
						<SP ID="P243_SP00114" HPOS="925" VPOS="790" WIDTH="18"/>
						<String ID="P243_ST00134" HPOS="943" VPOS="767" WIDTH="67" HEIGHT="16" CONTENT="same" WC="0.57" CC="6090"/>
					</TextLine>
					<TextLine ID="P243_TL00018" HPOS="165" VPOS="799" WIDTH="726" HEIGHT="31">
						<String ID="P243_ST00135" HPOS="165" VPOS="801" WIDTH="69" HEIGHT="29" CONTENT="price" WC="0.88" CC="00500"/>
						<SP ID="P243_SP00115" HPOS="234" VPOS="830" WIDTH="12"/>
						<String ID="P243_ST00136" HPOS="246" VPOS="808" WIDTH="27" HEIGHT="15" CONTENT="as" WC="0.63" CC="07"/>
						<SP ID="P243_SP00116" HPOS="273" VPOS="830" WIDTH="13"/>
						<String ID="P243_ST00137" HPOS="286" VPOS="809" WIDTH="73" HEIGHT="21" CONTENT="now;" WC="0.70" CC="5006"/>
						<SP ID="P243_SP00117" HPOS="359" VPOS="830" WIDTH="17"/>
						<String ID="P243_ST00138" HPOS="376" VPOS="799" WIDTH="88" HEIGHT="25" CONTENT="cheese" WC="0.84" CC="060030"/>
						<SP ID="P243_SP00118" HPOS="464" VPOS="830" WIDTH="14"/>
						<String ID="P243_ST00139" HPOS="478" VPOS="808" WIDTH="51" HEIGHT="16" CONTENT="was" WC="0.87" CC="003"/>
						<SP ID="P243_SP00119" HPOS="529" VPOS="830" WIDTH="14"/>
						<String ID="P243_ST00140" HPOS="543" VPOS="800" WIDTH="33" HEIGHT="24" CONTENT="Is." WC="0.84" CC="040"/>
						<SP ID="P243_SP00120" HPOS="576" VPOS="830" WIDTH="16"/>
						<String ID="P243_ST00141" HPOS="592" VPOS="799" WIDTH="39" HEIGHT="25" CONTENT="3d." WC="0.92" CC="200"/>
						<SP ID="P243_SP00121" HPOS="631" VPOS="830" WIDTH="15"/>
						<String ID="P243_ST00142" HPOS="646" VPOS="800" WIDTH="101" HEIGHT="30" CONTENT="against" WC="0.56" CC="0403776"/>
						<SP ID="P243_SP00122" HPOS="747" VPOS="830" WIDTH="13"/>
						<String ID="P243_ST00143" HPOS="760" VPOS="799" WIDTH="79" HEIGHT="25" CONTENT="about" WC="0.52" CC="96016"/>
						<SP ID="P243_SP00123" HPOS="839" VPOS="830" WIDTH="13"/>
						<String ID="P243_ST00144" HPOS="852" VPOS="799" WIDTH="39" HEIGHT="25" CONTENT="9d." WC="1.00" CC="000"/>
					</TextLine>
				</TextBlock>
				<TextBlock ID="P243_TB00008" HPOS="162" VPOS="839" WIDTH="853" HEIGHT="190" STYLEREFS="TXT_1 PAR_LEFT">
					<TextLine ID="P243_TL00019" HPOS="198" VPOS="839" WIDTH="812" HEIGHT="32">
						<String ID="P243_ST00145" HPOS="198" VPOS="840" WIDTH="26" HEIGHT="23" CONTENT="A" WC="0.08" CC="9"/>
						<SP ID="P243_SP00124" HPOS="224" VPOS="863" WIDTH="13"/>
						<String ID="P243_ST00146" HPOS="237" VPOS="839" WIDTH="93" HEIGHT="25" CONTENT="soldier" WC="0.83" CC="6000005"/>
						<SP ID="P243_SP00125" HPOS="330" VPOS="864" WIDTH="15"/>
						<String ID="P243_ST00147" HPOS="345" VPOS="839" WIDTH="115" HEIGHT="25" CONTENT="received" WC="0.85" CC="20200600"/>
						<SP ID="P243_SP00126" HPOS="460" VPOS="864" WIDTH="19"/>
						<String ID="P243_ST00148" HPOS="479" VPOS="840" WIDTH="71" HEIGHT="29" CONTENT="eight" WC="0.63" CC="31076"/>
						<SP ID="P243_SP00127" HPOS="550" VPOS="869" WIDTH="18"/>
						<String ID="P243_ST00149" HPOS="568" VPOS="847" WIDTH="78" HEIGHT="24" CONTENT="pence" WC="0.83" CC="00800"/>
						<SP ID="P243_SP00128" HPOS="646" VPOS="871" WIDTH="16"/>
						<String ID="P243_ST00150" HPOS="662" VPOS="848" WIDTH="14" HEIGHT="15" CONTENT="a" WC="1.00" CC="0"/>
						<SP ID="P243_SP00129" HPOS="676" VPOS="871" WIDTH="15"/>
						<String ID="P243_ST00151" HPOS="691" VPOS="840" WIDTH="56" HEIGHT="31" CONTENT="day," WC="0.66" CC="0904"/>
						<SP ID="P243_SP00130" HPOS="747" VPOS="871" WIDTH="15"/>
						<String ID="P243_ST00152" HPOS="762" VPOS="847" WIDTH="15" HEIGHT="16" CONTENT="a" WC="1.00" CC="0"/>
						<SP ID="P243_SP00131" HPOS="777" VPOS="871" WIDTH="14"/>
						<String ID="P243_ST00153" HPOS="791" VPOS="840" WIDTH="129" HEIGHT="23" CONTENT="workman" WC="0.56" CC="0059490"/>
						<SP ID="P243_SP00132" HPOS="920" VPOS="871" WIDTH="13"/>
						<String ID="P243_ST00154" HPOS="933" VPOS="839" WIDTH="77" HEIGHT="24" CONTENT="about" WC="0.61" CC="81053"/>
					</TextLine>
					<TextLine ID="P243_TL00020" HPOS="163" VPOS="879" WIDTH="848" HEIGHT="32">
						<String ID="P243_ST00155" HPOS="163" VPOS="882" WIDTH="45" HEIGHT="20" CONTENT="ten" WC="0.53" CC="607"/>
						<SP ID="P243_SP00133" HPOS="208" VPOS="902" WIDTH="17"/>
						<String ID="P243_ST00156" HPOS="225" VPOS="887" WIDTH="85" HEIGHT="24" CONTENT="pence," WC="0.84" CC="600002"/>
						<SP ID="P243_SP00134" HPOS="310" VPOS="911" WIDTH="15"/>
						<String ID="P243_ST00157" HPOS="325" VPOS="887" WIDTH="15" HEIGHT="15" CONTENT="a" WC="0.01" CC="9"/>
						<SP ID="P243_SP00135" HPOS="340" VPOS="911" WIDTH="18"/>
						<String ID="P243_ST00158" HPOS="358" VPOS="887" WIDTH="89" HEIGHT="24" CONTENT="reaper" WC="0.84" CC="020006"/>
						<SP ID="P243_SP00136" HPOS="447" VPOS="911" WIDTH="17"/>
						<String ID="P243_ST00159" HPOS="464" VPOS="879" WIDTH="71" HEIGHT="23" CONTENT="three" WC="0.73" CC="05430"/>
						<SP ID="P243_SP00137" HPOS="535" VPOS="911" WIDTH="17"/>
						<String ID="P243_ST00160" HPOS="552" VPOS="879" WIDTH="116" HEIGHT="31" CONTENT="shillings" WC="0.60" CC="950411604"/>
						<SP ID="P243_SP00138" HPOS="668" VPOS="911" WIDTH="15"/>
						<String ID="P243_ST00161" HPOS="683" VPOS="887" WIDTH="45" HEIGHT="23" CONTENT="per" WC="0.80" CC="006"/>
						<SP ID="P243_SP00139" HPOS="728" VPOS="911" WIDTH="16"/>
						<String ID="P243_ST00162" HPOS="744" VPOS="887" WIDTH="62" HEIGHT="21" CONTENT="acre," WC="0.91" CC="00300"/>
						<SP ID="P243_SP00140" HPOS="806" VPOS="911" WIDTH="15"/>
						<String ID="P243_ST00163" HPOS="821" VPOS="887" WIDTH="15" HEIGHT="15" CONTENT="a" WC="0.27" CC="7"/>
						<SP ID="P243_SP00141" HPOS="836" VPOS="911" WIDTH="16"/>
						<String ID="P243_ST00164" HPOS="852" VPOS="887" WIDTH="114" HEIGHT="15" CONTENT="common" WC="0.67" CC="049015"/>
						<SP ID="P243_SP00142" HPOS="966" VPOS="911" WIDTH="12"/>
						<String ID="P243_ST00165" HPOS="978" VPOS="879" WIDTH="33" HEIGHT="23" CONTENT="la" SUBS_TYPE="HypPart1" SUBS_CONTENT="labourer" WC="0.90" CC="101"/>
						<HYP CONTENT="-"/>
					</TextLine>
					<TextLine ID="P243_TL00021" HPOS="163" VPOS="919" WIDTH="849" HEIGHT="32">
						<String ID="P243_ST00166" HPOS="163" VPOS="919" WIDTH="93" HEIGHT="24" CONTENT="bourer" SUBS_TYPE="HypPart2" SUBS_CONTENT="labourer" WC="0.34" CC="756909"/>
						<SP ID="P243_SP00143" HPOS="256" VPOS="943" WIDTH="12"/>
						<String ID="P243_ST00167" HPOS="268" VPOS="919" WIDTH="65" HEIGHT="23" CONTENT="from" WC="0.93" CC="0200"/>
						<SP ID="P243_SP00144" HPOS="333" VPOS="943" WIDTH="15"/>
						<String ID="P243_ST00168" HPOS="348" VPOS="919" WIDTH="71" HEIGHT="23" CONTENT="three" WC="0.83" CC="17000"/>
						<SP ID="P243_SP00145" HPOS="419" VPOS="943" WIDTH="13"/>
						<String ID="P243_ST00169" HPOS="432" VPOS="919" WIDTH="142" HEIGHT="31" CONTENT="half-pence" WC="0.64" CC="7955100600"/>
						<SP ID="P243_SP00146" HPOS="574" VPOS="950" WIDTH="12"/>
						<String ID="P243_ST00170" HPOS="586" VPOS="921" WIDTH="27" HEIGHT="21" CONTENT="to" WC="0.70" CC="50"/>
						<SP ID="P243_SP00147" HPOS="613" VPOS="950" WIDTH="13"/>
						<String ID="P243_ST00171" HPOS="626" VPOS="919" WIDTH="58" HEIGHT="23" CONTENT="four" WC="0.73" CC="7020"/>
						<SP ID="P243_SP00148" HPOS="684" VPOS="950" WIDTH="11"/>
						<String ID="P243_ST00172" HPOS="695" VPOS="927" WIDTH="78" HEIGHT="24" CONTENT="pence" WC="0.83" CC="00620"/>
						<SP ID="P243_SP00149" HPOS="773" VPOS="951" WIDTH="13"/>
						<String ID="P243_ST00173" HPOS="786" VPOS="928" WIDTH="14" HEIGHT="14" CONTENT="a" WC="1.00" CC="0"/>
						<SP ID="P243_SP00150" HPOS="800" VPOS="951" WIDTH="10"/>
						<String ID="P243_ST00174" HPOS="810" VPOS="919" WIDTH="56" HEIGHT="31" CONTENT="day." WC="0.74" CC="0900"/>
						<SP ID="P243_SP00151" HPOS="866" VPOS="951" WIDTH="38"/>
						<String ID="P243_ST00175" HPOS="904" VPOS="919" WIDTH="45" HEIGHT="22" CONTENT="See" WC="0.75" CC="700"/>
						<SP ID="P243_SP00152" HPOS="949" VPOS="951" WIDTH="11"/>
						<String ID="P243_ST00176" HPOS="960" VPOS="919" WIDTH="52" HEIGHT="22" CONTENT="also" WC="0.50" CC="0495"/>
					</TextLine>
					<TextLine ID="P243_TL00022" HPOS="164" VPOS="958" WIDTH="851" HEIGHT="33">
						<String ID="P243_ST00177" HPOS="164" VPOS="967" WIDTH="15" HEIGHT="15" CONTENT="a" WC="0.31" CC="6"/>
						<SP ID="P243_SP00153" HPOS="179" VPOS="982" WIDTH="18"/>
						<String ID="P243_ST00178" HPOS="197" VPOS="967" WIDTH="79" HEIGHT="24" CONTENT="paper" WC="0.68" CC="06900"/>
						<SP ID="P243_SP00154" HPOS="276" VPOS="991" WIDTH="17"/>
						<String ID="P243_ST00179" HPOS="293" VPOS="959" WIDTH="28" HEIGHT="22" CONTENT="in" WC="0.37" CC="48"/>
						<SP ID="P243_SP00155" HPOS="321" VPOS="991" WIDTH="19"/>
						<String ID="P243_ST00180" HPOS="340" VPOS="958" WIDTH="79" HEIGHT="24" CONTENT="Arch." WC="0.60" CC="06760"/>
						<SP ID="P243_SP00156" HPOS="419" VPOS="991" WIDTH="17"/>
						<String ID="P243_ST00181" HPOS="436" VPOS="958" WIDTH="75" HEIGHT="24" CONTENT="Cant." WC="0.61" CC="70560"/>
						<SP ID="P243_SP00157" HPOS="511" VPOS="991" WIDTH="18"/>
						<String ID="P243_ST00182" HPOS="529" VPOS="958" WIDTH="94" HEIGHT="24" CONTENT="XXII." WC="0.68" CC="78000"/>
						<SP ID="P243_SP00158" HPOS="623" VPOS="991" WIDTH="17"/>
						<String ID="P243_ST00183" HPOS="640" VPOS="958" WIDTH="34" HEIGHT="33" CONTENT="by" WC="0.67" CC="60"/>
						<SP ID="P243_SP00159" HPOS="674" VPOS="991" WIDTH="16"/>
						<String ID="P243_ST00184" HPOS="690" VPOS="958" WIDTH="81" HEIGHT="24" CONTENT="Revd." WC="0.57" CC="60590"/>
						<SP ID="P243_SP00160" HPOS="771" VPOS="991" WIDTH="18"/>
						<String ID="P243_ST00185" HPOS="789" VPOS="958" WIDTH="27" HEIGHT="24" CONTENT="C." WC="0.69" CC="50"/>
						<SP ID="P243_SP00161" HPOS="816" VPOS="991" WIDTH="19"/>
						<String ID="P243_ST00186" HPOS="835" VPOS="959" WIDTH="28" HEIGHT="23" CONTENT="E." WC="0.85" CC="20"/>
						<SP ID="P243_SP00162" HPOS="863" VPOS="991" WIDTH="15"/>
						<String ID="P243_ST00187" HPOS="878" VPOS="958" WIDTH="137" HEIGHT="24" CONTENT="AVoodruff" WC="0.86" CC="000404300"/>
					</TextLine>
					<TextLine ID="P243_TL00023" HPOS="164" VPOS="998" WIDTH="800" HEIGHT="31">
						<String ID="P243_ST00188" HPOS="164" VPOS="1007" WIDTH="69" HEIGHT="22" CONTENT="upon" WC="0.72" CC="2008"/>
						<SP ID="P243_SP00163" HPOS="233" VPOS="1029" WIDTH="13"/>
						<String ID="P243_ST00189" HPOS="246" VPOS="1007" WIDTH="84" HEIGHT="22" CONTENT="wages" WC="0.80" CC="03006"/>
						<SP ID="P243_SP00164" HPOS="330" VPOS="1029" WIDTH="12"/>
						<String ID="P243_ST00190" HPOS="342" VPOS="998" WIDTH="60" HEIGHT="31" CONTENT="paid" WC="0.89" CC="0400"/>
						<SP ID="P243_SP00165" HPOS="402" VPOS="1029" WIDTH="12"/>
						<String ID="P243_ST00191" HPOS="414" VPOS="998" WIDTH="27" HEIGHT="24" CONTENT="in" WC="0.81" CC="12"/>
						<SP ID="P243_SP00166" HPOS="441" VPOS="1029" WIDTH="14"/>
						<String ID="P243_ST00192" HPOS="455" VPOS="998" WIDTH="146" HEIGHT="24" CONTENT="Maidstone" WC="0.79" CC="600065000"/>
						<SP ID="P243_SP00167" HPOS="601" VPOS="1029" WIDTH="12"/>
						<String ID="P243_ST00193" HPOS="613" VPOS="998" WIDTH="94" HEIGHT="31" CONTENT="during" WC="0.91" CC="000050"/>
						<SP ID="P243_SP00168" HPOS="707" VPOS="1029" WIDTH="13"/>
						<String ID="P243_ST00194" HPOS="720" VPOS="998" WIDTH="153" HEIGHT="25" CONTENT="Elizabeth's" WC="0.62" CC="10540746732"/>
						<SP ID="P243_SP00169" HPOS="873" VPOS="1029" WIDTH="13"/>
						<String ID="P243_ST00195" HPOS="886" VPOS="999" WIDTH="78" HEIGHT="30" CONTENT="reign." WC="0.84" CC="300050"/>
					</TextLine>
				</TextBlock>
				<TextBlock ID="P243_TB00009" HPOS="163" VPOS="1037" WIDTH="847" HEIGHT="271" STYLEREFS="TXT_1 PAR_LEFT">
					<TextLine ID="P243_TL00024" HPOS="198" VPOS="1038" WIDTH="812" HEIGHT="32">
						<String ID="P243_ST00196" HPOS="198" VPOS="1038" WIDTH="50" HEIGHT="24" CONTENT="AA*e" WC="0.75" CC="0900"/>
						<SP ID="P243_SP00170" HPOS="248" VPOS="1062" WIDTH="24"/>
						<String ID="P243_ST00197" HPOS="272" VPOS="1038" WIDTH="132" HEIGHT="24" CONTENT="described" WC="0.81" CC="006401300"/>
						<SP ID="P243_SP00171" HPOS="404" VPOS="1062" WIDTH="29"/>
						<String ID="P243_ST00198" HPOS="433" VPOS="1038" WIDTH="155" HEIGHT="24" CONTENT="Elizabeth's" WC="0.72" CC="12008006613"/>
						<SP ID="P243_SP00172" HPOS="588" VPOS="1062" WIDTH="24"/>
						<String ID="P243_ST00199" HPOS="612" VPOS="1046" WIDTH="115" HEIGHT="24" CONTENT="progress" WC="0.88" CC="00009000"/>
						<SP ID="P243_SP00173" HPOS="727" VPOS="1070" WIDTH="24"/>
						<String ID="P243_ST00200" HPOS="751" VPOS="1038" WIDTH="112" HEIGHT="32" CONTENT="through" WC="0.69" CC="6700106"/>
						<SP ID="P243_SP00174" HPOS="863" VPOS="1070" WIDTH="24"/>
						<String ID="P243_ST00201" HPOS="887" VPOS="1038" WIDTH="73" HEIGHT="24" CONTENT="Kent" WC="0.82" CC="0070"/>
						<SP ID="P243_SP00175" HPOS="960" VPOS="1070" WIDTH="24"/>
						<String ID="P243_ST00202" HPOS="984" VPOS="1038" WIDTH="26" HEIGHT="23" CONTENT="in" WC="0.41" CC="38"/>
					</TextLine>
					<TextLine ID="P243_TL00025" HPOS="165" VPOS="1077" WIDTH="845" HEIGHT="32">
						<String ID="P243_ST00203" HPOS="165" VPOS="1078" WIDTH="73" HEIGHT="29" CONTENT="1573," WC="0.82" CC="03013"/>
						<SP ID="P243_SP00176" HPOS="238" VPOS="1107" WIDTH="16"/>
						<String ID="P243_ST00204" HPOS="254" VPOS="1077" WIDTH="51" HEIGHT="24" CONTENT="and" WC="0.94" CC="010"/>
						<SP ID="P243_SP00177" HPOS="305" VPOS="1107" WIDTH="13"/>
						<String ID="P243_ST00205" HPOS="318" VPOS="1085" WIDTH="37" HEIGHT="16" CONTENT="we" WC="1.00" CC="00"/>
						<SP ID="P243_SP00178" HPOS="355" VPOS="1107" WIDTH="19"/>
						<String ID="P243_ST00206" HPOS="374" VPOS="1077" WIDTH="100" HEIGHT="32" CONTENT="append" WC="0.92" CC="000040"/>
						<SP ID="P243_SP00179" HPOS="474" VPOS="1109" WIDTH="19"/>
						<String ID="P243_ST00207" HPOS="493" VPOS="1085" WIDTH="68" HEIGHT="16" CONTENT="some" WC="0.69" CC="6500"/>
						<SP ID="P243_SP00180" HPOS="561" VPOS="1109" WIDTH="18"/>
						<String ID="P243_ST00208" HPOS="579" VPOS="1081" WIDTH="121" HEIGHT="21" CONTENT="accounts" WC="0.79" CC="00233104"/>
						<SP ID="P243_SP00181" HPOS="700" VPOS="1109" WIDTH="18"/>
						<String ID="P243_ST00209" HPOS="718" VPOS="1079" WIDTH="66" HEIGHT="22" CONTENT="from" WC="1.00" CC="0000"/>
						<SP ID="P243_SP00182" HPOS="784" VPOS="1109" WIDTH="16"/>
						<String ID="P243_ST00210" HPOS="800" VPOS="1078" WIDTH="44" HEIGHT="23" CONTENT="the" WC="0.60" CC="560"/>
						<SP ID="P243_SP00183" HPOS="844" VPOS="1109" WIDTH="13"/>
						<String ID="P243_ST00211" HPOS="857" VPOS="1077" WIDTH="153" HEIGHT="24" CONTENT="Faversham" WC="0.68" CC="606000780"/>
					</TextLine>
					<TextLine ID="P243_TL00026" HPOS="165" VPOS="1117" WIDTH="845" HEIGHT="33">
						<String ID="P243_ST00212" HPOS="165" VPOS="1118" WIDTH="133" HEIGHT="31" CONTENT="Registers" WC="0.73" CC="708042001"/>
						<SP ID="P243_SP00184" HPOS="298" VPOS="1149" WIDTH="14"/>
						<String ID="P243_ST00213" HPOS="312" VPOS="1117" WIDTH="26" HEIGHT="24" CONTENT="of" WC="0.82" CC="30"/>
						<SP ID="P243_SP00185" HPOS="338" VPOS="1149" WIDTH="18"/>
						<String ID="P243_ST00214" HPOS="356" VPOS="1118" WIDTH="58" HEIGHT="22" CONTENT="that" WC="0.69" CC="0605"/>
						<SP ID="P243_SP00186" HPOS="414" VPOS="1149" WIDTH="13"/>
						<String ID="P243_ST00215" HPOS="427" VPOS="1125" WIDTH="67" HEIGHT="24" CONTENT="year," WC="0.73" CC="02640"/>
						<SP ID="P243_SP00187" HPOS="494" VPOS="1149" WIDTH="12"/>
						<String ID="P243_ST00216" HPOS="506" VPOS="1118" WIDTH="83" HEIGHT="23" CONTENT="which" WC="0.66" CC="02247"/>
						<SP ID="P243_SP00188" HPOS="589" VPOS="1149" WIDTH="13"/>
						<String ID="P243_ST00217" HPOS="602" VPOS="1118" WIDTH="56" HEIGHT="32" CONTENT="give" WC="0.81" CC="0250"/>
						<SP ID="P243_SP00189" HPOS="658" VPOS="1150" WIDTH="14"/>
						<String ID="P243_ST00218" HPOS="672" VPOS="1126" WIDTH="67" HEIGHT="15" CONTENT="some" WC="0.91" CC="2000"/>
						<SP ID="P243_SP00190" HPOS="739" VPOS="1150" WIDTH="12"/>
						<String ID="P243_ST00219" HPOS="751" VPOS="1118" WIDTH="56" HEIGHT="23" CONTENT="idea" WC="0.75" CC="1008"/>
						<SP ID="P243_SP00191" HPOS="807" VPOS="1150" WIDTH="14"/>
						<String ID="P243_ST00220" HPOS="821" VPOS="1118" WIDTH="26" HEIGHT="23" CONTENT="of" WC="1.00" CC="00"/>
						<SP ID="P243_SP00192" HPOS="847" VPOS="1150" WIDTH="18"/>
						<String ID="P243_ST00221" HPOS="865" VPOS="1118" WIDTH="56" HEIGHT="23" CONTENT="how" WC="0.75" CC="700"/>
						<SP ID="P243_SP00193" HPOS="921" VPOS="1150" WIDTH="10"/>
						<String ID="P243_ST00222" HPOS="931" VPOS="1118" WIDTH="79" HEIGHT="31" CONTENT="costly" WC="0.71" CC="027510"/>
					</TextLine>
					<TextLine ID="P243_TL00027" HPOS="164" VPOS="1157" WIDTH="846" HEIGHT="33">
						<String ID="P243_ST00223" HPOS="164" VPOS="1166" WIDTH="14" HEIGHT="14" CONTENT="a" WC="1.00" CC="0"/>
						<SP ID="P243_SP00194" HPOS="178" VPOS="1180" WIDTH="13"/>
						<String ID="P243_ST00224" HPOS="191" VPOS="1160" WIDTH="96" HEIGHT="20" CONTENT="matter" WC="0.63" CC="094403"/>
						<SP ID="P243_SP00195" HPOS="287" VPOS="1180" WIDTH="12"/>
						<String ID="P243_ST00225" HPOS="299" VPOS="1157" WIDTH="22" HEIGHT="23" CONTENT="it" WC="0.67" CC="06"/>
						<SP ID="P243_SP00196" HPOS="321" VPOS="1180" WIDTH="13"/>
						<String ID="P243_ST00226" HPOS="334" VPOS="1166" WIDTH="52" HEIGHT="15" CONTENT="was" WC="0.87" CC="003"/>
						<SP ID="P243_SP00197" HPOS="386" VPOS="1181" WIDTH="17"/>
						<String ID="P243_ST00227" HPOS="403" VPOS="1161" WIDTH="26" HEIGHT="20" CONTENT="to" WC="0.72" CC="05"/>
						<SP ID="P243_SP00198" HPOS="429" VPOS="1181" WIDTH="17"/>
						<String ID="P243_ST00228" HPOS="446" VPOS="1158" WIDTH="130" HEIGHT="23" CONTENT="entertain" WC="0.69" CC="083023046"/>
						<SP ID="P243_SP00199" HPOS="576" VPOS="1181" WIDTH="16"/>
						<String ID="P243_ST00229" HPOS="592" VPOS="1157" WIDTH="56" HEIGHT="24" CONTENT="Her" WC="0.82" CC="500"/>
						<SP ID="P243_SP00200" HPOS="648" VPOS="1181" WIDTH="16"/>
						<String ID="P243_ST00230" HPOS="664" VPOS="1157" WIDTH="120" HEIGHT="33" CONTENT="Majesty," WC="0.91" CC="00000600"/>
						<SP ID="P243_SP00201" HPOS="784" VPOS="1190" WIDTH="15"/>
						<String ID="P243_ST00231" HPOS="799" VPOS="1157" WIDTH="51" HEIGHT="24" CONTENT="and" WC="0.38" CC="980"/>
						<SP ID="P243_SP00202" HPOS="850" VPOS="1190" WIDTH="19"/>
						<String ID="P243_ST00232" HPOS="869" VPOS="1157" WIDTH="51" HEIGHT="24" CONTENT="this" WC="0.68" CC="0605"/>
						<SP ID="P243_SP00203" HPOS="920" VPOS="1190" WIDTH="18"/>
						<String ID="P243_ST00233" HPOS="938" VPOS="1157" WIDTH="72" HEIGHT="24" CONTENT="with" SUBS_TYPE="HypPart1" SUBS_CONTENT="without" WC="0.80" CC="00270"/>
						<HYP CONTENT="-"/>
					</TextLine>
					<TextLine ID="P243_TL00028" HPOS="163" VPOS="1196" WIDTH="847" HEIGHT="33">
						<String ID="P243_ST00234" HPOS="163" VPOS="1201" WIDTH="47" HEIGHT="20" CONTENT="out" SUBS_TYPE="HypPart2" SUBS_CONTENT="without" WC="0.46" CC="906"/>
						<SP ID="P243_SP00204" HPOS="210" VPOS="1221" WIDTH="30"/>
						<String ID="P243_ST00235" HPOS="240" VPOS="1196" WIDTH="161" HEIGHT="32" CONTENT="considering" WC="0.62" CC="04465000569"/>
						<SP ID="P243_SP00205" HPOS="401" VPOS="1228" WIDTH="24"/>
						<String ID="P243_ST00236" HPOS="425" VPOS="1197" WIDTH="44" HEIGHT="24" CONTENT="the" WC="0.89" CC="030"/>
						<SP ID="P243_SP00206" HPOS="469" VPOS="1228" WIDTH="24"/>
						<String ID="P243_ST00237" HPOS="493" VPOS="1206" WIDTH="110" HEIGHT="22" CONTENT="expense" WC="1.00" CC="0000000"/>
						<SP ID="P243_SP00207" HPOS="603" VPOS="1228" WIDTH="23"/>
						<String ID="P243_ST00238" HPOS="626" VPOS="1197" WIDTH="119" HEIGHT="24" CONTENT="incurred" WC="0.75" CC="38007000"/>
						<SP ID="P243_SP00208" HPOS="745" VPOS="1228" WIDTH="29"/>
						<String ID="P243_ST00239" HPOS="774" VPOS="1197" WIDTH="36" HEIGHT="32" CONTENT="by" WC="0.69" CC="60"/>
						<SP ID="P243_SP00209" HPOS="810" VPOS="1229" WIDTH="26"/>
						<String ID="P243_ST00240" HPOS="836" VPOS="1197" WIDTH="45" HEIGHT="24" CONTENT="the" WC="0.57" CC="570"/>
						<SP ID="P243_SP00210" HPOS="881" VPOS="1229" WIDTH="30"/>
						<String ID="P243_ST00241" HPOS="911" VPOS="1197" WIDTH="99" HEIGHT="31" CONTENT="private" WC="0.63" CC="7019006"/>
					</TextLine>
					<TextLine ID="P243_TL00029" HPOS="163" VPOS="1237" WIDTH="847" HEIGHT="29">
						<String ID="P243_ST00242" HPOS="163" VPOS="1237" WIDTH="145" HEIGHT="24" CONTENT="individual" WC="0.85" CC="0003500500"/>
						<SP ID="P243_SP00211" HPOS="308" VPOS="1261" WIDTH="23"/>
						<String ID="P243_ST00243" HPOS="331" VPOS="1237" WIDTH="85" HEIGHT="24" CONTENT="whose" WC="0.80" CC="02150"/>
						<SP ID="P243_SP00212" HPOS="416" VPOS="1261" WIDTH="24"/>
						<String ID="P243_ST00244" HPOS="440" VPOS="1237" WIDTH="78" HEIGHT="24" CONTENT="house" WC="0.77" CC="70040"/>
						<SP ID="P243_SP00213" HPOS="518" VPOS="1261" WIDTH="18"/>
						<String ID="P243_ST00245" HPOS="536" VPOS="1237" WIDTH="44" HEIGHT="24" CONTENT="she" WC="0.69" CC="630"/>
						<SP ID="P243_SP00214" HPOS="580" VPOS="1261" WIDTH="19"/>
						<String ID="P243_ST00246" HPOS="599" VPOS="1237" WIDTH="137" HEIGHT="29" CONTENT="honoured," WC="0.68" CC="607355000"/>
						<SP ID="P243_SP00215" HPOS="736" VPOS="1266" WIDTH="18"/>
						<String ID="P243_ST00247" HPOS="754" VPOS="1238" WIDTH="143" HEIGHT="23" CONTENT="sometimes" WC="0.77" CC="505035000"/>
						<SP ID="P243_SP00216" HPOS="897" VPOS="1266" WIDTH="19"/>
						<String ID="P243_ST00248" HPOS="916" VPOS="1237" WIDTH="62" HEIGHT="24" CONTENT="with" WC="0.52" CC="9305"/>
						<SP ID="P243_SP00217" HPOS="978" VPOS="1266" WIDTH="19"/>
						<String ID="P243_ST00249" HPOS="997" VPOS="1245" WIDTH="13" HEIGHT="16" CONTENT="a" WC="1.00" CC="0"/>
					</TextLine>
					<TextLine ID="P243_TL00030" HPOS="163" VPOS="1276" WIDTH="424" HEIGHT="32">
						<String ID="P243_ST00250" HPOS="163" VPOS="1278" WIDTH="105" HEIGHT="30" CONTENT="sojourn" WC="0.75" CC="0040507"/>
						<SP ID="P243_SP00218" HPOS="268" VPOS="1308" WIDTH="13"/>
						<String ID="P243_ST00251" HPOS="281" VPOS="1276" WIDTH="26" HEIGHT="24" CONTENT="of" WC="1.00" CC="00"/>
						<SP ID="P243_SP00219" HPOS="307" VPOS="1308" WIDTH="18"/>
						<String ID="P243_ST00252" HPOS="325" VPOS="1284" WIDTH="68" HEIGHT="16" CONTENT="more" WC="0.88" CC="0030"/>
						<SP ID="P243_SP00220" HPOS="393" VPOS="1308" WIDTH="13"/>
						<String ID="P243_ST00253" HPOS="406" VPOS="1277" WIDTH="64" HEIGHT="23" CONTENT="than" WC="0.59" CC="2615"/>
						<SP ID="P243_SP00221" HPOS="470" VPOS="1308" WIDTH="14"/>
						<String ID="P243_ST00254" HPOS="484" VPOS="1285" WIDTH="14" HEIGHT="15" CONTENT="a" WC="0.34" CC="6"/>
						<SP ID="P243_SP00222" HPOS="498" VPOS="1308" WIDTH="13"/>
						<String ID="P243_ST00255" HPOS="511" VPOS="1277" WIDTH="76" HEIGHT="23" CONTENT="week." WC="0.95" CC="02000"/>
					</TextLine>
				</TextBlock>
				<TextBlock ID="P243_TB00010" HPOS="160" VPOS="1315" WIDTH="852" HEIGHT="229" STYLEREFS="TXT_1 PAR_LEFT">
					<TextLine ID="P243_TL00031" HPOS="198" VPOS="1316" WIDTH="812" HEIGHT="31">
						<String ID="P243_ST00256" HPOS="198" VPOS="1319" WIDTH="14" HEIGHT="11" CONTENT='"' WC="0.96" CC="0"/>
						<SP ID="P243_SP00223" HPOS="212" VPOS="1330" WIDTH="11"/>
						<String ID="P243_ST00257" HPOS="223" VPOS="1317" WIDTH="83" HEIGHT="23" CONTENT="Drum" WC="0.63" CC="0904"/>
						<SP ID="P243_SP00224" HPOS="306" VPOS="1340" WIDTH="22"/>
						<String ID="P243_ST00258" HPOS="328" VPOS="1316" WIDTH="50" HEIGHT="23" CONTENT="and" WC="0.75" CC="070"/>
						<SP ID="P243_SP00225" HPOS="378" VPOS="1340" WIDTH="21"/>
						<String ID="P243_ST00259" HPOS="399" VPOS="1317" WIDTH="62" HEIGHT="23" CONTENT="flute" WC="1.00" CC="00000"/>
						<SP ID="P243_SP00226" HPOS="461" VPOS="1340" WIDTH="20"/>
						<String ID="P243_ST00260" HPOS="481" VPOS="1319" WIDTH="76" HEIGHT="27" CONTENT="coats," WC="0.62" CC="740163"/>
						<SP ID="P243_SP00227" HPOS="557" VPOS="1346" WIDTH="16"/>
						<String ID="P243_ST00261" HPOS="573" VPOS="1317" WIDTH="34" HEIGHT="23" CONTENT="4s." WC="0.44" CC="950"/>
						<SP ID="P243_SP00228" HPOS="607" VPOS="1346" WIDTH="17"/>
						<String ID="P243_ST00262" HPOS="624" VPOS="1317" WIDTH="38" HEIGHT="23" CONTENT="8d." WC="1.00" CC="000"/>
						<String ID="P243_ST00263" HPOS="674" VPOS="1325" WIDTH="7" HEIGHT="22" CONTENT=";" WC="0.42" CC="5"/>
						<SP ID="P243_SP00229" HPOS="681" VPOS="1347" WIDTH="25"/>
						<String ID="P243_ST00264" HPOS="706" VPOS="1317" WIDTH="67" HEIGHT="23" CONTENT="Bear" WC="0.60" CC="5054"/>
						<SP ID="P243_SP00230" HPOS="773" VPOS="1347" WIDTH="18"/>
						<String ID="P243_ST00265" HPOS="791" VPOS="1316" WIDTH="90" HEIGHT="29" CONTENT="wards," WC="0.84" CC="003042"/>
						<SP ID="P243_SP00231" HPOS="881" VPOS="1347" WIDTH="21"/>
						<String ID="P243_ST00266" HPOS="902" VPOS="1317" WIDTH="33" HEIGHT="23" CONTENT="6s." WC="0.77" CC="060"/>
						<SP ID="P243_SP00232" HPOS="935" VPOS="1347" WIDTH="22"/>
						<String ID="P243_ST00267" HPOS="957" VPOS="1316" WIDTH="39" HEIGHT="24" CONTENT="8d." WC="0.90" CC="200"/>
						<String ID="P243_ST00268" HPOS="1005" VPOS="1325" WIDTH="5" HEIGHT="21" CONTENT=";" WC="0.47" CC="5"/>
					</TextLine>
					<TextLine ID="P243_TL00032" HPOS="164" VPOS="1356" WIDTH="847" HEIGHT="31">
						<String ID="P243_ST00269" HPOS="164" VPOS="1358" WIDTH="10" HEIGHT="23" CONTENT="1" WC="0.68" CC="3"/>
						<SP ID="P243_SP00233" HPOS="174" VPOS="1381" WIDTH="16"/>
						<String ID="P243_ST00270" HPOS="190" VPOS="1356" WIDTH="80" HEIGHT="24" CONTENT="dozen" WC="0.87" CC="00006"/>
						<SP ID="P243_SP00234" HPOS="270" VPOS="1381" WIDTH="14"/>
						<String ID="P243_ST00271" HPOS="284" VPOS="1356" WIDTH="100" HEIGHT="24" CONTENT="torches" WC="0.78" CC="0000608"/>
						<SP ID="P243_SP00235" HPOS="384" VPOS="1381" WIDTH="11"/>
						<String ID="P243_ST00272" HPOS="395" VPOS="1356" WIDTH="51" HEIGHT="24" CONTENT="and" WC="0.77" CC="060"/>
						<SP ID="P243_SP00236" HPOS="446" VPOS="1381" WIDTH="10"/>
						<String ID="P243_ST00273" HPOS="456" VPOS="1357" WIDTH="30" HEIGHT="23" CONTENT="24" WC="0.62" CC="07"/>
						<SP ID="P243_SP00237" HPOS="486" VPOS="1381" WIDTH="11"/>
						<String ID="P243_ST00274" HPOS="497" VPOS="1357" WIDTH="76" HEIGHT="29" CONTENT="links," WC="0.54" CC="746071"/>
						<SP ID="P243_SP00238" HPOS="573" VPOS="1386" WIDTH="14"/>
						<String ID="P243_ST00275" HPOS="587" VPOS="1356" WIDTH="49" HEIGHT="24" CONTENT="16s." WC="0.59" CC="4470"/>
						<SP ID="P243_SP00239" HPOS="636" VPOS="1386" WIDTH="13"/>
						<String ID="P243_ST00276" HPOS="649" VPOS="1356" WIDTH="40" HEIGHT="24" CONTENT="Od." WC="0.78" CC="600"/>
						<String ID="P243_ST00277" HPOS="697" VPOS="1366" WIDTH="6" HEIGHT="21" CONTENT=";" WC="0.34" CC="6"/>
						<SP ID="P243_SP00240" HPOS="703" VPOS="1387" WIDTH="19"/>
						<String ID="P243_ST00278" HPOS="722" VPOS="1356" WIDTH="160" HEIGHT="30" CONTENT="couchemen," WC="0.82" CC="0010700071"/>
						<SP ID="P243_SP00241" HPOS="882" VPOS="1387" WIDTH="12"/>
						<String ID="P243_ST00279" HPOS="894" VPOS="1356" WIDTH="50" HEIGHT="24" CONTENT="10s." WC="0.89" CC="0220"/>
						<SP ID="P243_SP00242" HPOS="944" VPOS="1387" WIDTH="13"/>
						<String ID="P243_ST00280" HPOS="957" VPOS="1356" WIDTH="39" HEIGHT="24" CONTENT="Od." WC="0.88" CC="300"/>
						<String ID="P243_ST00281" HPOS="1005" VPOS="1365" WIDTH="6" HEIGHT="21" CONTENT=";" WC="0.36" CC="6"/>
					</TextLine>
					<TextLine ID="P243_TL00033" HPOS="163" VPOS="1396" WIDTH="849" HEIGHT="32">
						<String ID="P243_ST00282" HPOS="163" VPOS="1397" WIDTH="174" HEIGHT="31" CONTENT="pursuivants," WC="0.82" CC="010242600120"/>
						<SP ID="P243_SP00243" HPOS="337" VPOS="1428" WIDTH="17"/>
						<String ID="P243_ST00283" HPOS="354" VPOS="1396" WIDTH="51" HEIGHT="25" CONTENT="10s." WC="0.65" CC="0372"/>
						<SP ID="P243_SP00244" HPOS="405" VPOS="1428" WIDTH="15"/>
						<String ID="P243_ST00284" HPOS="420" VPOS="1396" WIDTH="39" HEIGHT="24" CONTENT="Od." WC="0.88" CC="300"/>
						<SP ID="P243_SP00245" HPOS="459" VPOS="1428" WIDTH="13"/>
						<String ID="P243_ST00285" HPOS="472" VPOS="1405" WIDTH="6" HEIGHT="21" CONTENT=";" WC="0.84" CC="1"/>
						<SP ID="P243_SP00246" HPOS="478" VPOS="1428" WIDTH="21"/>
						<String ID="P243_ST00286" HPOS="499" VPOS="1404" WIDTH="143" HEIGHT="22" CONTENT="mummers," WC="0.90" CC="00000160"/>
						<SP ID="P243_SP00247" HPOS="642" VPOS="1428" WIDTH="17"/>
						<String ID="P243_ST00287" HPOS="659" VPOS="1397" WIDTH="50" HEIGHT="23" CONTENT="10s." WC="1.00" CC="0000"/>
						<SP ID="P243_SP00248" HPOS="709" VPOS="1428" WIDTH="16"/>
						<String ID="P243_ST00288" HPOS="725" VPOS="1396" WIDTH="39" HEIGHT="24" CONTENT="Od." WC="0.93" CC="100"/>
						<SP ID="P243_SP00249" HPOS="764" VPOS="1428" WIDTH="13"/>
						<String ID="P243_ST00289" HPOS="777" VPOS="1405" WIDTH="6" HEIGHT="21" CONTENT=";" WC="0.47" CC="5"/>
						<SP ID="P243_SP00250" HPOS="783" VPOS="1428" WIDTH="18"/>
						<String ID="P243_ST00290" HPOS="801" VPOS="1404" WIDTH="93" HEIGHT="24" CONTENT="supper" WC="0.90" CC="000006"/>
						<SP ID="P243_SP00251" HPOS="894" VPOS="1428" WIDTH="20"/>
						<String ID="P243_ST00291" HPOS="914" VPOS="1399" WIDTH="26" HEIGHT="21" CONTENT="to" WC="0.95" CC="01"/>
						<SP ID="P243_SP00252" HPOS="940" VPOS="1428" WIDTH="17"/>
						<String ID="P243_ST00292" HPOS="957" VPOS="1396" WIDTH="55" HEIGHT="24" CONTENT="Her" WC="0.64" CC="009"/>
					</TextLine>
					<TextLine ID="P243_TL00034" HPOS="162" VPOS="1436" WIDTH="850" HEIGHT="32">
						<String ID="P243_ST00293" HPOS="162" VPOS="1437" WIDTH="121" HEIGHT="31" CONTENT="Majesty," WC="0.70" CC="08207500"/>
						<SP ID="P243_SP00253" HPOS="283" VPOS="1468" WIDTH="20"/>
						<String ID="P243_ST00294" HPOS="303" VPOS="1436" WIDTH="56" HEIGHT="24" CONTENT="£27" WC="1.00" CC="000"/>
						<SP ID="P243_SP00254" HPOS="359" VPOS="1468" WIDTH="22"/>
						<String ID="P243_ST00295" HPOS="381" VPOS="1437" WIDTH="34" HEIGHT="23" CONTENT="2s." WC="0.67" CC="090"/>
						<SP ID="P243_SP00255" HPOS="415" VPOS="1468" WIDTH="21"/>
						<String ID="P243_ST00296" HPOS="436" VPOS="1436" WIDTH="39" HEIGHT="24" CONTENT="Od." WC="0.83" CC="500"/>
						<SP ID="P243_SP00256" HPOS="475" VPOS="1468" WIDTH="14"/>
						<String ID="P243_ST00297" HPOS="489" VPOS="1444" WIDTH="5" HEIGHT="22" CONTENT=";" WC="0.40" CC="5"/>
						<SP ID="P243_SP00257" HPOS="494" VPOS="1468" WIDTH="26"/>
						<String ID="P243_ST00298" HPOS="520" VPOS="1436" WIDTH="111" HEIGHT="29" CONTENT="Porters," WC="0.79" CC="70040050"/>
						<SP ID="P243_SP00258" HPOS="631" VPOS="1468" WIDTH="20"/>
						<String ID="P243_ST00299" HPOS="651" VPOS="1436" WIDTH="37" HEIGHT="24" CONTENT="£1" WC="1.00" CC="00"/>
						<SP ID="P243_SP00259" HPOS="688" VPOS="1468" WIDTH="22"/>
						<String ID="P243_ST00300" HPOS="710" VPOS="1436" WIDTH="35" HEIGHT="24" CONTENT="Os." WC="0.87" CC="300"/>
						<SP ID="P243_SP00260" HPOS="745" VPOS="1468" WIDTH="21"/>
						<String ID="P243_ST00301" HPOS="766" VPOS="1436" WIDTH="40" HEIGHT="24" CONTENT="Od." WC="0.92" CC="100"/>
						<String ID="P243_ST00302" HPOS="817" VPOS="1445" WIDTH="6" HEIGHT="21" CONTENT=";" WC="0.59" CC="4"/>
						<SP ID="P243_SP00261" HPOS="823" VPOS="1468" WIDTH="27"/>
						<String ID="P243_ST00303" HPOS="850" VPOS="1437" WIDTH="117" HEIGHT="23" CONTENT="Yeoman" WC="0.64" CC="100693"/>
						<SP ID="P243_SP00262" HPOS="967" VPOS="1468" WIDTH="19"/>
						<String ID="P243_ST00304" HPOS="986" VPOS="1436" WIDTH="26" HEIGHT="24" CONTENT="of" WC="0.68" CC="60"/>
					</TextLine>
					<TextLine ID="P243_TL00035" HPOS="160" VPOS="1476" WIDTH="851" HEIGHT="32">
						<String ID="P243_ST00305" HPOS="160" VPOS="1477" WIDTH="105" HEIGHT="31" CONTENT="flagons," WC="0.89" CC="00001600"/>
						<SP ID="P243_SP00263" HPOS="265" VPOS="1508" WIDTH="17"/>
						<String ID="P243_ST00306" HPOS="282" VPOS="1477" WIDTH="50" HEIGHT="23" CONTENT="10s." WC="0.76" CC="0090"/>
						<SP ID="P243_SP00264" HPOS="332" VPOS="1508" WIDTH="16"/>
						<String ID="P243_ST00307" HPOS="348" VPOS="1476" WIDTH="39" HEIGHT="23" CONTENT="Od." WC="0.89" CC="200"/>
						<SP ID="P243_SP00265" HPOS="387" VPOS="1508" WIDTH="15"/>
						<String ID="P243_ST00308" HPOS="402" VPOS="1485" WIDTH="6" HEIGHT="20" CONTENT=";" WC="0.27" CC="7"/>
						<SP ID="P243_SP00266" HPOS="408" VPOS="1508" WIDTH="19"/>
						<String ID="P243_ST00309" HPOS="427" VPOS="1476" WIDTH="85" HEIGHT="23" CONTENT="Green" WC="0.63" CC="65006"/>
						<SP ID="P243_SP00267" HPOS="512" VPOS="1508" WIDTH="12"/>
						<String ID="P243_ST00310" HPOS="524" VPOS="1476" WIDTH="104" HEIGHT="23" CONTENT="taffetee" WC="0.91" CC="10000500"/>
						<SP ID="P243_SP00268" HPOS="628" VPOS="1508" WIDTH="12"/>
						<String ID="P243_ST00311" HPOS="640" VPOS="1476" WIDTH="40" HEIGHT="23" CONTENT="for" WC="0.58" CC="066"/>
						<SP ID="P243_SP00269" HPOS="680" VPOS="1508" WIDTH="13"/>
						<String ID="P243_ST00312" HPOS="693" VPOS="1476" WIDTH="49" HEIGHT="23" CONTENT="Mr." WC="0.77" CC="060"/>
						<SP ID="P243_SP00270" HPOS="742" VPOS="1508" WIDTH="17"/>
						<String ID="P243_ST00313" HPOS="759" VPOS="1476" WIDTH="122" HEIGHT="32" CONTENT="Fynche's" WC="0.80" CC="60207000"/>
						<SP ID="P243_SP00271" HPOS="881" VPOS="1508" WIDTH="13"/>
						<String ID="P243_ST00314" HPOS="894" VPOS="1484" WIDTH="45" HEIGHT="16" CONTENT="son" WC="1.00" CC="000"/>
						<SP ID="P243_SP00272" HPOS="939" VPOS="1508" WIDTH="14"/>
						<String ID="P243_ST00315" HPOS="953" VPOS="1477" WIDTH="58" HEIGHT="23" CONTENT="that" WC="0.62" CC="0608"/>
					</TextLine>
					<TextLine ID="P243_TL00036" HPOS="160" VPOS="1515" WIDTH="684" HEIGHT="29">
						<String ID="P243_ST00316" HPOS="160" VPOS="1515" WIDTH="73" HEIGHT="25" CONTENT="made" WC="0.93" CC="2000"/>
						<SP ID="P243_SP00273" HPOS="233" VPOS="1540" WIDTH="14"/>
						<String ID="P243_ST00317" HPOS="247" VPOS="1516" WIDTH="44" HEIGHT="23" CONTENT="the" WC="0.77" CC="060"/>
						<SP ID="P243_SP00274" HPOS="291" VPOS="1540" WIDTH="13"/>
						<String ID="P243_ST00318" HPOS="304" VPOS="1516" WIDTH="103" HEIGHT="23" CONTENT="oration" WC="0.68" CC="5006107"/>
						<SP ID="P243_SP00275" HPOS="407" VPOS="1540" WIDTH="12"/>
						<String ID="P243_ST00319" HPOS="419" VPOS="1515" WIDTH="88" HEIGHT="24" CONTENT="before" WC="0.76" CC="680000"/>
						<SP ID="P243_SP00276" HPOS="507" VPOS="1540" WIDTH="13"/>
						<String ID="P243_ST00320" HPOS="520" VPOS="1515" WIDTH="44" HEIGHT="24" CONTENT="the" WC="0.82" CC="050"/>
						<SP ID="P243_SP00277" HPOS="564" VPOS="1540" WIDTH="14"/>
						<String ID="P243_ST00321" HPOS="578" VPOS="1515" WIDTH="94" HEIGHT="29" CONTENT="Queen," WC="0.77" CC="160050"/>
						<SP ID="P243_SP00278" HPOS="672" VPOS="1544" WIDTH="14"/>
						<String ID="P243_ST00322" HPOS="686" VPOS="1515" WIDTH="37" HEIGHT="24" CONTENT="£1" WC="1.00" CC="00"/>
						<SP ID="P243_SP00279" HPOS="723" VPOS="1544" WIDTH="17"/>
						<String ID="P243_ST00323" HPOS="740" VPOS="1516" WIDTH="33" HEIGHT="23" CONTENT="4s." WC="0.63" CC="901"/>
						<SP ID="P243_SP00280" HPOS="773" VPOS="1544" WIDTH="16"/>
						<String ID="P243_ST00324" HPOS="789" VPOS="1515" WIDTH="55" HEIGHT="25" CONTENT='Od."' WC="0.90" CC="3000"/>
					</TextLine>
				</TextBlock>
				<TextBlock ID="P243_TB00011" HPOS="159" VPOS="1555" WIDTH="852" HEIGHT="112" STYLEREFS="TXT_1 PAR_LEFT">
					<TextLine ID="P243_TL00037" HPOS="195" VPOS="1555" WIDTH="815" HEIGHT="32">
						<String ID="P243_ST00325" HPOS="195" VPOS="1555" WIDTH="120" HEIGHT="25" CONTENT="Towards" WC="0.68" CC="7300306"/>
						<SP ID="P243_SP00281" HPOS="315" VPOS="1580" WIDTH="25"/>
						<String ID="P243_ST00326" HPOS="340" VPOS="1555" WIDTH="45" HEIGHT="24" CONTENT="the" WC="0.81" CC="050"/>
						<SP ID="P243_SP00282" HPOS="385" VPOS="1580" WIDTH="23"/>
						<String ID="P243_ST00327" HPOS="408" VPOS="1555" WIDTH="112" HEIGHT="32" CONTENT="glorious" WC="0.70" CC="94044000"/>
						<SP ID="P243_SP00283" HPOS="520" VPOS="1587" WIDTH="24"/>
						<String ID="P243_ST00328" HPOS="544" VPOS="1556" WIDTH="135" HEIGHT="23" CONTENT="literature" WC="0.69" CC="0400595500"/>
						<SP ID="P243_SP00284" HPOS="679" VPOS="1587" WIDTH="23"/>
						<String ID="P243_ST00329" HPOS="702" VPOS="1555" WIDTH="27" HEIGHT="24" CONTENT="of" WC="1.00" CC="00"/>
						<SP ID="P243_SP00285" HPOS="729" VPOS="1587" WIDTH="23"/>
						<String ID="P243_ST00330" HPOS="752" VPOS="1555" WIDTH="53" HEIGHT="25" CONTENT="this" WC="0.69" CC="5007"/>
						<SP ID="P243_SP00286" HPOS="805" VPOS="1587" WIDTH="23"/>
						<String ID="P243_ST00331" HPOS="828" VPOS="1556" WIDTH="87" HEIGHT="31" CONTENT="period" WC="0.91" CC="001030"/>
						<SP ID="P243_SP00287" HPOS="915" VPOS="1587" WIDTH="22"/>
						<String ID="P243_ST00332" HPOS="937" VPOS="1556" WIDTH="73" HEIGHT="25" CONTENT="Kent" WC="0.73" CC="0054"/>
					</TextLine>
					<TextLine ID="P243_TL00038" HPOS="159" VPOS="1595" WIDTH="850" HEIGHT="32">
						<String ID="P243_ST00333" HPOS="159" VPOS="1595" WIDTH="166" HEIGHT="25" CONTENT="contributed" WC="0.79" CC="00470063000"/>
						<SP ID="P243_SP00288" HPOS="325" VPOS="1620" WIDTH="19"/>
						<String ID="P243_ST00334" HPOS="344" VPOS="1596" WIDTH="46" HEIGHT="23" CONTENT="her" WC="0.51" CC="707"/>
						<SP ID="P243_SP00289" HPOS="390" VPOS="1620" WIDTH="18"/>
						<String ID="P243_ST00335" HPOS="408" VPOS="1604" WIDTH="61" HEIGHT="23" CONTENT="very" WC="0.83" CC="6000"/>
						<SP ID="P243_SP00290" HPOS="469" VPOS="1627" WIDTH="18"/>
						<String ID="P243_ST00336" HPOS="487" VPOS="1595" WIDTH="51" HEIGHT="24" CONTENT="fair" WC="0.74" CC="0009"/>
						<SP ID="P243_SP00291" HPOS="538" VPOS="1627" WIDTH="16"/>
						<String ID="P243_ST00337" HPOS="554" VPOS="1595" WIDTH="80" HEIGHT="24" CONTENT="share." WC="0.76" CC="610500"/>
						<SP ID="P243_SP00292" HPOS="634" VPOS="1627" WIDTH="38"/>
						<String ID="P243_ST00338" HPOS="672" VPOS="1595" WIDTH="108" HEIGHT="25" CONTENT="Thomas" WC="0.78" CC="050007"/>
						<SP ID="P243_SP00293" HPOS="780" VPOS="1627" WIDTH="20"/>
						<String ID="P243_ST00339" HPOS="800" VPOS="1596" WIDTH="133" HEIGHT="30" CONTENT="Sackville," WC="0.73" CC="7000712601"/>
						<SP ID="P243_SP00294" HPOS="933" VPOS="1627" WIDTH="16"/>
						<String ID="P243_ST00340" HPOS="949" VPOS="1597" WIDTH="60" HEIGHT="23" CONTENT="Earl" WC="0.84" CC="5010"/>
					</TextLine>
					<TextLine ID="P243_TL00039" HPOS="163" VPOS="1635" WIDTH="848" HEIGHT="32">
						<String ID="P243_ST00341" HPOS="163" VPOS="1637" WIDTH="27" HEIGHT="23" CONTENT="of" WC="0.56" CC="80"/>
						<SP ID="P243_SP00295" HPOS="190" VPOS="1660" WIDTH="27"/>
						<String ID="P243_ST00342" HPOS="217" VPOS="1637" WIDTH="102" HEIGHT="28" CONTENT="Dorset," WC="0.83" CC="0012070"/>
						<SP ID="P243_SP00296" HPOS="319" VPOS="1665" WIDTH="23"/>
						<String ID="P243_ST00343" HPOS="342" VPOS="1636" WIDTH="111" HEIGHT="31" CONTENT="planned" WC="0.79" CC="0503500"/>
						<SP ID="P243_SP00297" HPOS="453" VPOS="1667" WIDTH="24"/>
						<String ID="P243_ST00344" HPOS="477" VPOS="1635" WIDTH="52" HEIGHT="24" CONTENT="and" WC="1.00" CC="000"/>
						<SP ID="P243_SP00298" HPOS="529" VPOS="1667" WIDTH="23"/>
						<String ID="P243_ST00345" HPOS="552" VPOS="1638" WIDTH="80" HEIGHT="21" CONTENT="wrote" WC="0.72" CC="90400"/>
						<SP ID="P243_SP00299" HPOS="632" VPOS="1667" WIDTH="24"/>
						<String ID="P243_ST00346" HPOS="656" VPOS="1638" WIDTH="58" HEIGHT="29" CONTENT="part" WC="0.46" CC="9802"/>
						<SP ID="P243_SP00300" HPOS="714" VPOS="1667" WIDTH="24"/>
						<String ID="P243_ST00347" HPOS="738" VPOS="1636" WIDTH="27" HEIGHT="23" CONTENT="of" WC="0.64" CC="07"/>
						<SP ID="P243_SP00301" HPOS="765" VPOS="1667" WIDTH="25"/>
						<String ID="P243_ST00348" HPOS="790" VPOS="1637" WIDTH="45" HEIGHT="23" CONTENT="the" WC="0.73" CC="070"/>
						<SP ID="P243_SP00302" HPOS="835" VPOS="1667" WIDTH="25"/>
						<String ID="P243_ST00349" HPOS="860" VPOS="1637" WIDTH="95" HEIGHT="24" CONTENT="Mirror" WC="0.94" CC="020000"/>
						<SP ID="P243_SP00303" HPOS="955" VPOS="1667" WIDTH="17"/>
						<String ID="P243_ST00350" HPOS="972" VPOS="1637" WIDTH="39" HEIGHT="24" CONTENT="for" WC="0.81" CC="005"/>
					</TextLine>
				</TextBlock>
				<TextBlock ID="P243_TB00012" HPOS="777" VPOS="1706" WIDTH="12" HEIGHT="14" STYLEREFS="TXT_2 PAR_RIGHT">
					<TextLine ID="P243_TL00040" HPOS="778" VPOS="1709" WIDTH="11" HEIGHT="11">
						<String ID="P243_ST00351" HPOS="778" VPOS="1709" WIDTH="11" HEIGHT="11" CONTENT="cj" WC="0.16" CC="96"/>
					</TextLine>
				</TextBlock>
			</PrintSpace>
		</Page>
	</Layout>
</alto>
