<?xml version="1.0" encoding="UTF-8"?>
<alto xmlns:xsi="http://www.w3.org/2001/XMLSchema-instance" xsi:noNamespaceSchemaLocation="http://www.bl.uk/schemas/alto/alto-1-4.xsd" xmlns:xlink="http://www.w3.org/1999/xlink">
	<Description>
		<MeasurementUnit>mm10</MeasurementUnit>
		<sourceImageInformation>
			<fileName>//head1/IN/2008-20/A0011615688/004767.jp2</fileName>
		</sourceImageInformation>
		<OCRProcessing ID="OCRPROCESSING_1">
			<preProcessingStep>
				<processingSoftware>
					<softwareCreator>CCS Content Conversion Specialists GmbH, Germany</softwareCreator>
					<softwareName>CCS docWORKS</softwareName>
					<softwareVersion>6.1-0.67</softwareVersion>
				</processingSoftware>
			</preProcessingStep>
			<ocrProcessingStep>
				<processingSoftware>
					<softwareCreator>ABBYY (BIT Software), Russia</softwareCreator>
					<softwareName>Finereader</softwareName>
				</processingSoftware>
			</ocrProcessingStep>
		</OCRProcessing>
	</Description>
	<Styles>
		<TextStyle ID="TXT_0" FONTSIZE="11" FONTFAMILY="Courier New"/>
		<TextStyle ID="TXT_1" FONTSIZE="9" FONTFAMILY="Courier New"/>
		<ParagraphStyle ID="PAR_RIGHT" ALIGN="Right"/>
		<ParagraphStyle ID="PAR_CENTER" ALIGN="Center"/>
		<ParagraphStyle ID="PAR_LEFT" ALIGN="Left"/>
	</Styles>
	<Layout>
		<Page ID="P307" PHYSICAL_IMG_NR="307" HEIGHT="1823" WIDTH="1139" PRINTED_IMG_NR="253" POSITION="Right" ACCURACY="73.26">
			<TopMargin ID="P307_TM00001" HPOS="0" VPOS="0" WIDTH="1138" HEIGHT="149">
				<TextBlock ID="P307_TB00001" HPOS="955" VPOS="123" WIDTH="48" HEIGHT="24" STYLEREFS="TXT_0 PAR_RIGHT">
					<TextLine ID="P307_TL00001" HPOS="955" VPOS="123" WIDTH="48" HEIGHT="24">
						<String ID="P307_ST00001" HPOS="955" VPOS="123" WIDTH="48" HEIGHT="24" CONTENT="253" WC="1.00" CC="000"/>
					</TextLine>
				</TextBlock>
				<TextBlock ID="P307_TB00002" HPOS="449" VPOS="131" WIDTH="213" HEIGHT="17" STYLEREFS="TXT_1 PAR_CENTER">
					<TextLine ID="P307_TL00002" HPOS="450" VPOS="131" WIDTH="212" HEIGHT="17">
						<String ID="P307_ST00002" HPOS="450" VPOS="131" WIDTH="119" HEIGHT="17" CONTENT="STEWART" WC="0.44" CC="6934077"/>
						<SP ID="P307_SP00001" HPOS="569" VPOS="148" WIDTH="19"/>
						<String ID="P307_ST00003" HPOS="588" VPOS="132" WIDTH="74" HEIGHT="16" CONTENT="KENT." WC="0.87" CC="06000"/>
					</TextLine>
				</TextBlock>
			</TopMargin>
			<LeftMargin ID="P307_LM00001" HPOS="0" VPOS="149" WIDTH="150" HEIGHT="1558"/>
			<RightMargin ID="P307_RM00001" HPOS="1004" VPOS="149" WIDTH="134" HEIGHT="1558"/>
			<BottomMargin ID="P307_BM00001" HPOS="0" VPOS="1707" WIDTH="1138" HEIGHT="115"/>
			<PrintSpace ID="P307_PS00001" HPOS="150" VPOS="149" WIDTH="854" HEIGHT="1558">
				<TextBlock ID="P307_TB00003" HPOS="155" VPOS="200" WIDTH="849" HEIGHT="192" STYLEREFS="TXT_1 PAR_LEFT">
					<TextLine ID="P307_TL00003" HPOS="190" VPOS="201" WIDTH="814" HEIGHT="34">
						<String ID="P307_ST00004" HPOS="190" VPOS="201" WIDTH="94" HEIGHT="32" CONTENT="Upnor" WC="0.55" CC="70860"/>
						<SP ID="P307_SP00002" HPOS="284" VPOS="233" WIDTH="14"/>
						<String ID="P307_ST00005" HPOS="298" VPOS="202" WIDTH="86" HEIGHT="24" CONTENT="Castle" WC="0.41" CC="695309"/>
						<SP ID="P307_SP00003" HPOS="384" VPOS="233" WIDTH="13"/>
						<String ID="P307_ST00006" HPOS="397" VPOS="202" WIDTH="62" HEIGHT="32" CONTENT="kept" WC="1.00" CC="0000"/>
						<SP ID="P307_SP00004" HPOS="459" VPOS="234" WIDTH="13"/>
						<String ID="P307_ST00007" HPOS="472" VPOS="212" WIDTH="33" HEIGHT="23" CONTENT="up" WC="1.00" CC="00"/>
						<SP ID="P307_SP00005" HPOS="505" VPOS="235" WIDTH="14"/>
						<String ID="P307_ST00008" HPOS="519" VPOS="212" WIDTH="14" HEIGHT="14" CONTENT="a" WC="1.00" CC="0"/>
						<SP ID="P307_SP00006" HPOS="533" VPOS="235" WIDTH="15"/>
						<String ID="P307_ST00009" HPOS="548" VPOS="202" WIDTH="70" HEIGHT="25" CONTENT="brisk" WC="0.52" CC="74190"/>
						<SP ID="P307_SP00007" HPOS="618" VPOS="235" WIDTH="14"/>
						<String ID="P307_ST00010" HPOS="632" VPOS="203" WIDTH="44" HEIGHT="23" CONTENT="fire" WC="0.57" CC="7090"/>
						<SP ID="P307_SP00008" HPOS="676" VPOS="235" WIDTH="11"/>
						<String ID="P307_ST00011" HPOS="687" VPOS="211" WIDTH="69" HEIGHT="24" CONTENT="upon" WC="0.66" CC="0048"/>
						<SP ID="P307_SP00009" HPOS="756" VPOS="235" WIDTH="16"/>
						<String ID="P307_ST00012" HPOS="772" VPOS="202" WIDTH="43" HEIGHT="24" CONTENT="the" WC="0.62" CC="550"/>
						<SP ID="P307_SP00010" HPOS="815" VPOS="235" WIDTH="14"/>
						<String ID="P307_ST00013" HPOS="829" VPOS="202" WIDTH="118" HEIGHT="24" CONTENT="invaders" WC="0.76" CC="08400113"/>
						<SP ID="P307_SP00011" HPOS="947" VPOS="235" WIDTH="17"/>
						<String ID="P307_ST00014" HPOS="964" VPOS="202" WIDTH="40" HEIGHT="24" CONTENT="for" WC="0.12" CC="996"/>
					</TextLine>
					<TextLine ID="P307_TL00004" HPOS="157" VPOS="241" WIDTH="847" HEIGHT="33">
						<String ID="P307_ST00015" HPOS="157" VPOS="249" WIDTH="68" HEIGHT="16" CONTENT="some" WC="0.71" CC="7300"/>
						<SP ID="P307_SP00012" HPOS="225" VPOS="265" WIDTH="13"/>
						<String ID="P307_ST00016" HPOS="238" VPOS="242" WIDTH="69" HEIGHT="29" CONTENT="time," WC="0.79" CC="64000"/>
						<SP ID="P307_SP00013" HPOS="307" VPOS="271" WIDTH="11"/>
						<String ID="P307_ST00017" HPOS="318" VPOS="242" WIDTH="49" HEIGHT="24" CONTENT="but" WC="0.31" CC="748"/>
						<SP ID="P307_SP00014" HPOS="367" VPOS="271" WIDTH="12"/>
						<String ID="P307_ST00018" HPOS="379" VPOS="242" WIDTH="34" HEIGHT="24" CONTENT="its" WC="1.00" CC="000"/>
						<SP ID="P307_SP00015" HPOS="413" VPOS="271" WIDTH="10"/>
						<String ID="P307_ST00019" HPOS="423" VPOS="242" WIDTH="103" HEIGHT="32" CONTENT="powder" WC="0.67" CC="860004"/>
						<SP ID="P307_SP00016" HPOS="526" VPOS="274" WIDTH="12"/>
						<String ID="P307_ST00020" HPOS="538" VPOS="242" WIDTH="85" HEIGHT="24" CONTENT="failed." WC="0.87" CC="0040400"/>
						<SP ID="P307_SP00017" HPOS="623" VPOS="274" WIDTH="38"/>
						<String ID="P307_ST00021" HPOS="661" VPOS="242" WIDTH="70" HEIGHT="24" CONTENT="Here" WC="0.92" CC="1001"/>
						<SP ID="P307_SP00018" HPOS="731" VPOS="274" WIDTH="13"/>
						<String ID="P307_ST00022" HPOS="744" VPOS="242" WIDTH="44" HEIGHT="24" CONTENT="the" WC="0.53" CC="670"/>
						<SP ID="P307_SP00019" HPOS="788" VPOS="274" WIDTH="18"/>
						<String ID="P307_ST00023" HPOS="806" VPOS="242" WIDTH="86" HEIGHT="24" CONTENT="Dutch" WC="0.52" CC="96007"/>
						<SP ID="P307_SP00020" HPOS="892" VPOS="274" WIDTH="15"/>
						<String ID="P307_ST00024" HPOS="907" VPOS="241" WIDTH="97" HEIGHT="25" CONTENT="burned" WC="0.75" CC="324030"/>
					</TextLine>
					<TextLine ID="P307_TL00005" HPOS="156" VPOS="281" WIDTH="848" HEIGHT="33">
						<String ID="P307_ST00025" HPOS="156" VPOS="281" WIDTH="45" HEIGHT="24" CONTENT="the" WC="0.37" CC="963"/>
						<SP ID="P307_SP00021" HPOS="201" VPOS="305" WIDTH="18"/>
						<String ID="P307_ST00026" HPOS="219" VPOS="282" WIDTH="82" HEIGHT="31" CONTENT="Royed" WC="0.58" CC="03088"/>
						<SP ID="P307_SP00022" HPOS="301" VPOS="313" WIDTH="16"/>
						<String ID="P307_ST00027" HPOS="317" VPOS="282" WIDTH="93" HEIGHT="31" CONTENT="James," WC="0.56" CC="015971"/>
						<SP ID="P307_SP00023" HPOS="410" VPOS="313" WIDTH="14"/>
						<String ID="P307_ST00028" HPOS="424" VPOS="283" WIDTH="44" HEIGHT="24" CONTENT="the" WC="0.46" CC="563"/>
						<SP ID="P307_SP00024" HPOS="468" VPOS="313" WIDTH="22"/>
						<String ID="P307_ST00029" HPOS="490" VPOS="283" WIDTH="79" HEIGHT="31" CONTENT="Loyal" WC="0.66" CC="03075"/>
						<SP ID="P307_SP00025" HPOS="569" VPOS="314" WIDTH="18"/>
						<String ID="P307_ST00030" HPOS="587" VPOS="282" WIDTH="113" HEIGHT="31" CONTENT="London," WC="0.84" CC="0050220"/>
						<SP ID="P307_SP00026" HPOS="700" VPOS="314" WIDTH="16"/>
						<String ID="P307_ST00031" HPOS="716" VPOS="282" WIDTH="43" HEIGHT="25" CONTENT="the" WC="0.66" CC="243"/>
						<SP ID="P307_SP00027" HPOS="759" VPOS="314" WIDTH="17"/>
						<String ID="P307_ST00032" HPOS="776" VPOS="282" WIDTH="83" HEIGHT="31" CONTENT="Royal" WC="0.84" CC="00007"/>
						<SP ID="P307_SP00028" HPOS="859" VPOS="314" WIDTH="20"/>
						<String ID="P307_ST00033" HPOS="879" VPOS="282" WIDTH="60" HEIGHT="30" CONTENT="Oak," WC="0.76" CC="0090"/>
						<SP ID="P307_SP00029" HPOS="939" VPOS="314" WIDTH="14"/>
						<String ID="P307_ST00034" HPOS="953" VPOS="282" WIDTH="51" HEIGHT="24" CONTENT="and" WC="0.39" CC="980"/>
					</TextLine>
					<TextLine ID="P307_TL00006" HPOS="156" VPOS="321" WIDTH="848" HEIGHT="33">
						<String ID="P307_ST00035" HPOS="156" VPOS="321" WIDTH="45" HEIGHT="24" CONTENT="the" WC="0.65" CC="423"/>
						<SP ID="P307_SP00030" HPOS="201" VPOS="345" WIDTH="13"/>
						<String ID="P307_ST00036" HPOS="214" VPOS="322" WIDTH="83" HEIGHT="24" CONTENT="Santa" WC="0.50" CC="94036"/>
						<SP ID="P307_SP00031" HPOS="297" VPOS="346" WIDTH="14"/>
						<String ID="P307_ST00037" HPOS="311" VPOS="323" WIDTH="95" HEIGHT="28" CONTENT="Maria," WC="0.87" CC="040030"/>
						<SP ID="P307_SP00032" HPOS="406" VPOS="351" WIDTH="16"/>
						<String ID="P307_ST00038" HPOS="422" VPOS="323" WIDTH="43" HEIGHT="23" CONTENT="the" WC="0.64" CC="370"/>
						<SP ID="P307_SP00033" HPOS="465" VPOS="351" WIDTH="13"/>
						<String ID="P307_ST00039" HPOS="478" VPOS="323" WIDTH="56" HEIGHT="23" CONTENT="first" WC="0.98" CC="00000"/>
						<SP ID="P307_SP00034" HPOS="534" VPOS="351" WIDTH="13"/>
						<String ID="P307_ST00040" HPOS="547" VPOS="323" WIDTH="72" HEIGHT="23" CONTENT="three" WC="0.39" CC="57565"/>
						<SP ID="P307_SP00035" HPOS="619" VPOS="351" WIDTH="13"/>
						<String ID="P307_ST00041" HPOS="632" VPOS="323" WIDTH="76" HEIGHT="31" CONTENT="being" WC="0.60" CC="70380"/>
						<SP ID="P307_SP00036" HPOS="708" VPOS="354" WIDTH="13"/>
						<String ID="P307_ST00042" HPOS="721" VPOS="323" WIDTH="96" HEIGHT="31" CONTENT="80-gun" WC="0.61" CC="060906"/>
						<SP ID="P307_SP00037" HPOS="817" VPOS="354" WIDTH="18"/>
						<String ID="P307_ST00043" HPOS="835" VPOS="322" WIDTH="69" HEIGHT="32" CONTENT="ships" WC="0.60" CC="45306"/>
						<SP ID="P307_SP00038" HPOS="904" VPOS="354" WIDTH="17"/>
						<String ID="P307_ST00044" HPOS="921" VPOS="323" WIDTH="83" HEIGHT="23" CONTENT="which" WC="0.33" CC="97627"/>
					</TextLine>
					<TextLine ID="P307_TL00007" HPOS="157" VPOS="361" WIDTH="845" HEIGHT="31">
						<String ID="P307_ST00045" HPOS="157" VPOS="361" WIDTH="50" HEIGHT="23" CONTENT="had" WC="0.75" CC="700"/>
						<SP ID="P307_SP00039" HPOS="207" VPOS="384" WIDTH="14"/>
						<String ID="P307_ST00046" HPOS="221" VPOS="361" WIDTH="64" HEIGHT="24" CONTENT="been" WC="0.76" CC="2006"/>
						<SP ID="P307_SP00040" HPOS="285" VPOS="385" WIDTH="13"/>
						<String ID="P307_ST00047" HPOS="298" VPOS="362" WIDTH="101" HEIGHT="23" CONTENT="sunken" WC="0.72" CC="054007"/>
						<SP ID="P307_SP00041" HPOS="399" VPOS="385" WIDTH="12"/>
						<String ID="P307_ST00048" HPOS="411" VPOS="362" WIDTH="33" HEIGHT="30" CONTENT="by" WC="0.68" CC="60"/>
						<SP ID="P307_SP00042" HPOS="444" VPOS="392" WIDTH="14"/>
						<String ID="P307_ST00049" HPOS="458" VPOS="362" WIDTH="90" HEIGHT="29" CONTENT="Monk," WC="0.63" CC="09800"/>
						<SP ID="P307_SP00043" HPOS="548" VPOS="392" WIDTH="15"/>
						<String ID="P307_ST00050" HPOS="563" VPOS="362" WIDTH="47" HEIGHT="24" CONTENT="but" WC="0.42" CC="664"/>
						<SP ID="P307_SP00044" HPOS="610" VPOS="392" WIDTH="13"/>
						<String ID="P307_ST00051" HPOS="623" VPOS="362" WIDTH="103" HEIGHT="23" CONTENT="showed" WC="0.84" CC="260000"/>
						<SP ID="P307_SP00045" HPOS="726" VPOS="392" WIDTH="13"/>
						<String ID="P307_ST00052" HPOS="739" VPOS="362" WIDTH="67" HEIGHT="23" CONTENT="their" WC="0.69" CC="46030"/>
						<SP ID="P307_SP00046" HPOS="806" VPOS="392" WIDTH="14"/>
						<String ID="P307_ST00053" HPOS="820" VPOS="370" WIDTH="79" HEIGHT="22" CONTENT="upper" WC="0.79" CC="00900"/>
						<SP ID="P307_SP00047" HPOS="899" VPOS="392" WIDTH="13"/>
						<String ID="P307_ST00054" HPOS="912" VPOS="362" WIDTH="90" HEIGHT="24" CONTENT="works." WC="0.83" CC="030060"/>
					</TextLine>
				</TextBlock>
				<TextBlock ID="P307_TB00004" HPOS="157" VPOS="401" WIDTH="847" HEIGHT="151" STYLEREFS="TXT_1 PAR_LEFT">
					<TextLine ID="P307_TL00008" HPOS="192" VPOS="401" WIDTH="812" HEIGHT="33">
						<String ID="P307_ST00055" HPOS="192" VPOS="401" WIDTH="113" HEIGHT="32" CONTENT="Captain" WC="0.61" CC="4706008"/>
						<SP ID="P307_SP00048" HPOS="305" VPOS="433" WIDTH="13"/>
						<String ID="P307_ST00056" HPOS="318" VPOS="401" WIDTH="114" HEIGHT="32" CONTENT="Douglas" WC="0.66" CC="7000609"/>
						<SP ID="P307_SP00049" HPOS="432" VPOS="433" WIDTH="12"/>
						<String ID="P307_ST00057" HPOS="444" VPOS="401" WIDTH="27" HEIGHT="24" CONTENT="of" WC="0.95" CC="10"/>
						<SP ID="P307_SP00050" HPOS="471" VPOS="433" WIDTH="12"/>
						<String ID="P307_ST00058" HPOS="483" VPOS="401" WIDTH="44" HEIGHT="24" CONTENT="the" WC="0.53" CC="670"/>
						<SP ID="P307_SP00051" HPOS="527" VPOS="433" WIDTH="14"/>
						<String ID="P307_ST00059" HPOS="541" VPOS="402" WIDTH="81" HEIGHT="32" CONTENT="Royal" WC="0.98" CC="00000"/>
						<SP ID="P307_SP00052" HPOS="622" VPOS="434" WIDTH="16"/>
						<String ID="P307_ST00060" HPOS="638" VPOS="401" WIDTH="53" HEIGHT="25" CONTENT="Oak" WC="0.55" CC="309"/>
						<SP ID="P307_SP00053" HPOS="691" VPOS="434" WIDTH="13"/>
						<String ID="P307_ST00061" HPOS="704" VPOS="402" WIDTH="73" HEIGHT="23" CONTENT="stuck" WC="0.59" CC="75070"/>
						<SP ID="P307_SP00054" HPOS="777" VPOS="434" WIDTH="15"/>
						<String ID="P307_ST00062" HPOS="792" VPOS="404" WIDTH="26" HEIGHT="21" CONTENT="to" WC="0.57" CC="62"/>
						<SP ID="P307_SP00055" HPOS="818" VPOS="434" WIDTH="13"/>
						<String ID="P307_ST00063" HPOS="831" VPOS="401" WIDTH="39" HEIGHT="24" CONTENT="his" WC="0.53" CC="742"/>
						<SP ID="P307_SP00056" HPOS="870" VPOS="434" WIDTH="14"/>
						<String ID="P307_ST00064" HPOS="884" VPOS="401" WIDTH="57" HEIGHT="33" CONTENT="ship" WC="0.63" CC="0418"/>
						<SP ID="P307_SP00057" HPOS="941" VPOS="434" WIDTH="12"/>
						<String ID="P307_ST00065" HPOS="953" VPOS="401" WIDTH="51" HEIGHT="24" CONTENT="and" WC="0.71" CC="080"/>
					</TextLine>
					<TextLine ID="P307_TL00009" HPOS="157" VPOS="441" WIDTH="847" HEIGHT="32">
						<String ID="P307_ST00066" HPOS="157" VPOS="441" WIDTH="120" HEIGHT="32" CONTENT="perished" WC="0.79" CC="00026700"/>
						<SP ID="P307_SP00058" HPOS="277" VPOS="473" WIDTH="24"/>
						<String ID="P307_ST00067" HPOS="301" VPOS="442" WIDTH="28" HEIGHT="23" CONTENT="in" WC="0.60" CC="08"/>
						<SP ID="P307_SP00059" HPOS="329" VPOS="473" WIDTH="23"/>
						<String ID="P307_ST00068" HPOS="352" VPOS="441" WIDTH="53" HEIGHT="30" CONTENT="her," WC="0.71" CC="5140"/>
						<SP ID="P307_SP00060" HPOS="405" VPOS="473" WIDTH="21"/>
						<String ID="P307_ST00069" HPOS="426" VPOS="450" WIDTH="27" HEIGHT="15" CONTENT="so" WC="0.89" CC="20"/>
						<SP ID="P307_SP00061" HPOS="453" VPOS="473" WIDTH="22"/>
						<String ID="P307_ST00070" HPOS="475" VPOS="441" WIDTH="159" HEIGHT="25" CONTENT="remarkable" WC="0.71" CC="5090000760"/>
						<SP ID="P307_SP00062" HPOS="634" VPOS="473" WIDTH="22"/>
						<String ID="P307_ST00071" HPOS="656" VPOS="450" WIDTH="33" HEIGHT="15" CONTENT="an" WC="0.66" CC="06"/>
						<SP ID="P307_SP00063" HPOS="689" VPOS="473" WIDTH="24"/>
						<String ID="P307_ST00072" HPOS="713" VPOS="442" WIDTH="115" HEIGHT="23" CONTENT="instance" WC="0.70" CC="07710800"/>
						<SP ID="P307_SP00064" HPOS="828" VPOS="473" WIDTH="21"/>
						<String ID="P307_ST00073" HPOS="849" VPOS="441" WIDTH="26" HEIGHT="24" CONTENT="of" WC="0.85" CC="20"/>
						<SP ID="P307_SP00065" HPOS="875" VPOS="473" WIDTH="22"/>
						<String ID="P307_ST00074" HPOS="897" VPOS="441" WIDTH="107" HEIGHT="24" CONTENT="heroism" WC="0.75" CC="5040610"/>
					</TextLine>
					<TextLine ID="P307_TL00010" HPOS="157" VPOS="481" WIDTH="847" HEIGHT="32">
						<String ID="P307_ST00075" HPOS="157" VPOS="484" WIDTH="28" HEIGHT="21" CONTENT="at" WC="0.98" CC="00"/>
						<SP ID="P307_SP00066" HPOS="185" VPOS="505" WIDTH="14"/>
						<String ID="P307_ST00076" HPOS="199" VPOS="482" WIDTH="52" HEIGHT="23" CONTENT="this" WC="0.65" CC="1713"/>
						<SP ID="P307_SP00067" HPOS="251" VPOS="505" WIDTH="17"/>
						<String ID="P307_ST00077" HPOS="268" VPOS="481" WIDTH="153" HEIGHT="32" CONTENT="degenerate" WC="0.78" CC="0400805040"/>
						<SP ID="P307_SP00068" HPOS="421" VPOS="513" WIDTH="12"/>
						<String ID="P307_ST00078" HPOS="433" VPOS="481" WIDTH="88" HEIGHT="31" CONTENT="period" WC="0.93" CC="000030"/>
						<SP ID="P307_SP00069" HPOS="521" VPOS="513" WIDTH="12"/>
						<String ID="P307_ST00079" HPOS="533" VPOS="481" WIDTH="59" HEIGHT="24" CONTENT="that" WC="0.71" CC="4700"/>
						<SP ID="P307_SP00070" HPOS="592" VPOS="513" WIDTH="13"/>
						<String ID="P307_ST00080" HPOS="605" VPOS="482" WIDTH="20" HEIGHT="23" CONTENT="it" WC="0.92" CC="01"/>
						<SP ID="P307_SP00071" HPOS="625" VPOS="513" WIDTH="13"/>
						<String ID="P307_ST00081" HPOS="638" VPOS="481" WIDTH="112" HEIGHT="31" CONTENT="inspired" WC="0.65" CC="08602009"/>
						<SP ID="P307_SP00072" HPOS="750" VPOS="513" WIDTH="19"/>
						<String ID="P307_ST00082" HPOS="769" VPOS="481" WIDTH="113" HEIGHT="24" CONTENT="Andrew" WC="0.68" CC="030069"/>
						<SP ID="P307_SP00073" HPOS="882" VPOS="513" WIDTH="14"/>
						<String ID="P307_ST00083" HPOS="896" VPOS="481" WIDTH="108" HEIGHT="25" CONTENT="Marvell" WC="0.70" CC="0067006"/>
					</TextLine>
					<TextLine ID="P307_TL00011" HPOS="159" VPOS="521" WIDTH="631" HEIGHT="31">
						<String ID="P307_ST00084" HPOS="159" VPOS="523" WIDTH="28" HEIGHT="21" CONTENT="to" WC="1.00" CC="00"/>
						<SP ID="P307_SP00074" HPOS="187" VPOS="544" WIDTH="12"/>
						<String ID="P307_ST00085" HPOS="199" VPOS="522" WIDTH="74" HEIGHT="22" CONTENT="write" WC="0.59" CC="93330"/>
						<SP ID="P307_SP00075" HPOS="273" VPOS="544" WIDTH="14"/>
						<String ID="P307_ST00086" HPOS="287" VPOS="530" WIDTH="14" HEIGHT="14" CONTENT="a" WC="1.00" CC="0"/>
						<SP ID="P307_SP00076" HPOS="301" VPOS="544" WIDTH="13"/>
						<String ID="P307_ST00087" HPOS="314" VPOS="529" WIDTH="73" HEIGHT="23" CONTENT="poem" WC="1.00" CC="0000"/>
						<SP ID="P307_SP00077" HPOS="387" VPOS="552" WIDTH="13"/>
						<String ID="P307_ST00088" HPOS="400" VPOS="521" WIDTH="110" HEIGHT="23" CONTENT="entitled" WC="0.80" CC="05410500"/>
						<SP ID="P307_SP00078" HPOS="510" VPOS="552" WIDTH="15"/>
						<String ID="P307_ST00089" HPOS="525" VPOS="523" WIDTH="13" HEIGHT="10" CONTENT='"' WC="0.63" CC="3"/>
						<SP ID="P307_SP00079" HPOS="538" VPOS="552" WIDTH="11"/>
						<String ID="P307_ST00090" HPOS="549" VPOS="521" WIDTH="51" HEIGHT="23" CONTENT="The" WC="0.74" CC="070"/>
						<SP ID="P307_SP00080" HPOS="600" VPOS="552" WIDTH="15"/>
						<String ID="P307_ST00091" HPOS="615" VPOS="521" WIDTH="78" HEIGHT="31" CONTENT="Loyal" WC="0.81" CC="00900"/>
						<SP ID="P307_SP00081" HPOS="693" VPOS="552" WIDTH="16"/>
						<String ID="P307_ST00092" HPOS="709" VPOS="521" WIDTH="81" HEIGHT="23" CONTENT='Scot."' WC="0.60" CC="703605"/>
					</TextLine>
				</TextBlock>
				<TextBlock ID="P307_TB00005" HPOS="156" VPOS="560" WIDTH="848" HEIGHT="389" STYLEREFS="TXT_1 PAR_LEFT">
					<TextLine ID="P307_TL00012" HPOS="193" VPOS="561" WIDTH="811" HEIGHT="31">
						<String ID="P307_ST00093" HPOS="193" VPOS="561" WIDTH="53" HEIGHT="23" CONTENT="The" WC="0.85" CC="040"/>
						<SP ID="P307_SP00082" HPOS="246" VPOS="584" WIDTH="14"/>
						<String ID="P307_ST00094" HPOS="260" VPOS="561" WIDTH="88" HEIGHT="23" CONTENT="Dutch" WC="0.54" CC="73325"/>
						<SP ID="P307_SP00083" HPOS="348" VPOS="584" WIDTH="13"/>
						<String ID="P307_ST00095" HPOS="361" VPOS="569" WIDTH="57" HEIGHT="15" CONTENT="now" WC="0.38" CC="809"/>
						<SP ID="P307_SP00084" HPOS="418" VPOS="584" WIDTH="16"/>
						<String ID="P307_ST00096" HPOS="434" VPOS="561" WIDTH="102" HEIGHT="29" CONTENT="retired," WC="0.92" CC="30110000"/>
						<SP ID="P307_SP00085" HPOS="536" VPOS="590" WIDTH="14"/>
						<String ID="P307_ST00097" HPOS="550" VPOS="561" WIDTH="119" HEIGHT="31" CONTENT="carrying" WC="0.76" CC="00009270"/>
						<SP ID="P307_SP00086" HPOS="669" VPOS="592" WIDTH="13"/>
						<String ID="P307_ST00098" HPOS="682" VPOS="561" WIDTH="43" HEIGHT="23" CONTENT="the" WC="0.98" CC="000"/>
						<SP ID="P307_SP00087" HPOS="725" VPOS="592" WIDTH="13"/>
						<String ID="P307_ST00099" HPOS="738" VPOS="561" WIDTH="82" HEIGHT="31" CONTENT="Royal" WC="0.98" CC="01000"/>
						<SP ID="P307_SP00088" HPOS="820" VPOS="592" WIDTH="17"/>
						<String ID="P307_ST00100" HPOS="837" VPOS="561" WIDTH="104" HEIGHT="24" CONTENT="Charles" WC="1.00" CC="0000000"/>
						<SP ID="P307_SP00089" HPOS="941" VPOS="592" WIDTH="13"/>
						<String ID="P307_ST00101" HPOS="954" VPOS="561" WIDTH="50" HEIGHT="24" CONTENT="and" WC="0.89" CC="030"/>
					</TextLine>
					<TextLine ID="P307_TL00013" HPOS="157" VPOS="600" WIDTH="847" HEIGHT="32">
						<String ID="P307_ST00102" HPOS="157" VPOS="600" WIDTH="45" HEIGHT="24" CONTENT="the" WC="0.87" CC="030"/>
						<SP ID="P307_SP00090" HPOS="202" VPOS="624" WIDTH="28"/>
						<String ID="P307_ST00103" HPOS="230" VPOS="600" WIDTH="80" HEIGHT="32" CONTENT="Unity" WC="0.70" CC="44330"/>
						<SP ID="P307_SP00091" HPOS="310" VPOS="632" WIDTH="22"/>
						<String ID="P307_ST00104" HPOS="332" VPOS="600" WIDTH="63" HEIGHT="23" CONTENT="with" WC="0.79" CC="0205"/>
						<SP ID="P307_SP00092" HPOS="395" VPOS="632" WIDTH="22"/>
						<String ID="P307_ST00105" HPOS="417" VPOS="600" WIDTH="78" HEIGHT="29" CONTENT="them," WC="0.78" CC="46000"/>
						<SP ID="P307_SP00093" HPOS="495" VPOS="632" WIDTH="18"/>
						<String ID="P307_ST00106" HPOS="513" VPOS="600" WIDTH="54" HEIGHT="29" CONTENT="but," WC="0.63" CC="7070"/>
						<SP ID="P307_SP00094" HPOS="567" VPOS="632" WIDTH="22"/>
						<String ID="P307_ST00107" HPOS="589" VPOS="608" WIDTH="27" HEIGHT="15" CONTENT="as" WC="0.72" CC="50"/>
						<SP ID="P307_SP00095" HPOS="616" VPOS="632" WIDTH="21"/>
						<String ID="P307_ST00108" HPOS="637" VPOS="600" WIDTH="45" HEIGHT="23" CONTENT="has" WC="0.78" CC="600"/>
						<SP ID="P307_SP00096" HPOS="682" VPOS="632" WIDTH="22"/>
						<String ID="P307_ST00109" HPOS="704" VPOS="600" WIDTH="63" HEIGHT="23" CONTENT="been" WC="0.91" CC="0003"/>
						<SP ID="P307_SP00097" HPOS="767" VPOS="632" WIDTH="21"/>
						<String ID="P307_ST00110" HPOS="788" VPOS="600" WIDTH="153" HEIGHT="30" CONTENT="mentioned," WC="0.77" CC="0065530001"/>
						<SP ID="P307_SP00098" HPOS="941" VPOS="632" WIDTH="19"/>
						<String ID="P307_ST00111" HPOS="960" VPOS="600" WIDTH="44" HEIGHT="24" CONTENT="the" WC="0.75" CC="070"/>
					</TextLine>
					<TextLine ID="P307_TL00014" HPOS="158" VPOS="639" WIDTH="846" HEIGHT="32">
						<String ID="P307_ST00112" HPOS="158" VPOS="640" WIDTH="95" HEIGHT="24" CONTENT="former" WC="0.72" CC="801060"/>
						<SP ID="P307_SP00099" HPOS="253" VPOS="664" WIDTH="16"/>
						<String ID="P307_ST00113" HPOS="269" VPOS="639" WIDTH="51" HEIGHT="25" CONTENT="had" WC="0.75" CC="700"/>
						<SP ID="P307_SP00100" HPOS="320" VPOS="664" WIDTH="23"/>
						<String ID="P307_ST00114" HPOS="343" VPOS="643" WIDTH="26" HEIGHT="20" CONTENT="to" WC="0.69" CC="60"/>
						<SP ID="P307_SP00101" HPOS="369" VPOS="664" WIDTH="19"/>
						<String ID="P307_ST00115" HPOS="388" VPOS="639" WIDTH="31" HEIGHT="25" CONTENT="be" WC="0.92" CC="10"/>
						<SP ID="P307_SP00102" HPOS="419" VPOS="664" WIDTH="21"/>
						<String ID="P307_ST00116" HPOS="440" VPOS="639" WIDTH="159" HEIGHT="30" CONTENT="abandoned," WC="0.71" CC="3707036001"/>
						<SP ID="P307_SP00103" HPOS="599" VPOS="669" WIDTH="18"/>
						<String ID="P307_ST00117" HPOS="617" VPOS="639" WIDTH="59" HEIGHT="30" CONTENT="and," WC="0.72" CC="0802"/>
						<SP ID="P307_SP00104" HPOS="676" VPOS="669" WIDTH="15"/>
						<String ID="P307_ST00118" HPOS="691" VPOS="639" WIDTH="123" HEIGHT="32" CONTENT="although" WC="0.80" CC="03560000"/>
						<SP ID="P307_SP00105" HPOS="814" VPOS="671" WIDTH="23"/>
						<String ID="P307_ST00119" HPOS="837" VPOS="640" WIDTH="44" HEIGHT="24" CONTENT="the" WC="0.63" CC="073"/>
						<SP ID="P307_SP00106" HPOS="881" VPOS="671" WIDTH="16"/>
						<String ID="P307_ST00120" HPOS="897" VPOS="640" WIDTH="107" HEIGHT="24" CONTENT="difficult" WC="0.75" CC="032224024"/>
					</TextLine>
					<TextLine ID="P307_TL00015" HPOS="157" VPOS="679" WIDTH="847" HEIGHT="32">
						<String ID="P307_ST00121" HPOS="157" VPOS="688" WIDTH="105" HEIGHT="23" CONTENT="passage" WC="0.88" CC="0016000"/>
						<SP ID="P307_SP00107" HPOS="262" VPOS="711" WIDTH="13"/>
						<String ID="P307_ST00122" HPOS="275" VPOS="680" WIDTH="26" HEIGHT="24" CONTENT="of" WC="0.56" CC="08"/>
						<SP ID="P307_SP00108" HPOS="301" VPOS="711" WIDTH="11"/>
						<String ID="P307_ST00123" HPOS="312" VPOS="680" WIDTH="44" HEIGHT="24" CONTENT="the" WC="0.71" CC="170"/>
						<SP ID="P307_SP00109" HPOS="356" VPOS="711" WIDTH="13"/>
						<String ID="P307_ST00124" HPOS="369" VPOS="680" WIDTH="67" HEIGHT="24" CONTENT="river" WC="0.76" CC="00704"/>
						<SP ID="P307_SP00110" HPOS="436" VPOS="711" WIDTH="13"/>
						<String ID="P307_ST00125" HPOS="449" VPOS="688" WIDTH="51" HEIGHT="16" CONTENT="was" WC="0.80" CC="005"/>
						<SP ID="P307_SP00111" HPOS="500" VPOS="711" WIDTH="13"/>
						<String ID="P307_ST00126" HPOS="513" VPOS="679" WIDTH="115" HEIGHT="31" CONTENT="skilfully" WC="0.83" CC="003304110"/>
						<SP ID="P307_SP00112" HPOS="628" VPOS="711" WIDTH="14"/>
						<String ID="P307_ST00127" HPOS="642" VPOS="679" WIDTH="79" HEIGHT="30" CONTENT="made," WC="0.94" CC="00003"/>
						<SP ID="P307_SP00113" HPOS="721" VPOS="711" WIDTH="16"/>
						<String ID="P307_ST00128" HPOS="737" VPOS="680" WIDTH="71" HEIGHT="24" CONTENT="three" WC="0.56" CC="65504"/>
						<SP ID="P307_SP00114" HPOS="808" VPOS="711" WIDTH="13"/>
						<String ID="P307_ST00129" HPOS="821" VPOS="680" WIDTH="27" HEIGHT="24" CONTENT="of" WC="0.79" CC="40"/>
						<SP ID="P307_SP00115" HPOS="848" VPOS="711" WIDTH="12"/>
						<String ID="P307_ST00130" HPOS="860" VPOS="680" WIDTH="43" HEIGHT="24" CONTENT="the" WC="0.79" CC="140"/>
						<SP ID="P307_SP00116" HPOS="903" VPOS="711" WIDTH="14"/>
						<String ID="P307_ST00131" HPOS="917" VPOS="680" WIDTH="87" HEIGHT="24" CONTENT="Dutch" WC="0.83" CC="05001"/>
					</TextLine>
					<TextLine ID="P307_TL00016" HPOS="157" VPOS="718" WIDTH="847" HEIGHT="33">
						<String ID="P307_ST00132" HPOS="157" VPOS="720" WIDTH="72" HEIGHT="31" CONTENT="ships" WC="0.64" CC="67300"/>
						<SP ID="P307_SP00117" HPOS="229" VPOS="751" WIDTH="24"/>
						<String ID="P307_ST00133" HPOS="253" VPOS="728" WIDTH="48" HEIGHT="15" CONTENT="ran" WC="0.50" CC="608"/>
						<SP ID="P307_SP00118" HPOS="301" VPOS="751" WIDTH="24"/>
						<String ID="P307_ST00134" HPOS="325" VPOS="719" WIDTH="116" HEIGHT="32" CONTENT="aground" WC="0.73" CC="7040500"/>
						<SP ID="P307_SP00119" HPOS="441" VPOS="751" WIDTH="25"/>
						<String ID="P307_ST00135" HPOS="466" VPOS="719" WIDTH="51" HEIGHT="24" CONTENT="and" WC="0.72" CC="080"/>
						<SP ID="P307_SP00120" HPOS="517" VPOS="751" WIDTH="24"/>
						<String ID="P307_ST00136" HPOS="541" VPOS="727" WIDTH="65" HEIGHT="16" CONTENT="were" WC="0.86" CC="0500"/>
						<SP ID="P307_SP00121" HPOS="606" VPOS="751" WIDTH="25"/>
						<String ID="P307_ST00137" HPOS="631" VPOS="718" WIDTH="100" HEIGHT="25" CONTENT="burned" WC="0.57" CC="359600"/>
						<SP ID="P307_SP00122" HPOS="731" VPOS="751" WIDTH="23"/>
						<String ID="P307_ST00138" HPOS="754" VPOS="721" WIDTH="27" HEIGHT="22" CONTENT="to" WC="0.68" CC="32"/>
						<SP ID="P307_SP00123" HPOS="781" VPOS="751" WIDTH="24"/>
						<String ID="P307_ST00139" HPOS="805" VPOS="722" WIDTH="109" HEIGHT="29" CONTENT="prevent" WC="0.80" CC="8301000"/>
						<SP ID="P307_SP00124" HPOS="914" VPOS="751" WIDTH="23"/>
						<String ID="P307_ST00140" HPOS="937" VPOS="720" WIDTH="67" HEIGHT="23" CONTENT="their" WC="0.51" CC="32764"/>
					</TextLine>
					<TextLine ID="P307_TL00017" HPOS="157" VPOS="758" WIDTH="847" HEIGHT="33">
						<String ID="P307_ST00141" HPOS="157" VPOS="760" WIDTH="93" HEIGHT="31" CONTENT="falling" WC="0.64" CC="0602186"/>
						<SP ID="P307_SP00125" HPOS="250" VPOS="791" WIDTH="29"/>
						<String ID="P307_ST00142" HPOS="279" VPOS="760" WIDTH="57" HEIGHT="22" CONTENT="into" WC="0.55" CC="0854"/>
						<SP ID="P307_SP00126" HPOS="336" VPOS="791" WIDTH="30"/>
						<String ID="P307_ST00143" HPOS="366" VPOS="759" WIDTH="44" HEIGHT="23" CONTENT="the" WC="0.55" CC="670"/>
						<SP ID="P307_SP00127" HPOS="410" VPOS="791" WIDTH="30"/>
						<String ID="P307_ST00144" HPOS="440" VPOS="759" WIDTH="82" HEIGHT="23" CONTENT="hands" WC="0.85" CC="60100"/>
						<SP ID="P307_SP00128" HPOS="522" VPOS="791" WIDTH="30"/>
						<String ID="P307_ST00145" HPOS="552" VPOS="759" WIDTH="26" HEIGHT="23" CONTENT="of" WC="0.31" CC="39"/>
						<SP ID="P307_SP00129" HPOS="578" VPOS="791" WIDTH="30"/>
						<String ID="P307_ST00146" HPOS="608" VPOS="758" WIDTH="44" HEIGHT="24" CONTENT="the" WC="0.79" CC="600"/>
						<SP ID="P307_SP00130" HPOS="652" VPOS="791" WIDTH="30"/>
						<String ID="P307_ST00147" HPOS="682" VPOS="758" WIDTH="115" HEIGHT="32" CONTENT="English." WC="0.67" CC="05074620"/>
						<SP ID="P307_SP00131" HPOS="797" VPOS="791" WIDTH="38"/>
						<String ID="P307_ST00148" HPOS="835" VPOS="759" WIDTH="51" HEIGHT="23" CONTENT="The" WC="0.85" CC="040"/>
						<SP ID="P307_SP00132" HPOS="886" VPOS="791" WIDTH="32"/>
						<String ID="P307_ST00149" HPOS="918" VPOS="760" WIDTH="86" HEIGHT="23" CONTENT="Dutch" WC="0.58" CC="04626"/>
					</TextLine>
					<TextLine ID="P307_TL00018" HPOS="157" VPOS="798" WIDTH="847" HEIGHT="24">
						<String ID="P307_ST00150" HPOS="157" VPOS="798" WIDTH="129" HEIGHT="24" CONTENT="anchored" WC="0.70" CC="07065400"/>
						<SP ID="P307_SP00133" HPOS="286" VPOS="822" WIDTH="25"/>
						<String ID="P307_ST00151" HPOS="311" VPOS="799" WIDTH="28" HEIGHT="23" CONTENT="in" WC="0.66" CC="06"/>
						<SP ID="P307_SP00134" HPOS="339" VPOS="822" WIDTH="23"/>
						<String ID="P307_ST00152" HPOS="362" VPOS="807" WIDTH="16" HEIGHT="15" CONTENT="a" WC="1.00" CC="0"/>
						<SP ID="P307_SP00135" HPOS="378" VPOS="822" WIDTH="23"/>
						<String ID="P307_ST00153" HPOS="401" VPOS="798" WIDTH="52" HEIGHT="23" CONTENT="line" WC="0.91" CC="0300"/>
						<SP ID="P307_SP00136" HPOS="453" VPOS="822" WIDTH="25"/>
						<String ID="P307_ST00154" HPOS="478" VPOS="798" WIDTH="83" HEIGHT="23" CONTENT="which" WC="0.71" CC="07501"/>
						<SP ID="P307_SP00137" HPOS="561" VPOS="822" WIDTH="30"/>
						<String ID="P307_ST00155" HPOS="591" VPOS="798" WIDTH="129" HEIGHT="23" CONTENT="extended" WC="0.71" CC="09408000"/>
						<SP ID="P307_SP00138" HPOS="720" VPOS="822" WIDTH="28"/>
						<String ID="P307_ST00156" HPOS="748" VPOS="798" WIDTH="66" HEIGHT="23" CONTENT="from" WC="0.98" CC="0000"/>
						<SP ID="P307_SP00139" HPOS="814" VPOS="822" WIDTH="31"/>
						<String ID="P307_ST00157" HPOS="845" VPOS="798" WIDTH="43" HEIGHT="24" CONTENT="the" WC="0.80" CC="050"/>
						<SP ID="P307_SP00140" HPOS="888" VPOS="822" WIDTH="31"/>
						<String ID="P307_ST00158" HPOS="919" VPOS="798" WIDTH="85" HEIGHT="24" CONTENT="North" WC="0.86" CC="04020"/>
					</TextLine>
					<TextLine ID="P307_TL00019" HPOS="157" VPOS="837" WIDTH="847" HEIGHT="33">
						<String ID="P307_ST00159" HPOS="157" VPOS="838" WIDTH="130" HEIGHT="25" CONTENT="Foreland" WC="0.60" CC="70208940"/>
						<SP ID="P307_SP00141" HPOS="287" VPOS="863" WIDTH="19"/>
						<String ID="P307_ST00160" HPOS="306" VPOS="842" WIDTH="27" HEIGHT="20" CONTENT="to" WC="0.71" CC="50"/>
						<SP ID="P307_SP00142" HPOS="333" VPOS="863" WIDTH="18"/>
						<String ID="P307_ST00161" HPOS="351" VPOS="838" WIDTH="44" HEIGHT="24" CONTENT="the" WC="0.77" CC="600"/>
						<SP ID="P307_SP00143" HPOS="395" VPOS="863" WIDTH="20"/>
						<String ID="P307_ST00162" HPOS="415" VPOS="838" WIDTH="72" HEIGHT="32" CONTENT="Buoy" WC="0.80" CC="6010"/>
						<SP ID="P307_SP00144" HPOS="487" VPOS="870" WIDTH="19"/>
						<String ID="P307_ST00163" HPOS="506" VPOS="842" WIDTH="28" HEIGHT="19" CONTENT="at" WC="0.80" CC="03"/>
						<SP ID="P307_SP00145" HPOS="534" VPOS="870" WIDTH="15"/>
						<String ID="P307_ST00164" HPOS="549" VPOS="837" WIDTH="45" HEIGHT="24" CONTENT="the" WC="0.57" CC="570"/>
						<SP ID="P307_SP00146" HPOS="594" VPOS="870" WIDTH="19"/>
						<String ID="P307_ST00165" HPOS="613" VPOS="837" WIDTH="75" HEIGHT="24" CONTENT="Nore." WC="0.54" CC="90903"/>
						<SP ID="P307_SP00147" HPOS="688" VPOS="870" WIDTH="40"/>
						<String ID="P307_ST00166" HPOS="728" VPOS="838" WIDTH="48" HEIGHT="23" CONTENT='"A' WC="0.78" CC="40"/>
						<SP ID="P307_SP00148" HPOS="776" VPOS="870" WIDTH="26"/>
						<String ID="P307_ST00167" HPOS="802" VPOS="837" WIDTH="117" HEIGHT="25" CONTENT="dreadful" WC="0.92" CC="02000030"/>
						<SP ID="P307_SP00149" HPOS="919" VPOS="870" WIDTH="20"/>
						<String ID="P307_ST00168" HPOS="939" VPOS="847" WIDTH="65" HEIGHT="23" CONTENT="spec" SUBS_TYPE="HypPart1" SUBS_CONTENT="spectacle" WC="0.79" CC="60004"/>
						<HYP CONTENT="-"/>
					</TextLine>
					<TextLine ID="P307_TL00020" HPOS="157" VPOS="877" WIDTH="847" HEIGHT="33">
						<String ID="P307_ST00169" HPOS="157" VPOS="879" WIDTH="67" HEIGHT="24" CONTENT="tacle" SUBS_TYPE="HypPart2" SUBS_CONTENT="spectacle" WC="0.62" CC="09170"/>
						<SP ID="P307_SP00150" HPOS="224" VPOS="903" WIDTH="19"/>
						<String ID="P307_ST00170" HPOS="243" VPOS="887" WIDTH="27" HEIGHT="16" CONTENT="as" WC="0.85" CC="02"/>
						<SP ID="P307_SP00151" HPOS="270" VPOS="903" WIDTH="20"/>
						<String ID="P307_ST00171" HPOS="290" VPOS="878" WIDTH="121" HEIGHT="32" CONTENT="England" WC="0.92" CC="1300000"/>
						<SP ID="P307_SP00152" HPOS="411" VPOS="910" WIDTH="18"/>
						<String ID="P307_ST00172" HPOS="429" VPOS="886" WIDTH="60" HEIGHT="16" CONTENT="ever" WC="0.83" CC="0104"/>
						<SP ID="P307_SP00153" HPOS="489" VPOS="910" WIDTH="18"/>
						<String ID="P307_ST00173" HPOS="507" VPOS="886" WIDTH="59" HEIGHT="21" CONTENT="saw," WC="0.92" CC="0003"/>
						<SP ID="P307_SP00154" HPOS="566" VPOS="910" WIDTH="20"/>
						<String ID="P307_ST00174" HPOS="586" VPOS="877" WIDTH="49" HEIGHT="24" CONTENT="and" WC="0.96" CC="010"/>
						<SP ID="P307_SP00155" HPOS="635" VPOS="910" WIDTH="19"/>
						<String ID="P307_ST00175" HPOS="654" VPOS="886" WIDTH="78" HEIGHT="16" CONTENT="never" WC="0.71" CC="70600"/>
						<SP ID="P307_SP00156" HPOS="732" VPOS="910" WIDTH="19"/>
						<String ID="P307_ST00176" HPOS="751" VPOS="881" WIDTH="26" HEIGHT="21" CONTENT="to" WC="0.81" CC="30"/>
						<SP ID="P307_SP00157" HPOS="777" VPOS="910" WIDTH="19"/>
						<String ID="P307_ST00177" HPOS="796" VPOS="877" WIDTH="30" HEIGHT="25" CONTENT="be" WC="0.63" CC="70"/>
						<SP ID="P307_SP00158" HPOS="826" VPOS="910" WIDTH="23"/>
						<String ID="P307_ST00178" HPOS="849" VPOS="878" WIDTH="81" HEIGHT="32" CONTENT="wiped" WC="0.91" CC="04000"/>
						<SP ID="P307_SP00159" HPOS="930" VPOS="910" WIDTH="18"/>
						<String ID="P307_ST00179" HPOS="948" VPOS="878" WIDTH="56" HEIGHT="31" CONTENT='off,"' WC="0.80" CC="50003"/>
					</TextLine>
					<TextLine ID="P307_TL00021" HPOS="157" VPOS="919" WIDTH="187" HEIGHT="30">
						<String ID="P307_ST00180" HPOS="157" VPOS="926" WIDTH="59" HEIGHT="23" CONTENT="says" WC="0.83" CC="4001"/>
						<SP ID="P307_SP00160" HPOS="216" VPOS="949" WIDTH="20"/>
						<String ID="P307_ST00181" HPOS="236" VPOS="919" WIDTH="108" HEIGHT="30" CONTENT="Evelyn." WC="0.67" CC="0634080"/>
					</TextLine>
				</TextBlock>
				<TextBlock ID="P307_TB00006" HPOS="154" VPOS="956" WIDTH="850" HEIGHT="109" STYLEREFS="TXT_1 PAR_LEFT">
					<TextLine ID="P307_TL00022" HPOS="190" VPOS="957" WIDTH="814" HEIGHT="32">
						<String ID="P307_ST00182" HPOS="190" VPOS="958" WIDTH="156" HEIGHT="31" CONTENT="Altogether" WC="0.74" CC="0370007304"/>
						<SP ID="P307_SP00161" HPOS="346" VPOS="989" WIDTH="29"/>
						<String ID="P307_ST00183" HPOS="375" VPOS="965" WIDTH="47" HEIGHT="16" CONTENT="our" WC="0.64" CC="505"/>
						<SP ID="P307_SP00162" HPOS="422" VPOS="989" WIDTH="28"/>
						<String ID="P307_ST00184" HPOS="450" VPOS="958" WIDTH="77" HEIGHT="23" CONTENT="losses" WC="0.67" CC="146007"/>
						<SP ID="P307_SP00163" HPOS="527" VPOS="989" WIDTH="31"/>
						<String ID="P307_ST00185" HPOS="558" VPOS="957" WIDTH="126" HEIGHT="24" CONTENT="consisted" WC="0.72" CC="017306500"/>
						<SP ID="P307_SP00164" HPOS="684" VPOS="989" WIDTH="33"/>
						<String ID="P307_ST00186" HPOS="717" VPOS="957" WIDTH="26" HEIGHT="24" CONTENT="of" WC="0.54" CC="09"/>
						<SP ID="P307_SP00165" HPOS="743" VPOS="989" WIDTH="29"/>
						<String ID="P307_ST00187" HPOS="772" VPOS="957" WIDTH="48" HEIGHT="24" CONTENT="five" WC="0.82" CC="0070"/>
						<SP ID="P307_SP00166" HPOS="820" VPOS="989" WIDTH="30"/>
						<String ID="P307_ST00188" HPOS="850" VPOS="958" WIDTH="154" HEIGHT="23" CONTENT="men-of-war" WC="0.64" CC="5550090090"/>
					</TextLine>
					<TextLine ID="P307_TL00023" HPOS="156" VPOS="997" WIDTH="848" HEIGHT="28">
						<String ID="P307_ST00189" HPOS="156" VPOS="997" WIDTH="100" HEIGHT="24" CONTENT="burned" WC="0.61" CC="753600"/>
						<SP ID="P307_SP00167" HPOS="256" VPOS="1021" WIDTH="13"/>
						<String ID="P307_ST00190" HPOS="269" VPOS="1006" WIDTH="28" HEIGHT="14" CONTENT="or" WC="0.91" CC="01"/>
						<SP ID="P307_SP00168" HPOS="297" VPOS="1021" WIDTH="14"/>
						<String ID="P307_ST00191" HPOS="311" VPOS="997" WIDTH="79" HEIGHT="23" CONTENT="taken" WC="0.53" CC="60907"/>
						<SP ID="P307_SP00169" HPOS="390" VPOS="1021" WIDTH="13"/>
						<String ID="P307_ST00192" HPOS="403" VPOS="997" WIDTH="62" HEIGHT="22" CONTENT="with" WC="0.48" CC="0587"/>
						<SP ID="P307_SP00170" HPOS="465" VPOS="1021" WIDTH="14"/>
						<String ID="P307_ST00193" HPOS="479" VPOS="997" WIDTH="49" HEIGHT="22" CONTENT="loss" WC="0.72" CC="0073"/>
						<SP ID="P307_SP00171" HPOS="528" VPOS="1021" WIDTH="13"/>
						<String ID="P307_ST00194" HPOS="541" VPOS="997" WIDTH="26" HEIGHT="23" CONTENT="of" WC="1.00" CC="00"/>
						<SP ID="P307_SP00172" HPOS="567" VPOS="1021" WIDTH="12"/>
						<String ID="P307_ST00195" HPOS="579" VPOS="997" WIDTH="51" HEIGHT="28" CONTENT="life," WC="0.64" CC="20823"/>
						<SP ID="P307_SP00173" HPOS="630" VPOS="1025" WIDTH="12"/>
						<String ID="P307_ST00196" HPOS="642" VPOS="997" WIDTH="71" HEIGHT="23" CONTENT="three" WC="0.62" CC="46700"/>
						<SP ID="P307_SP00174" HPOS="713" VPOS="1025" WIDTH="10"/>
						<String ID="P307_ST00197" HPOS="723" VPOS="997" WIDTH="97" HEIGHT="23" CONTENT="burned" WC="0.82" CC="410400"/>
						<SP ID="P307_SP00175" HPOS="820" VPOS="1025" WIDTH="15"/>
						<String ID="P307_ST00198" HPOS="835" VPOS="997" WIDTH="108" HEIGHT="24" CONTENT="without" WC="0.72" CC="0007037"/>
						<SP ID="P307_SP00176" HPOS="943" VPOS="1025" WIDTH="13"/>
						<String ID="P307_ST00199" HPOS="956" VPOS="998" WIDTH="48" HEIGHT="24" CONTENT="loss" WC="0.82" CC="0007"/>
					</TextLine>
					<TextLine ID="P307_TL00024" HPOS="156" VPOS="1036" WIDTH="812" HEIGHT="29">
						<String ID="P307_ST00200" HPOS="156" VPOS="1037" WIDTH="26" HEIGHT="23" CONTENT="of" WC="0.84" CC="30"/>
						<SP ID="P307_SP00177" HPOS="182" VPOS="1060" WIDTH="14"/>
						<String ID="P307_ST00201" HPOS="196" VPOS="1037" WIDTH="50" HEIGHT="28" CONTENT="life," WC="0.81" CC="70100"/>
						<SP ID="P307_SP00178" HPOS="246" VPOS="1065" WIDTH="16"/>
						<String ID="P307_ST00202" HPOS="262" VPOS="1036" WIDTH="50" HEIGHT="24" CONTENT="and" WC="0.72" CC="080"/>
						<SP ID="P307_SP00179" HPOS="312" VPOS="1065" WIDTH="14"/>
						<String ID="P307_ST00203" HPOS="326" VPOS="1036" WIDTH="114" HEIGHT="23" CONTENT="thirteen" WC="0.74" CC="45100008"/>
						<SP ID="P307_SP00180" HPOS="440" VPOS="1065" WIDTH="14"/>
						<String ID="P307_ST00204" HPOS="454" VPOS="1036" WIDTH="68" HEIGHT="29" CONTENT="ships" WC="0.60" CC="77400"/>
						<SP ID="P307_SP00181" HPOS="522" VPOS="1065" WIDTH="13"/>
						<String ID="P307_ST00205" HPOS="535" VPOS="1036" WIDTH="65" HEIGHT="23" CONTENT="sunk" WC="0.57" CC="5370"/>
						<SP ID="P307_SP00182" HPOS="600" VPOS="1065" WIDTH="15"/>
						<String ID="P307_ST00206" HPOS="615" VPOS="1044" WIDTH="28" HEIGHT="15" CONTENT="or" WC="0.65" CC="15"/>
						<SP ID="P307_SP00183" HPOS="643" VPOS="1065" WIDTH="11"/>
						<String ID="P307_ST00207" HPOS="654" VPOS="1036" WIDTH="96" HEIGHT="29" CONTENT="ashore," WC="0.82" CC="0660000"/>
						<SP ID="P307_SP00184" HPOS="750" VPOS="1065" WIDTH="15"/>
						<String ID="P307_ST00208" HPOS="765" VPOS="1036" WIDTH="47" HEIGHT="24" CONTENT="but" WC="0.38" CC="746"/>
						<SP ID="P307_SP00185" HPOS="812" VPOS="1065" WIDTH="13"/>
						<String ID="P307_ST00209" HPOS="825" VPOS="1040" WIDTH="45" HEIGHT="21" CONTENT="not" WC="0.51" CC="706"/>
						<SP ID="P307_SP00186" HPOS="870" VPOS="1065" WIDTH="13"/>
						<String ID="P307_ST00210" HPOS="883" VPOS="1037" WIDTH="85" HEIGHT="24" CONTENT="taken." WC="0.89" CC="000060"/>
					</TextLine>
				</TextBlock>
				<TextBlock ID="P307_TB00007" HPOS="154" VPOS="1075" WIDTH="849" HEIGHT="72" STYLEREFS="TXT_1 PAR_LEFT">
					<TextLine ID="P307_TL00025" HPOS="190" VPOS="1075" WIDTH="813" HEIGHT="33">
						<String ID="P307_ST00211" HPOS="190" VPOS="1077" WIDTH="54" HEIGHT="23" CONTENT="The" WC="0.77" CC="060"/>
						<SP ID="P307_SP00187" HPOS="244" VPOS="1100" WIDTH="14"/>
						<String ID="P307_ST00212" HPOS="258" VPOS="1076" WIDTH="88" HEIGHT="24" CONTENT="Dutch" WC="0.73" CC="05007"/>
						<SP ID="P307_SP00188" HPOS="346" VPOS="1100" WIDTH="14"/>
						<String ID="P307_ST00213" HPOS="360" VPOS="1076" WIDTH="50" HEIGHT="24" CONTENT="lost" WC="0.68" CC="2036"/>
						<SP ID="P307_SP00189" HPOS="410" VPOS="1100" WIDTH="12"/>
						<String ID="P307_ST00214" HPOS="422" VPOS="1076" WIDTH="34" HEIGHT="23" CONTENT="all" WC="0.75" CC="700"/>
						<SP ID="P307_SP00190" HPOS="456" VPOS="1100" WIDTH="14"/>
						<String ID="P307_ST00215" HPOS="470" VPOS="1076" WIDTH="68" HEIGHT="23" CONTENT="their" WC="0.52" CC="94009"/>
						<SP ID="P307_SP00191" HPOS="538" VPOS="1100" WIDTH="12"/>
						<String ID="P307_ST00216" HPOS="550" VPOS="1075" WIDTH="122" HEIGHT="33" CONTENT="fireships," WC="0.81" CC="0000061072"/>
						<SP ID="P307_SP00192" HPOS="672" VPOS="1108" WIDTH="15"/>
						<String ID="P307_ST00217" HPOS="687" VPOS="1076" WIDTH="50" HEIGHT="24" CONTENT="and" WC="0.71" CC="080"/>
						<SP ID="P307_SP00193" HPOS="737" VPOS="1108" WIDTH="20"/>
						<String ID="P307_ST00218" HPOS="757" VPOS="1076" WIDTH="72" HEIGHT="24" CONTENT="three" WC="0.62" CC="26900"/>
						<SP ID="P307_SP00194" HPOS="829" VPOS="1108" WIDTH="19"/>
						<String ID="P307_ST00219" HPOS="848" VPOS="1077" WIDTH="155" HEIGHT="24" CONTENT="men-of-war" WC="0.57" CC="0080970097"/>
					</TextLine>
					<TextLine ID="P307_TL00026" HPOS="155" VPOS="1116" WIDTH="357" HEIGHT="31">
						<String ID="P307_ST00220" HPOS="155" VPOS="1116" WIDTH="137" HEIGHT="31" CONTENT="destroyed" WC="0.88" CC="000504000"/>
						<SP ID="P307_SP00195" HPOS="292" VPOS="1147" WIDTH="14"/>
						<String ID="P307_ST00221" HPOS="306" VPOS="1116" WIDTH="34" HEIGHT="31" CONTENT="by" WC="0.64" CC="70"/>
						<SP ID="P307_SP00196" HPOS="340" VPOS="1147" WIDTH="14"/>
						<String ID="P307_ST00222" HPOS="354" VPOS="1116" WIDTH="158" HEIGHT="24" CONTENT="themselves." WC="0.84" CC="02001054040"/>
					</TextLine>
				</TextBlock>
				<TextBlock ID="P307_TB00008" HPOS="154" VPOS="1154" WIDTH="849" HEIGHT="184" STYLEREFS="TXT_1 PAR_LEFT">
					<TextLine ID="P307_TL00027" HPOS="190" VPOS="1155" WIDTH="813" HEIGHT="33">
						<String ID="P307_ST00223" HPOS="190" VPOS="1157" WIDTH="52" HEIGHT="23" CONTENT="The" WC="0.74" CC="070"/>
						<SP ID="P307_SP00197" HPOS="242" VPOS="1180" WIDTH="14"/>
						<String ID="P307_ST00224" HPOS="256" VPOS="1160" WIDTH="84" HEIGHT="20" CONTENT="terror" WC="0.64" CC="006446"/>
						<SP ID="P307_SP00198" HPOS="340" VPOS="1180" WIDTH="12"/>
						<String ID="P307_ST00225" HPOS="352" VPOS="1155" WIDTH="91" HEIGHT="33" CONTENT="spread" WC="0.87" CC="600000"/>
						<SP ID="P307_SP00199" HPOS="443" VPOS="1188" WIDTH="14"/>
						<String ID="P307_ST00226" HPOS="457" VPOS="1158" WIDTH="26" HEIGHT="21" CONTENT="to" WC="0.96" CC="00"/>
						<SP ID="P307_SP00200" HPOS="483" VPOS="1188" WIDTH="13"/>
						<String ID="P307_ST00227" HPOS="496" VPOS="1156" WIDTH="44" HEIGHT="23" CONTENT="the" WC="0.81" CC="220"/>
						<SP ID="P307_SP00201" HPOS="540" VPOS="1188" WIDTH="14"/>
						<String ID="P307_ST00228" HPOS="554" VPOS="1156" WIDTH="108" HEIGHT="31" CONTENT="Capital." WC="0.60" CC="79065030"/>
						<SP ID="P307_SP00202" HPOS="662" VPOS="1188" WIDTH="52"/>
						<String ID="P307_ST00229" HPOS="714" VPOS="1158" WIDTH="12" HEIGHT="10" CONTENT='"' WC="0.86" CC="1"/>
						<SP ID="P307_SP00203" HPOS="726" VPOS="1188" WIDTH="15"/>
						<String ID="P307_ST00230" HPOS="741" VPOS="1156" WIDTH="51" HEIGHT="23" CONTENT="The" WC="0.71" CC="016"/>
						<SP ID="P307_SP00204" HPOS="792" VPOS="1188" WIDTH="14"/>
						<String ID="P307_ST00231" HPOS="806" VPOS="1157" WIDTH="94" HEIGHT="23" CONTENT="alarme" WC="0.79" CC="029000"/>
						<SP ID="P307_SP00205" HPOS="900" VPOS="1188" WIDTH="14"/>
						<String ID="P307_ST00232" HPOS="914" VPOS="1166" WIDTH="50" HEIGHT="14" CONTENT="was" WC="0.91" CC="002"/>
						<SP ID="P307_SP00206" HPOS="964" VPOS="1188" WIDTH="13"/>
						<String ID="P307_ST00233" HPOS="977" VPOS="1166" WIDTH="26" HEIGHT="15" CONTENT="so" WC="0.50" CC="90"/>
					</TextLine>
					<TextLine ID="P307_TL00028" HPOS="154" VPOS="1195" WIDTH="849" HEIGHT="34">
						<String ID="P307_ST00234" HPOS="154" VPOS="1196" WIDTH="97" HEIGHT="33" CONTENT='great,"' WC="0.62" CC="9600503"/>
						<SP ID="P307_SP00207" HPOS="251" VPOS="1229" WIDTH="14"/>
						<String ID="P307_ST00235" HPOS="265" VPOS="1204" WIDTH="58" HEIGHT="24" CONTENT="says" WC="0.91" CC="1002"/>
						<SP ID="P307_SP00208" HPOS="323" VPOS="1229" WIDTH="21"/>
						<String ID="P307_ST00236" HPOS="344" VPOS="1196" WIDTH="107" HEIGHT="31" CONTENT="Evelyn," WC="0.67" CC="1604900"/>
						<SP ID="P307_SP00209" HPOS="451" VPOS="1229" WIDTH="17"/>
						<String ID="P307_ST00237" HPOS="468" VPOS="1197" WIDTH="14" HEIGHT="11" CONTENT='"' WC="0.54" CC="4"/>
						<SP ID="P307_SP00210" HPOS="482" VPOS="1229" WIDTH="10"/>
						<String ID="P307_ST00238" HPOS="492" VPOS="1195" WIDTH="57" HEIGHT="23" CONTENT="that" WC="0.60" CC="0609"/>
						<SP ID="P307_SP00211" HPOS="549" VPOS="1229" WIDTH="17"/>
						<String ID="P307_ST00239" HPOS="566" VPOS="1196" WIDTH="21" HEIGHT="22" CONTENT="it" WC="0.79" CC="04"/>
						<SP ID="P307_SP00212" HPOS="587" VPOS="1229" WIDTH="15"/>
						<String ID="P307_ST00240" HPOS="602" VPOS="1198" WIDTH="47" HEIGHT="29" CONTENT="put" WC="0.79" CC="014"/>
						<SP ID="P307_SP00213" HPOS="649" VPOS="1229" WIDTH="17"/>
						<String ID="P307_ST00241" HPOS="666" VPOS="1195" WIDTH="63" HEIGHT="24" CONTENT="both" WC="0.47" CC="7561"/>
						<SP ID="P307_SP00214" HPOS="729" VPOS="1229" WIDTH="17"/>
						<String ID="P307_ST00242" HPOS="746" VPOS="1199" WIDTH="107" HEIGHT="29" CONTENT="country" WC="0.75" CC="0143600"/>
						<SP ID="P307_SP00215" HPOS="853" VPOS="1229" WIDTH="17"/>
						<String ID="P307_ST00243" HPOS="870" VPOS="1196" WIDTH="51" HEIGHT="24" CONTENT="and" WC="0.47" CC="870"/>
						<SP ID="P307_SP00216" HPOS="921" VPOS="1229" WIDTH="17"/>
						<String ID="P307_ST00244" HPOS="938" VPOS="1197" WIDTH="65" HEIGHT="32" CONTENT="citty" WC="0.90" CC="04000"/>
					</TextLine>
					<TextLine ID="P307_TL00029" HPOS="154" VPOS="1235" WIDTH="849" HEIGHT="33">
						<String ID="P307_ST00245" HPOS="154" VPOS="1238" WIDTH="57" HEIGHT="23" CONTENT="into" WC="0.82" CC="0510"/>
						<SP ID="P307_SP00217" HPOS="211" VPOS="1261" WIDTH="19"/>
						<String ID="P307_ST00246" HPOS="230" VPOS="1246" WIDTH="16" HEIGHT="14" CONTENT="a" WC="0.45" CC="5"/>
						<SP ID="P307_SP00218" HPOS="246" VPOS="1261" WIDTH="22"/>
						<String ID="P307_ST00247" HPOS="268" VPOS="1236" WIDTH="84" HEIGHT="32" CONTENT="paniq," WC="0.95" CC="002000"/>
						<SP ID="P307_SP00219" HPOS="352" VPOS="1268" WIDTH="21"/>
						<String ID="P307_ST00248" HPOS="373" VPOS="1235" WIDTH="77" HEIGHT="29" CONTENT="feare," WC="0.93" CC="000400"/>
						<SP ID="P307_SP00220" HPOS="450" VPOS="1268" WIDTH="18"/>
						<String ID="P307_ST00249" HPOS="468" VPOS="1235" WIDTH="51" HEIGHT="23" CONTENT="and" WC="1.00" CC="000"/>
						<SP ID="P307_SP00221" HPOS="519" VPOS="1268" WIDTH="20"/>
						<String ID="P307_ST00250" HPOS="539" VPOS="1236" WIDTH="191" HEIGHT="23" CONTENT="consternation" WC="0.72" CC="0075109300305"/>
						<SP ID="P307_SP00222" HPOS="730" VPOS="1268" WIDTH="19"/>
						<String ID="P307_ST00251" HPOS="749" VPOS="1236" WIDTH="61" HEIGHT="23" CONTENT="such" WC="0.78" CC="2006"/>
						<SP ID="P307_SP00223" HPOS="810" VPOS="1268" WIDTH="21"/>
						<String ID="P307_ST00252" HPOS="831" VPOS="1245" WIDTH="28" HEIGHT="14" CONTENT="as" WC="0.94" CC="01"/>
						<SP ID="P307_SP00224" HPOS="859" VPOS="1268" WIDTH="16"/>
						<String ID="P307_ST00253" HPOS="875" VPOS="1236" WIDTH="14" HEIGHT="24" CONTENT="I" WC="1.00" CC="0"/>
						<SP ID="P307_SP00225" HPOS="889" VPOS="1268" WIDTH="19"/>
						<String ID="P307_ST00254" HPOS="908" VPOS="1237" WIDTH="65" HEIGHT="31" CONTENT="hope" WC="0.65" CC="1191"/>
						<SP ID="P307_SP00226" HPOS="973" VPOS="1268" WIDTH="17"/>
						<String ID="P307_ST00255" HPOS="990" VPOS="1238" WIDTH="13" HEIGHT="23" CONTENT="I" WC="0.75" CC="2"/>
					</TextLine>
					<TextLine ID="P307_TL00030" HPOS="154" VPOS="1274" WIDTH="849" HEIGHT="33">
						<String ID="P307_ST00256" HPOS="154" VPOS="1277" WIDTH="66" HEIGHT="24" CONTENT="shall" WC="0.70" CC="57010"/>
						<SP ID="P307_SP00227" HPOS="220" VPOS="1301" WIDTH="20"/>
						<String ID="P307_ST00257" HPOS="240" VPOS="1284" WIDTH="79" HEIGHT="16" CONTENT="never" WC="0.73" CC="30603"/>
						<SP ID="P307_SP00228" HPOS="319" VPOS="1301" WIDTH="21"/>
						<String ID="P307_ST00258" HPOS="340" VPOS="1283" WIDTH="42" HEIGHT="16" CONTENT="see" WC="0.90" CC="300"/>
						<SP ID="P307_SP00229" HPOS="382" VPOS="1301" WIDTH="19"/>
						<String ID="P307_ST00259" HPOS="401" VPOS="1283" WIDTH="69" HEIGHT="15" CONTENT="more" WC="0.75" CC="0090"/>
						<String ID="P307_ST00260" HPOS="479" VPOS="1283" WIDTH="6" HEIGHT="21" CONTENT=";" WC="0.33" CC="6"/>
						<SP ID="P307_SP00230" HPOS="485" VPOS="1304" WIDTH="26"/>
						<String ID="P307_ST00261" HPOS="511" VPOS="1274" WIDTH="144" HEIGHT="32" CONTENT="everybody" WC="0.61" CC="060706490"/>
						<SP ID="P307_SP00231" HPOS="655" VPOS="1306" WIDTH="18"/>
						<String ID="P307_ST00262" HPOS="673" VPOS="1284" WIDTH="51" HEIGHT="15" CONTENT="was" WC="0.96" CC="001"/>
						<SP ID="P307_SP00232" HPOS="724" VPOS="1306" WIDTH="17"/>
						<String ID="P307_ST00263" HPOS="741" VPOS="1275" WIDTH="86" HEIGHT="32" CONTENT="flying," WC="0.82" CC="2204003"/>
						<SP ID="P307_SP00233" HPOS="827" VPOS="1307" WIDTH="18"/>
						<String ID="P307_ST00264" HPOS="845" VPOS="1284" WIDTH="65" HEIGHT="16" CONTENT="none" WC="0.72" CC="6310"/>
						<SP ID="P307_SP00234" HPOS="910" VPOS="1307" WIDTH="19"/>
						<String ID="P307_ST00265" HPOS="929" VPOS="1276" WIDTH="74" HEIGHT="25" CONTENT="knew" WC="1.00" CC="0000"/>
					</TextLine>
					<TextLine ID="P307_TL00031" HPOS="154" VPOS="1314" WIDTH="273" HEIGHT="24">
						<String ID="P307_ST00266" HPOS="154" VPOS="1317" WIDTH="85" HEIGHT="21" CONTENT="where" WC="0.88" CC="06000"/>
						<SP ID="P307_SP00235" HPOS="239" VPOS="1338" WIDTH="13"/>
						<String ID="P307_ST00267" HPOS="252" VPOS="1324" WIDTH="28" HEIGHT="14" CONTENT="or" WC="0.64" CC="34"/>
						<SP ID="P307_SP00236" HPOS="280" VPOS="1338" WIDTH="14"/>
						<String ID="P307_ST00268" HPOS="294" VPOS="1314" WIDTH="133" HEIGHT="24" CONTENT='whither."' WC="0.78" CC="073060001"/>
					</TextLine>
				</TextBlock>
				<TextBlock ID="P307_TB00009" HPOS="150" VPOS="1353" WIDTH="852" HEIGHT="354" STYLEREFS="TXT_1 PAR_LEFT">
					<TextLine ID="P307_TL00032" HPOS="189" VPOS="1354" WIDTH="813" HEIGHT="31">
						<String ID="P307_ST00269" HPOS="189" VPOS="1356" WIDTH="53" HEIGHT="24" CONTENT="The" WC="0.77" CC="060"/>
						<SP ID="P307_SP00237" HPOS="242" VPOS="1380" WIDTH="14"/>
						<String ID="P307_ST00270" HPOS="256" VPOS="1355" WIDTH="88" HEIGHT="24" CONTENT="Dutch" WC="0.74" CC="02307"/>
						<SP ID="P307_SP00238" HPOS="344" VPOS="1380" WIDTH="13"/>
						<String ID="P307_ST00271" HPOS="357" VPOS="1362" WIDTH="66" HEIGHT="16" CONTENT="were" WC="0.93" CC="0020"/>
						<SP ID="P307_SP00239" HPOS="423" VPOS="1380" WIDTH="13"/>
						<String ID="P307_ST00272" HPOS="436" VPOS="1354" WIDTH="123" HEIGHT="31" CONTENT="expected" WC="0.96" CC="00001100"/>
						<SP ID="P307_SP00240" HPOS="559" VPOS="1385" WIDTH="12"/>
						<String ID="P307_ST00273" HPOS="571" VPOS="1357" WIDTH="28" HEIGHT="21" CONTENT="at" WC="0.67" CC="06"/>
						<SP ID="P307_SP00241" HPOS="599" VPOS="1385" WIDTH="13"/>
						<String ID="P307_ST00274" HPOS="612" VPOS="1354" WIDTH="142" HEIGHT="24" CONTENT="Woolwich" WC="0.74" CC="06300037"/>
						<String ID="P307_ST00275" HPOS="764" VPOS="1365" WIDTH="4" HEIGHT="14" CONTENT=":" WC="0.35" CC="6"/>
						<SP ID="P307_SP00242" HPOS="768" VPOS="1385" WIDTH="18"/>
						<String ID="P307_ST00276" HPOS="786" VPOS="1356" WIDTH="43" HEIGHT="23" CONTENT="the" WC="0.73" CC="070"/>
						<SP ID="P307_SP00243" HPOS="829" VPOS="1385" WIDTH="13"/>
						<String ID="P307_ST00277" HPOS="842" VPOS="1356" WIDTH="160" HEIGHT="25" CONTENT="inhabitants" WC="0.60" CC="07407060665"/>
					</TextLine>
					<TextLine ID="P307_TL00033" HPOS="155" VPOS="1394" WIDTH="847" HEIGHT="35">
						<String ID="P307_ST00278" HPOS="155" VPOS="1396" WIDTH="28" HEIGHT="25" CONTENT="of" WC="0.77" CC="40"/>
						<SP ID="P307_SP00244" HPOS="183" VPOS="1421" WIDTH="26"/>
						<String ID="P307_ST00279" HPOS="209" VPOS="1395" WIDTH="153" HEIGHT="25" CONTENT="Greenwich" WC="0.73" CC="602007006"/>
						<SP ID="P307_SP00245" HPOS="362" VPOS="1421" WIDTH="26"/>
						<String ID="P307_ST00280" HPOS="388" VPOS="1394" WIDTH="51" HEIGHT="24" CONTENT="and" WC="0.84" CC="400"/>
						<SP ID="P307_SP00246" HPOS="439" VPOS="1421" WIDTH="27"/>
						<String ID="P307_ST00281" HPOS="466" VPOS="1394" WIDTH="140" HEIGHT="23" CONTENT="Blackwall" WC="0.71" CC="600039031"/>
						<SP ID="P307_SP00247" HPOS="606" VPOS="1421" WIDTH="26"/>
						<String ID="P307_ST00282" HPOS="632" VPOS="1395" WIDTH="98" HEIGHT="30" CONTENT="packed" WC="0.90" CC="050000"/>
						<SP ID="P307_SP00248" HPOS="730" VPOS="1425" WIDTH="27"/>
						<String ID="P307_ST00283" HPOS="757" VPOS="1404" WIDTH="34" HEIGHT="23" CONTENT="up" WC="0.58" CC="80"/>
						<SP ID="P307_SP00249" HPOS="791" VPOS="1427" WIDTH="27"/>
						<String ID="P307_ST00284" HPOS="818" VPOS="1395" WIDTH="51" HEIGHT="24" CONTENT="and" WC="0.77" CC="060"/>
						<SP ID="P307_SP00250" HPOS="869" VPOS="1427" WIDTH="26"/>
						<String ID="P307_ST00285" HPOS="895" VPOS="1396" WIDTH="50" HEIGHT="25" CONTENT="fled" WC="0.78" CC="3500"/>
						<SP ID="P307_SP00251" HPOS="945" VPOS="1427" WIDTH="24"/>
						<String ID="P307_ST00286" HPOS="969" VPOS="1396" WIDTH="33" HEIGHT="33" CONTENT="by" WC="0.64" CC="70"/>
					</TextLine>
					<TextLine ID="P307_TL00034" HPOS="154" VPOS="1434" WIDTH="848" HEIGHT="33">
						<String ID="P307_ST00287" HPOS="154" VPOS="1435" WIDTH="133" HEIGHT="25" CONTENT="hundreds" WC="0.73" CC="70800203"/>
						<SP ID="P307_SP00252" HPOS="287" VPOS="1460" WIDTH="22"/>
						<String ID="P307_ST00288" HPOS="309" VPOS="1435" WIDTH="57" HEIGHT="24" CONTENT="into" WC="0.85" CC="0500"/>
						<SP ID="P307_SP00253" HPOS="366" VPOS="1460" WIDTH="21"/>
						<String ID="P307_ST00289" HPOS="387" VPOS="1434" WIDTH="45" HEIGHT="24" CONTENT="the" WC="0.88" CC="030"/>
						<SP ID="P307_SP00254" HPOS="432" VPOS="1460" WIDTH="22"/>
						<String ID="P307_ST00290" HPOS="454" VPOS="1436" WIDTH="109" HEIGHT="29" CONTENT="country" WC="0.76" CC="0045510"/>
						<SP ID="P307_SP00255" HPOS="563" VPOS="1465" WIDTH="21"/>
						<String ID="P307_ST00291" HPOS="584" VPOS="1434" WIDTH="90" HEIGHT="32" CONTENT="crying" WC="0.93" CC="000030"/>
						<SP ID="P307_SP00256" HPOS="674" VPOS="1466" WIDTH="19"/>
						<String ID="P307_ST00292" HPOS="693" VPOS="1437" WIDTH="14" HEIGHT="10" CONTENT='"' WC="1.00" CC="0"/>
						<SP ID="P307_SP00257" HPOS="707" VPOS="1466" WIDTH="11"/>
						<String ID="P307_ST00293" HPOS="718" VPOS="1443" WIDTH="36" HEIGHT="15" CONTENT="we" WC="0.95" CC="00"/>
						<SP ID="P307_SP00258" HPOS="754" VPOS="1466" WIDTH="26"/>
						<String ID="P307_ST00294" HPOS="780" VPOS="1443" WIDTH="41" HEIGHT="15" CONTENT="are" WC="0.75" CC="700"/>
						<SP ID="P307_SP00259" HPOS="821" VPOS="1466" WIDTH="22"/>
						<String ID="P307_ST00295" HPOS="843" VPOS="1435" WIDTH="122" HEIGHT="32" CONTENT="betrayed" WC="0.86" CC="70400000"/>
						<SP ID="P307_SP00260" HPOS="965" VPOS="1467" WIDTH="11"/>
						<String ID="P307_ST00296" HPOS="976" VPOS="1439" WIDTH="4" HEIGHT="22" CONTENT="!" WC="0.87" CC="1"/>
						<SP ID="P307_SP00261" HPOS="980" VPOS="1467" WIDTH="12"/>
						<String ID="P307_ST00297" HPOS="992" VPOS="1437" WIDTH="10" HEIGHT="10" CONTENT='"' WC="0.49" CC="5"/>
					</TextLine>
					<TextLine ID="P307_TL00035" HPOS="152" VPOS="1473" WIDTH="850" HEIGHT="35">
						<String ID="P307_ST00298" HPOS="152" VPOS="1477" WIDTH="127" HEIGHT="31" CONTENT="although" WC="0.77" CC="73042000"/>
						<SP ID="P307_SP00262" HPOS="279" VPOS="1508" WIDTH="24"/>
						<String ID="P307_ST00299" HPOS="303" VPOS="1476" WIDTH="44" HEIGHT="23" CONTENT="the" WC="0.67" CC="450"/>
						<SP ID="P307_SP00263" HPOS="347" VPOS="1508" WIDTH="25"/>
						<String ID="P307_ST00300" HPOS="372" VPOS="1475" WIDTH="52" HEIGHT="24" CONTENT="real" WC="0.93" CC="2000"/>
						<SP ID="P307_SP00264" HPOS="424" VPOS="1508" WIDTH="25"/>
						<String ID="P307_ST00301" HPOS="449" VPOS="1482" WIDTH="89" HEIGHT="16" CONTENT="reason" WC="0.93" CC="000300"/>
						<SP ID="P307_SP00265" HPOS="538" VPOS="1508" WIDTH="21"/>
						<String ID="P307_ST00302" HPOS="559" VPOS="1473" WIDTH="40" HEIGHT="24" CONTENT="for" WC="0.93" CC="001"/>
						<SP ID="P307_SP00266" HPOS="599" VPOS="1508" WIDTH="23"/>
						<String ID="P307_ST00303" HPOS="622" VPOS="1473" WIDTH="44" HEIGHT="24" CONTENT="the" WC="0.66" CC="450"/>
						<SP ID="P307_SP00267" HPOS="666" VPOS="1508" WIDTH="28"/>
						<String ID="P307_ST00304" HPOS="694" VPOS="1475" WIDTH="163" HEIGHT="31" CONTENT="catastrophe" WC="0.85" CC="00006300060"/>
						<SP ID="P307_SP00268" HPOS="857" VPOS="1508" WIDTH="24"/>
						<String ID="P307_ST00305" HPOS="881" VPOS="1484" WIDTH="51" HEIGHT="16" CONTENT="was" WC="0.45" CC="096"/>
						<SP ID="P307_SP00269" HPOS="932" VPOS="1508" WIDTH="27"/>
						<String ID="P307_ST00306" HPOS="959" VPOS="1478" WIDTH="43" HEIGHT="23" CONTENT="the" WC="0.62" CC="640"/>
					</TextLine>
					<TextLine ID="P307_TL00036" HPOS="152" VPOS="1513" WIDTH="850" HEIGHT="36">
						<String ID="P307_ST00307" HPOS="152" VPOS="1517" WIDTH="147" HEIGHT="32" CONTENT="parsimony" WC="0.88" CC="013600000"/>
						<SP ID="P307_SP00270" HPOS="299" VPOS="1549" WIDTH="9"/>
						<String ID="P307_ST00308" HPOS="308" VPOS="1515" WIDTH="27" HEIGHT="23" CONTENT="of" WC="0.75" CC="04"/>
						<SP ID="P307_SP00271" HPOS="335" VPOS="1549" WIDTH="13"/>
						<String ID="P307_ST00309" HPOS="348" VPOS="1515" WIDTH="43" HEIGHT="23" CONTENT="the" WC="0.54" CC="570"/>
						<SP ID="P307_SP00272" HPOS="391" VPOS="1549" WIDTH="9"/>
						<String ID="P307_ST00310" HPOS="400" VPOS="1515" WIDTH="128" HEIGHT="23" CONTENT="ministers" WC="0.58" CC="006805707"/>
						<SP ID="P307_SP00273" HPOS="528" VPOS="1549" WIDTH="10"/>
						<String ID="P307_ST00311" HPOS="538" VPOS="1513" WIDTH="57" HEIGHT="24" CONTENT="who" WC="0.80" CC="050"/>
						<SP ID="P307_SP00274" HPOS="595" VPOS="1549" WIDTH="9"/>
						<String ID="P307_ST00312" HPOS="604" VPOS="1513" WIDTH="49" HEIGHT="24" CONTENT="had" WC="0.86" CC="400"/>
						<SP ID="P307_SP00275" HPOS="653" VPOS="1549" WIDTH="9"/>
						<String ID="P307_ST00313" HPOS="662" VPOS="1515" WIDTH="142" HEIGHT="23" CONTENT="counselled" WC="0.84" CC="0005600300"/>
						<SP ID="P307_SP00276" HPOS="804" VPOS="1549" WIDTH="11"/>
						<String ID="P307_ST00314" HPOS="815" VPOS="1516" WIDTH="44" HEIGHT="23" CONTENT="the" WC="0.96" CC="010"/>
						<SP ID="P307_SP00277" HPOS="859" VPOS="1549" WIDTH="11"/>
						<String ID="P307_ST00315" HPOS="870" VPOS="1516" WIDTH="87" HEIGHT="33" CONTENT="laying" WC="0.84" CC="600030"/>
						<SP ID="P307_SP00278" HPOS="957" VPOS="1549" WIDTH="12"/>
						<String ID="P307_ST00316" HPOS="969" VPOS="1526" WIDTH="33" HEIGHT="23" CONTENT="up" WC="0.53" CC="09"/>
					</TextLine>
					<TextLine ID="P307_TL00037" HPOS="152" VPOS="1553" WIDTH="850" HEIGHT="35">
						<String ID="P307_ST00317" HPOS="152" VPOS="1557" WIDTH="27" HEIGHT="24" CONTENT="of" WC="0.75" CC="40"/>
						<SP ID="P307_SP00279" HPOS="179" VPOS="1581" WIDTH="19"/>
						<String ID="P307_ST00318" HPOS="198" VPOS="1557" WIDTH="57" HEIGHT="23" CONTENT="first" WC="0.81" CC="11006"/>
						<SP ID="P307_SP00280" HPOS="255" VPOS="1581" WIDTH="17"/>
						<String ID="P307_ST00319" HPOS="272" VPOS="1555" WIDTH="51" HEIGHT="24" CONTENT="and" WC="1.00" CC="000"/>
						<SP ID="P307_SP00281" HPOS="323" VPOS="1581" WIDTH="20"/>
						<String ID="P307_ST00320" HPOS="343" VPOS="1554" WIDTH="92" HEIGHT="24" CONTENT="second" WC="0.92" CC="400000"/>
						<SP ID="P307_SP00282" HPOS="435" VPOS="1581" WIDTH="21"/>
						<String ID="P307_ST00321" HPOS="456" VPOS="1555" WIDTH="56" HEIGHT="22" CONTENT="rate" WC="0.51" CC="5930"/>
						<SP ID="P307_SP00283" HPOS="512" VPOS="1581" WIDTH="20"/>
						<String ID="P307_ST00322" HPOS="532" VPOS="1553" WIDTH="76" HEIGHT="32" CONTENT="ships," WC="0.68" CC="634050"/>
						<SP ID="P307_SP00284" HPOS="608" VPOS="1585" WIDTH="14"/>
						<String ID="P307_ST00323" HPOS="622" VPOS="1554" WIDTH="52" HEIGHT="23" CONTENT="and" WC="1.00" CC="000"/>
						<SP ID="P307_SP00285" HPOS="674" VPOS="1585" WIDTH="20"/>
						<String ID="P307_ST00324" HPOS="694" VPOS="1554" WIDTH="44" HEIGHT="24" CONTENT="the" WC="0.77" CC="060"/>
						<SP ID="P307_SP00286" HPOS="738" VPOS="1585" WIDTH="18"/>
						<String ID="P307_ST00325" HPOS="756" VPOS="1556" WIDTH="119" HEIGHT="32" CONTENT="carrying" WC="0.73" CC="09030070"/>
						<SP ID="P307_SP00287" HPOS="875" VPOS="1588" WIDTH="14"/>
						<String ID="P307_ST00326" HPOS="889" VPOS="1564" WIDTH="33" HEIGHT="16" CONTENT="on" WC="0.56" CC="08"/>
						<SP ID="P307_SP00288" HPOS="922" VPOS="1588" WIDTH="20"/>
						<String ID="P307_ST00327" HPOS="942" VPOS="1557" WIDTH="27" HEIGHT="24" CONTENT="of" WC="0.70" CC="60"/>
						<SP ID="P307_SP00289" HPOS="969" VPOS="1588" WIDTH="18"/>
						<String ID="P307_ST00328" HPOS="987" VPOS="1566" WIDTH="15" HEIGHT="15" CONTENT="a" WC="1.00" CC="0"/>
					</TextLine>
					<TextLine ID="P307_TL00038" HPOS="152" VPOS="1594" WIDTH="849" HEIGHT="33">
						<String ID="P307_ST00329" HPOS="152" VPOS="1596" WIDTH="132" HEIGHT="25" CONTENT="defensive" WC="0.77" CC="007007050"/>
						<SP ID="P307_SP00290" HPOS="284" VPOS="1621" WIDTH="27"/>
						<String ID="P307_ST00330" HPOS="311" VPOS="1603" WIDTH="58" HEIGHT="15" CONTENT="war." WC="0.95" CC="0010"/>
						<SP ID="P307_SP00291" HPOS="369" VPOS="1621" WIDTH="38"/>
						<String ID="P307_ST00331" HPOS="407" VPOS="1594" WIDTH="74" HEIGHT="24" CONTENT="More" WC="0.96" CC="0010"/>
						<SP ID="P307_SP00292" HPOS="481" VPOS="1621" WIDTH="24"/>
						<String ID="P307_ST00332" HPOS="505" VPOS="1594" WIDTH="65" HEIGHT="22" CONTENT="than" WC="0.70" CC="2702"/>
						<SP ID="P307_SP00293" HPOS="570" VPOS="1621" WIDTH="24"/>
						<String ID="P307_ST00333" HPOS="594" VPOS="1594" WIDTH="52" HEIGHT="23" CONTENT="this" WC="0.97" CC="0010"/>
						<String ID="P307_ST00334" HPOS="658" VPOS="1603" WIDTH="4" HEIGHT="14" CONTENT=":" WC="0.38" CC="6"/>
						<SP ID="P307_SP00294" HPOS="662" VPOS="1621" WIDTH="31"/>
						<String ID="P307_ST00335" HPOS="693" VPOS="1594" WIDTH="145" HEIGHT="33" CONTENT="incapacity" WC="0.89" CC="0600000020"/>
						<SP ID="P307_SP00295" HPOS="838" VPOS="1627" WIDTH="24"/>
						<String ID="P307_ST00336" HPOS="862" VPOS="1596" WIDTH="51" HEIGHT="24" CONTENT="and" WC="1.00" CC="000"/>
						<SP ID="P307_SP00296" HPOS="913" VPOS="1627" WIDTH="24"/>
						<String ID="P307_ST00337" HPOS="937" VPOS="1605" WIDTH="64" HEIGHT="16" CONTENT="even" WC="0.69" CC="0408"/>
					</TextLine>
					<TextLine ID="P307_TL00039" HPOS="152" VPOS="1633" WIDTH="847" HEIGHT="37">
						<String ID="P307_ST00338" HPOS="152" VPOS="1636" WIDTH="139" HEIGHT="25" CONTENT="cowardice" WC="0.76" CC="009910000"/>
						<SP ID="P307_SP00297" HPOS="291" VPOS="1661" WIDTH="14"/>
						<String ID="P307_ST00339" HPOS="305" VPOS="1643" WIDTH="65" HEIGHT="16" CONTENT="were" WC="0.75" CC="0090"/>
						<SP ID="P307_SP00298" HPOS="370" VPOS="1661" WIDTH="14"/>
						<String ID="P307_ST00340" HPOS="384" VPOS="1634" WIDTH="54" HEIGHT="24" CONTENT="rife." WC="0.90" CC="40000"/>
						<SP ID="P307_SP00299" HPOS="438" VPOS="1661" WIDTH="42"/>
						<String ID="P307_ST00341" HPOS="480" VPOS="1633" WIDTH="54" HEIGHT="24" CONTENT="One" WC="0.54" CC="085"/>
						<SP ID="P307_SP00300" HPOS="534" VPOS="1661" WIDTH="15"/>
						<String ID="P307_ST00342" HPOS="549" VPOS="1633" WIDTH="106" HEIGHT="32" CONTENT="English" WC="0.46" CC="2807477"/>
						<SP ID="P307_SP00301" HPOS="655" VPOS="1665" WIDTH="14"/>
						<String ID="P307_ST00343" HPOS="669" VPOS="1634" WIDTH="206" HEIGHT="32" CONTENT="soldier-captain" WC="0.64" CC="743930501007038"/>
						<SP ID="P307_SP00302" HPOS="875" VPOS="1666" WIDTH="12"/>
						<String ID="P307_ST00344" HPOS="887" VPOS="1638" WIDTH="112" HEIGHT="32" CONTENT="actually" WC="0.82" CC="00060340"/>
					</TextLine>
					<TextLine ID="P307_TL00040" HPOS="152" VPOS="1673" WIDTH="847" HEIGHT="34">
						<String ID="P307_ST00345" HPOS="152" VPOS="1680" WIDTH="70" HEIGHT="22" CONTENT="went" WC="0.77" CC="0009"/>
						<SP ID="P307_SP00303" HPOS="222" VPOS="1702" WIDTH="20"/>
						<String ID="P307_ST00346" HPOS="242" VPOS="1676" WIDTH="56" HEIGHT="24" CONTENT="into" WC="0.53" CC="3753"/>
						<SP ID="P307_SP00304" HPOS="298" VPOS="1702" WIDTH="21"/>
						<String ID="P307_ST00347" HPOS="319" VPOS="1676" WIDTH="87" HEIGHT="23" CONTENT="action" WC="0.71" CC="901105"/>
						<SP ID="P307_SP00305" HPOS="406" VPOS="1702" WIDTH="18"/>
						<String ID="P307_ST00348" HPOS="424" VPOS="1673" WIDTH="64" HEIGHT="25" CONTENT="with" WC="0.96" CC="0001"/>
						<SP ID="P307_SP00306" HPOS="488" VPOS="1702" WIDTH="17"/>
						<String ID="P307_ST00349" HPOS="505" VPOS="1673" WIDTH="44" HEIGHT="25" CONTENT="the" WC="0.65" CC="540"/>
						<SP ID="P307_SP00307" HPOS="549" VPOS="1702" WIDTH="17"/>
						<String ID="P307_ST00350" HPOS="566" VPOS="1674" WIDTH="127" HEIGHT="31" CONTENT="tompions" WC="0.71" CC="60001085"/>
						<SP ID="P307_SP00308" HPOS="693" VPOS="1705" WIDTH="17"/>
						<String ID="P307_ST00351" HPOS="710" VPOS="1675" WIDTH="26" HEIGHT="23" CONTENT="in" WC="0.49" CC="28"/>
						<SP ID="P307_SP00309" HPOS="736" VPOS="1705" WIDTH="17"/>
						<String ID="P307_ST00352" HPOS="753" VPOS="1674" WIDTH="39" HEIGHT="25" CONTENT="his" WC="0.76" CC="700"/>
						<SP ID="P307_SP00310" HPOS="792" VPOS="1705" WIDTH="15"/>
						<String ID="P307_ST00353" HPOS="807" VPOS="1683" WIDTH="52" HEIGHT="24" CONTENT="gun" WC="0.73" CC="008"/>
						<SP ID="P307_SP00311" HPOS="859" VPOS="1707" WIDTH="17"/>
						<String ID="P307_ST00354" HPOS="876" VPOS="1677" WIDTH="107" HEIGHT="25" CONTENT="muzzles" WC="0.84" CC="0000306"/>
						<String ID="P307_ST00355" HPOS="992" VPOS="1687" WIDTH="7" HEIGHT="20" CONTENT=";" WC="0.31" CC="6"/>
					</TextLine>
				</TextBlock>
			</PrintSpace>
		</Page>
	</Layout>
</alto>
