<?xml version="1.0" encoding="UTF-8"?>
<alto xmlns:xsi="http://www.w3.org/2001/XMLSchema-instance" xsi:noNamespaceSchemaLocation="http://www.bl.uk/schemas/alto/alto-1-4.xsd" xmlns:xlink="http://www.w3.org/1999/xlink">
	<Description>
		<MeasurementUnit>mm10</MeasurementUnit>
		<sourceImageInformation>
			<fileName>//head1/IN/2008-20/A0011615688/004507.jp2</fileName>
		</sourceImageInformation>
		<OCRProcessing ID="OCRPROCESSING_1">
			<preProcessingStep>
				<processingSoftware>
					<softwareCreator>CCS Content Conversion Specialists GmbH, Germany</softwareCreator>
					<softwareName>CCS docWORKS</softwareName>
					<softwareVersion>6.1-0.67</softwareVersion>
				</processingSoftware>
			</preProcessingStep>
			<ocrProcessingStep>
				<processingSoftware>
					<softwareCreator>ABBYY (BIT Software), Russia</softwareCreator>
					<softwareName>Finereader</softwareName>
				</processingSoftware>
			</ocrProcessingStep>
		</OCRProcessing>
	</Description>
	<Styles/>
	<Layout>
		<Page ID="P53" PHYSICAL_IMG_NR="53" HEIGHT="1823" WIDTH="1139" POSITION="Right">
			<TopMargin ID="P53_TM00001" HPOS="0" VPOS="0" WIDTH="1138" HEIGHT="0"/>
			<LeftMargin ID="P53_LM00001" HPOS="0" VPOS="0" WIDTH="0" HEIGHT="1822"/>
			<RightMargin ID="P53_RM00001" HPOS="1138" VPOS="0" WIDTH="0" HEIGHT="1822"/>
			<BottomMargin ID="P53_BM00001" HPOS="0" VPOS="1822" WIDTH="1138" HEIGHT="0"/>
			<PrintSpace ID="P53_PS00001" HPOS="0" VPOS="0" WIDTH="1138" HEIGHT="1822"/>
		</Page>
	</Layout>
</alto>
